--
-- PostgreSQL database dump
--

-- Dumped from database version 15.1
-- Dumped by pg_dump version 15.1

SET statement_timeout = 0;
SET lock_timeout = 0;
SET idle_in_transaction_session_timeout = 0;
SET client_encoding = 'UTF8';
SET standard_conforming_strings = on;
SELECT pg_catalog.set_config('search_path', '', false);
SET check_function_bodies = false;
SET xmloption = content;
SET client_min_messages = warning;
SET row_security = off;

SET default_tablespace = '';

SET default_table_access_method = heap;

--
-- Name: alembic_version; Type: TABLE; Schema: public; Owner: postgres
--

CREATE TABLE public.alembic_version (
    version_num character varying(32) NOT NULL
);


ALTER TABLE public.alembic_version OWNER TO postgres;

--
-- Name: cap_hold; Type: TABLE; Schema: public; Owner: postgres
--

CREATE TABLE public.cap_hold (
    id integer NOT NULL,
    team_id integer,
    player_id integer,
    season integer,
    caphold numeric,
    reason character varying(20),
    note character varying(200),
    effective_date timestamp without time zone,
    date_updated timestamp without time zone,
    associated_transaction_id bigint
);


ALTER TABLE public.cap_hold OWNER TO postgres;

--
-- Name: cap_hold_id_seq; Type: SEQUENCE; Schema: public; Owner: postgres
--

CREATE SEQUENCE public.cap_hold_id_seq
    AS integer
    START WITH 1
    INCREMENT BY 1
    NO MINVALUE
    NO MAXVALUE
    CACHE 1;


ALTER TABLE public.cap_hold_id_seq OWNER TO postgres;

--
-- Name: cap_hold_id_seq; Type: SEQUENCE OWNED BY; Schema: public; Owner: postgres
--

ALTER SEQUENCE public.cap_hold_id_seq OWNED BY public.cap_hold.id;


--
-- Name: comments; Type: TABLE; Schema: public; Owner: postgres
--

CREATE TABLE public.comments (
    id integer NOT NULL,
    name character varying(20),
    comment character varying(1000)
);


ALTER TABLE public.comments OWNER TO postgres;

--
-- Name: comments_id_seq; Type: SEQUENCE; Schema: public; Owner: postgres
--

CREATE SEQUENCE public.comments_id_seq
    AS integer
    START WITH 1
    INCREMENT BY 1
    NO MINVALUE
    NO MAXVALUE
    CACHE 1;


ALTER TABLE public.comments_id_seq OWNER TO postgres;

--
-- Name: comments_id_seq; Type: SEQUENCE OWNED BY; Schema: public; Owner: postgres
--

ALTER SEQUENCE public.comments_id_seq OWNED BY public.comments.id;


--
-- Name: data_update_log; Type: TABLE; Schema: public; Owner: postgres
--

CREATE TABLE public.data_update_log (
    id integer NOT NULL,
    "lastPlayerUpdateDate" date,
    "lastNFLStateUpdateDate" date,
    "lastOwnerUpdateDate" date,
    "lastRosterUpdateDate" date,
    "lastTransactionUpdateDate" date
);


ALTER TABLE public.data_update_log OWNER TO postgres;

--
-- Name: data_update_log_id_seq; Type: SEQUENCE; Schema: public; Owner: postgres
--

CREATE SEQUENCE public.data_update_log_id_seq
    AS integer
    START WITH 1
    INCREMENT BY 1
    NO MINVALUE
    NO MAXVALUE
    CACHE 1;


ALTER TABLE public.data_update_log_id_seq OWNER TO postgres;

--
-- Name: data_update_log_id_seq; Type: SEQUENCE OWNED BY; Schema: public; Owner: postgres
--

ALTER SEQUENCE public.data_update_log_id_seq OWNED BY public.data_update_log.id;


--
-- Name: error_log; Type: TABLE; Schema: public; Owner: postgres
--

CREATE TABLE public.error_log (
    id integer NOT NULL,
    transaction_id bigint,
    roster_player_id integer,
    player_id integer,
    cap_hold_id integer,
    error_description character varying(20),
    error_notes character varying(200),
    error_date timestamp without time zone,
    roster_id integer
);


ALTER TABLE public.error_log OWNER TO postgres;

--
-- Name: error_log_id_seq; Type: SEQUENCE; Schema: public; Owner: postgres
--

CREATE SEQUENCE public.error_log_id_seq
    AS integer
    START WITH 1
    INCREMENT BY 1
    NO MINVALUE
    NO MAXVALUE
    CACHE 1;


ALTER TABLE public.error_log_id_seq OWNER TO postgres;

--
-- Name: error_log_id_seq; Type: SEQUENCE OWNED BY; Schema: public; Owner: postgres
--

ALTER SEQUENCE public.error_log_id_seq OWNED BY public.error_log.id;


--
-- Name: owners; Type: TABLE; Schema: public; Owner: postgres
--

CREATE TABLE public.owners (
    id character varying(20) NOT NULL,
    display_name character varying(50),
    teamname character varying(50),
    date_updated timestamp without time zone,
    avatar character varying,
    user_id integer
);


ALTER TABLE public.owners OWNER TO postgres;

--
-- Name: player; Type: TABLE; Schema: public; Owner: postgres
--

CREATE TABLE public.player (
    id integer NOT NULL,
    full_name character varying(50) NOT NULL,
    last_name character varying(20),
    first_name character varying(20),
    search_full_name character varying(50),
    search_last_name character varying(20),
    search_first_name character varying(20),
    "position" character varying(20),
    status character varying(50),
    team character varying(20)
);


ALTER TABLE public.player OWNER TO postgres;

--
-- Name: player_id_seq; Type: SEQUENCE; Schema: public; Owner: postgres
--

CREATE SEQUENCE public.player_id_seq
    AS integer
    START WITH 1
    INCREMENT BY 1
    NO MINVALUE
    NO MAXVALUE
    CACHE 1;


ALTER TABLE public.player_id_seq OWNER TO postgres;

--
-- Name: player_id_seq; Type: SEQUENCE OWNED BY; Schema: public; Owner: postgres
--

ALTER SEQUENCE public.player_id_seq OWNED BY public.player.id;


--
-- Name: posts; Type: TABLE; Schema: public; Owner: postgres
--

CREATE TABLE public.posts (
    id integer NOT NULL,
    title character varying(255),
    content text,
    date_posted timestamp without time zone,
    slug character varying(255),
    poster_id integer
);


ALTER TABLE public.posts OWNER TO postgres;

--
-- Name: posts_id_seq; Type: SEQUENCE; Schema: public; Owner: postgres
--

CREATE SEQUENCE public.posts_id_seq
    AS integer
    START WITH 1
    INCREMENT BY 1
    NO MINVALUE
    NO MAXVALUE
    CACHE 1;


ALTER TABLE public.posts_id_seq OWNER TO postgres;

--
-- Name: posts_id_seq; Type: SEQUENCE OWNED BY; Schema: public; Owner: postgres
--

ALTER SEQUENCE public.posts_id_seq OWNED BY public.posts.id;


--
-- Name: roster_player; Type: TABLE; Schema: public; Owner: postgres
--

CREATE TABLE public.roster_player (
    id integer NOT NULL,
    player_id integer,
    team_id integer,
    season integer,
    salary numeric,
    unadjusted_salary numeric,
    date_added timestamp without time zone,
    date_removed timestamp without time zone,
    date_updated timestamp without time zone,
    is_franchised boolean,
    is_ir boolean,
    open_transaction_id bigint,
    close_transaction_id bigint,
    note character varying(200),
    "is_Taxi" boolean
);


ALTER TABLE public.roster_player OWNER TO postgres;

--
-- Name: roster_player_id_seq; Type: SEQUENCE; Schema: public; Owner: postgres
--

CREATE SEQUENCE public.roster_player_id_seq
    AS integer
    START WITH 1
    INCREMENT BY 1
    NO MINVALUE
    NO MAXVALUE
    CACHE 1;


ALTER TABLE public.roster_player_id_seq OWNER TO postgres;

--
-- Name: roster_player_id_seq; Type: SEQUENCE OWNED BY; Schema: public; Owner: postgres
--

ALTER SEQUENCE public.roster_player_id_seq OWNED BY public.roster_player.id;


--
-- Name: team; Type: TABLE; Schema: public; Owner: postgres
--

CREATE TABLE public.team (
    id integer NOT NULL,
    owner_id character varying(20)
);


ALTER TABLE public.team OWNER TO postgres;

--
-- Name: team_id_seq; Type: SEQUENCE; Schema: public; Owner: postgres
--

CREATE SEQUENCE public.team_id_seq
    AS integer
    START WITH 1
    INCREMENT BY 1
    NO MINVALUE
    NO MAXVALUE
    CACHE 1;


ALTER TABLE public.team_id_seq OWNER TO postgres;

--
-- Name: team_id_seq; Type: SEQUENCE OWNED BY; Schema: public; Owner: postgres
--

ALTER SEQUENCE public.team_id_seq OWNED BY public.team.id;


--
-- Name: trade_transaction; Type: TABLE; Schema: public; Owner: postgres
--

CREATE TABLE public.trade_transaction (
    id integer NOT NULL,
    transaction_id bigint,
    roster_id integer,
    dropped_player_id integer,
    added_player_id integer,
    transaction_date timestamp without time zone
);


ALTER TABLE public.trade_transaction OWNER TO postgres;

--
-- Name: trade_transaction_id_seq; Type: SEQUENCE; Schema: public; Owner: postgres
--

CREATE SEQUENCE public.trade_transaction_id_seq
    AS integer
    START WITH 1
    INCREMENT BY 1
    NO MINVALUE
    NO MAXVALUE
    CACHE 1;


ALTER TABLE public.trade_transaction_id_seq OWNER TO postgres;

--
-- Name: trade_transaction_id_seq; Type: SEQUENCE OWNED BY; Schema: public; Owner: postgres
--

ALTER SEQUENCE public.trade_transaction_id_seq OWNED BY public.trade_transaction.id;


--
-- Name: transactions; Type: TABLE; Schema: public; Owner: postgres
--

CREATE TABLE public.transactions (
    id bigint NOT NULL,
    transaction_type character varying(20),
    roster_id integer,
    dropped_player_id integer,
    added_player_id integer,
    added_salary numeric,
    transaction_date timestamp without time zone
);


ALTER TABLE public.transactions OWNER TO postgres;

--
-- Name: transactions_id_seq; Type: SEQUENCE; Schema: public; Owner: postgres
--

CREATE SEQUENCE public.transactions_id_seq
    START WITH 1
    INCREMENT BY 1
    NO MINVALUE
    NO MAXVALUE
    CACHE 1;


ALTER TABLE public.transactions_id_seq OWNER TO postgres;

--
-- Name: transactions_id_seq; Type: SEQUENCE OWNED BY; Schema: public; Owner: postgres
--

ALTER SEQUENCE public.transactions_id_seq OWNED BY public.transactions.id;


--
-- Name: users; Type: TABLE; Schema: public; Owner: postgres
--

CREATE TABLE public.users (
    id integer NOT NULL,
    username character varying(20) NOT NULL,
    name character varying(200) NOT NULL,
    email character varying(120) NOT NULL,
    date_added timestamp without time zone,
    profile_pic character varying,
    password_hash character varying(128)
);


ALTER TABLE public.users OWNER TO postgres;

--
-- Name: users_id_seq; Type: SEQUENCE; Schema: public; Owner: postgres
--

CREATE SEQUENCE public.users_id_seq
    AS integer
    START WITH 1
    INCREMENT BY 1
    NO MINVALUE
    NO MAXVALUE
    CACHE 1;


ALTER TABLE public.users_id_seq OWNER TO postgres;

--
-- Name: users_id_seq; Type: SEQUENCE OWNED BY; Schema: public; Owner: postgres
--

ALTER SEQUENCE public.users_id_seq OWNED BY public.users.id;


--
-- Name: cap_hold id; Type: DEFAULT; Schema: public; Owner: postgres
--

ALTER TABLE ONLY public.cap_hold ALTER COLUMN id SET DEFAULT nextval('public.cap_hold_id_seq'::regclass);


--
-- Name: comments id; Type: DEFAULT; Schema: public; Owner: postgres
--

ALTER TABLE ONLY public.comments ALTER COLUMN id SET DEFAULT nextval('public.comments_id_seq'::regclass);


--
-- Name: data_update_log id; Type: DEFAULT; Schema: public; Owner: postgres
--

ALTER TABLE ONLY public.data_update_log ALTER COLUMN id SET DEFAULT nextval('public.data_update_log_id_seq'::regclass);


--
-- Name: error_log id; Type: DEFAULT; Schema: public; Owner: postgres
--

ALTER TABLE ONLY public.error_log ALTER COLUMN id SET DEFAULT nextval('public.error_log_id_seq'::regclass);


--
-- Name: player id; Type: DEFAULT; Schema: public; Owner: postgres
--

ALTER TABLE ONLY public.player ALTER COLUMN id SET DEFAULT nextval('public.player_id_seq'::regclass);


--
-- Name: posts id; Type: DEFAULT; Schema: public; Owner: postgres
--

ALTER TABLE ONLY public.posts ALTER COLUMN id SET DEFAULT nextval('public.posts_id_seq'::regclass);


--
-- Name: roster_player id; Type: DEFAULT; Schema: public; Owner: postgres
--

ALTER TABLE ONLY public.roster_player ALTER COLUMN id SET DEFAULT nextval('public.roster_player_id_seq'::regclass);


--
-- Name: team id; Type: DEFAULT; Schema: public; Owner: postgres
--

ALTER TABLE ONLY public.team ALTER COLUMN id SET DEFAULT nextval('public.team_id_seq'::regclass);


--
-- Name: trade_transaction id; Type: DEFAULT; Schema: public; Owner: postgres
--

ALTER TABLE ONLY public.trade_transaction ALTER COLUMN id SET DEFAULT nextval('public.trade_transaction_id_seq'::regclass);


--
-- Name: transactions id; Type: DEFAULT; Schema: public; Owner: postgres
--

ALTER TABLE ONLY public.transactions ALTER COLUMN id SET DEFAULT nextval('public.transactions_id_seq'::regclass);


--
-- Name: users id; Type: DEFAULT; Schema: public; Owner: postgres
--

ALTER TABLE ONLY public.users ALTER COLUMN id SET DEFAULT nextval('public.users_id_seq'::regclass);


--
-- Data for Name: alembic_version; Type: TABLE DATA; Schema: public; Owner: postgres
--

COPY public.alembic_version (version_num) FROM stdin;
f34732a2e96c
\.


--
-- Data for Name: cap_hold; Type: TABLE DATA; Schema: public; Owner: postgres
--

COPY public.cap_hold (id, team_id, player_id, season, caphold, reason, note, effective_date, date_updated, associated_transaction_id) FROM stdin;
1495	1	8131	2022	1.5	Dropped by owner	changed back to original after testing. 	2022-10-26 00:00:00	2023-01-30 18:55:02.624387	890436941936881664
1415	6	4892	2022	0.3	Dropped by owner	\N	2022-09-07 20:35:45.571	2023-01-30 18:55:00.118444	873339808729251840
1416	6	6951	2022	0.3	Dropped by owner	\N	2022-09-14 09:06:05.505	2023-01-30 18:55:00.147454	875627093252284416
1417	1	5857	2022	2.4	Dropped by owner	\N	2022-09-14 09:06:05.505	2023-01-30 18:55:00.16888	875580752425807872
1418	1	650	2022	0.3	Dropped by owner	\N	2022-09-14 09:06:05.505	2023-01-30 18:55:00.189244	875537479799885824
1419	1	3214	2022	1.5	Dropped by owner	\N	2022-09-14 09:06:05.505	2023-01-30 18:55:00.209712	875536744668426240
1420	3	367	2022	1.5	Dropped by owner	\N	2022-09-14 09:06:05.505	2023-01-30 18:55:00.227986	875527658275061760
1421	2	7527	2022	0.3	Dropped by owner	\N	2022-09-14 09:06:05.505	2023-01-30 18:55:00.253718	875417089022844928
1422	2	7568	2022	0.9	Dropped by owner	\N	2022-09-14 09:06:05.505	2023-01-30 18:55:00.283313	875416300288176128
1423	3	2378	2022	1.5	Dropped by owner	\N	2022-09-14 09:06:05.505	2023-01-30 18:55:00.312133	875379613575114752
1424	5	4993	2022	2.1	Dropped by owner	\N	2022-09-14 09:06:05.505	2023-01-30 18:55:00.341268	875373971149897728
1425	4	6814	2022	0.3	Dropped by owner	\N	2022-09-14 09:06:05.505	2023-01-30 18:55:00.363675	875193377745268736
1426	3	1476	2022	1.8	Dropped by owner	\N	2022-09-15 01:52:51.371	2023-01-30 18:55:00.59491	875956323777462272
1427	3	2391	2022	1.5	Dropped by owner	\N	2022-09-15 09:05:26.073	2023-01-30 18:55:00.620974	875974674335563776
1428	9	2431	2022	1.5	Dropped by owner	\N	2022-09-15 09:05:26.073	2023-01-30 18:55:00.645111	875954214390681600
1429	8	4227	2022	2.4	Dropped by owner	\N	2022-09-15 09:05:26.073	2023-01-30 18:55:00.704036	875844568866783232
1430	9	5052	2022	0.3	Dropped by owner	\N	2022-09-15 09:05:26.073	2023-01-30 18:55:00.725635	875768947335634944
1431	3	1386	2022	3.0	Dropped by owner	\N	2022-09-15 09:05:26.073	2023-01-30 18:55:00.755729	875733682663624704
1432	8	4988	2022	3.0	Dropped by owner	\N	2022-09-16 03:10:32.2	2023-01-30 18:55:00.856837	876338260576903168
1433	6	4973	2022	0.9	Dropped by owner	\N	2022-09-16 09:05:32.438	2023-01-30 18:55:00.88952	876319100610383872
1434	8	8142	2022	1.5	Dropped by owner	\N	2022-09-17 09:05:21.211	2023-01-30 18:55:00.958979	876613752911540224
1435	3	4036	2022	0	Dropped by owner	\N	2022-09-17 09:05:21.211	2023-01-30 18:55:00.981831	876499316573913088
1436	3	7602	2022	0	Dropped by owner	\N	2022-09-22 09:05:40.833	2023-01-30 18:55:01.165716	878455307121352704
1437	2	2307	2022	0.3	Dropped by owner	\N	2022-09-22 09:05:40.833	2023-01-30 18:55:01.195023	878418729782931456
1438	8	5880	2022	0	Dropped by owner	\N	2022-09-22 09:05:40.833	2023-01-30 18:55:01.219557	878286481742053376
1439	2	3242	2022	0.9	Dropped by owner	\N	2022-09-23 09:05:50.629	2023-01-30 18:55:01.243027	878884939683475456
1440	2	6826	2022	1.5	Dropped by owner	\N	2022-09-23 09:05:50.629	2023-01-30 18:55:01.269721	878649679767027712
1441	6	2251	2022	0	Dropped by owner	\N	2022-09-28 09:05:52.543	2023-01-30 18:55:01.348425	880659381405184000
1442	1	8171	2022	0	Dropped by owner	\N	2022-09-28 09:05:52.543	2023-01-30 18:55:01.361635	880641141790564352
1443	1	4381	2022	4.5	Dropped by owner	\N	2022-09-28 09:05:52.543	2023-01-30 18:55:01.374904	880640768157679616
1444	8	4144	2022	3.9	Dropped by owner	\N	2022-09-28 09:05:52.543	2023-01-30 18:55:01.38899	880304027731591168
1445	1	6845	2022	1.5	Dropped by owner	\N	2022-09-29 09:05:24.492	2023-01-30 18:55:01.524197	881058625144188928
1446	5	830	2022	1.5	Dropped by owner	\N	2022-09-29 09:05:24.492	2023-01-30 18:55:01.546842	880817727592546304
1447	1	6824	2022	1.8	Dropped by owner	\N	2022-09-30 09:05:49.301	2023-01-30 18:55:01.563419	881427150648238080
1448	2	5549	2022	0	Dropped by owner	\N	2022-10-01 09:05:55.751	2023-01-30 18:55:01.5811	881671260802048000
1449	1	4197	2022	0	Dropped by owner	\N	2022-10-01 09:05:55.751	2023-01-30 18:55:01.593885	881548198144270336
1450	5	1535	2022	1.5	Dropped by owner	\N	2022-10-05 01:18:42.876	2023-01-30 18:55:01.615143	883195489078824960
1451	5	5248	2022	1.8	Dropped by owner	\N	2022-10-05 01:51:11.649	2023-01-30 18:55:01.628057	883203662825213952
1452	6	3161	2022	1.8	Dropped by owner	\N	2022-10-05 09:06:09.384	2023-01-30 18:55:01.656174	883213950744100864
1453	4	1433	2022	0.3	Dropped by owner	\N	2022-10-05 09:06:09.384	2023-01-30 18:55:01.667701	883206854656983040
1454	4	4080	2022	0	Dropped by owner	\N	2022-10-05 09:06:09.384	2023-01-30 18:55:01.681064	883193979100053504
1455	2	5970	2022	0	Dropped by owner	\N	2022-10-05 09:06:09.384	2023-01-30 18:55:01.693896	883186845578768384
1456	3	1067	2022	2.4	Dropped by owner	\N	2022-10-05 09:06:09.384	2023-01-30 18:55:01.703585	883166338523353088
1457	5	2306	2022	1.5	Dropped by owner	\N	2022-10-05 09:06:09.384	2023-01-30 18:55:01.721586	883114336913141760
1458	5	5122	2022	1.5	Dropped by owner	\N	2022-10-05 09:06:09.384	2023-01-30 18:55:01.733507	883112787852025856
1459	9	17	2022	0.3	Dropped by owner	\N	2022-10-06 09:06:00.778	2023-01-30 18:55:01.853256	883500344024526848
1460	5	1737	2022	0	Dropped by owner	\N	2022-10-06 09:06:00.778	2023-01-30 18:55:01.861615	883356719315644416
1461	8	4195	2022	0	Dropped by owner	\N	2022-10-08 09:06:01.273	2023-01-30 18:55:01.886504	884227788306087936
1462	2	8258	2022	0.3	Dropped by owner	\N	2022-10-12 09:05:38.466	2023-01-30 18:55:01.907585	885760777980825600
1463	12	5086	2022	0.6	Dropped by owner	\N	2022-10-12 09:05:38.466	2023-01-30 18:55:01.917811	885753796352049152
1464	6	8225	2022	0	Dropped by owner	\N	2022-10-12 09:05:38.466	2023-01-30 18:55:01.930829	885739085342466048
1465	3	8408	2022	0.3	Dropped by owner	\N	2022-10-12 09:05:38.466	2023-01-30 18:55:01.940804	885730576177586176
1466	8	49	2022	0	Dropped by owner	\N	2022-10-12 09:05:38.466	2023-01-30 18:55:01.953201	885641697047097344
1467	5	8135	2022	3.0	Dropped by owner	\N	2022-10-12 09:05:38.466	2023-01-30 18:55:01.962811	885517767561011200
1468	4	59	2022	0	Dropped by owner	\N	2022-10-13 09:05:47.537	2023-01-30 18:55:02.122939	886101390672580608
1469	2	4951	2022	0.6	Dropped by owner	\N	2022-10-14 09:05:57.014	2023-01-30 18:55:02.138154	886314013397704704
1470	5	928	2022	0.6	Dropped by owner	\N	2022-10-14 09:05:57.014	2023-01-30 18:55:02.147905	886250253630746624
1471	6	4958	2022	0	Dropped by owner	\N	2022-10-14 09:05:57.014	2023-01-30 18:55:02.161665	885876543610634240
1472	7	5230	2022	1.8	Dropped by owner	\N	2022-10-15 09:06:06.089	2023-01-30 18:55:02.171631	886739045731229696
1473	8	5272	2022	0	Dropped by owner	\N	2022-10-15 09:06:06.089	2023-01-30 18:55:02.1828	886718538851909632
1474	4	5010	2022	0.6	Dropped by owner	\N	2022-10-15 09:06:06.089	2023-01-30 18:55:02.199554	886637215479046144
1475	8	3214	2022	0	Dropped by owner	\N	2022-10-16 09:05:15.374	2023-01-30 18:55:02.217103	887063775168352256
1476	1	4177	2022	0.6	Dropped by owner	\N	2022-10-19 09:05:43.054	2023-01-30 18:55:02.229048	888298311814287360
1477	6	6931	2022	0	Dropped by owner	\N	2022-10-19 09:05:43.054	2023-01-30 18:55:02.245039	888272261751271424
1478	8	6126	2022	1.8	Dropped by owner	\N	2022-10-19 09:05:43.054	2023-01-30 18:55:02.258715	888176348768854016
1479	3	3664	2022	1.8	Dropped by owner	\N	2022-10-19 09:05:43.054	2023-01-30 18:55:02.271159	888153491636637696
1480	4	4195	2022	0	Dropped by owner	\N	2022-10-19 09:05:43.054	2023-01-30 18:55:02.280129	888088255885824000
1481	9	8118	2022	2.4	Dropped by owner	\N	2022-10-19 09:05:43.054	2023-01-30 18:55:02.291027	887754683496923136
1482	5	4197	2022	0.3	Dropped by owner	\N	2022-10-20 09:05:28.085	2023-01-30 18:55:02.449305	888424688198721536
1483	2	5284	2022	5.1	Dropped by owner	\N	2022-10-21 09:06:14.699	2023-01-30 18:55:02.464865	889032975034433536
1484	8	1837	2022	0	Dropped by owner	\N	2022-10-21 09:06:14.699	2023-01-30 18:55:02.47373	889020554014097408
1485	12	6938	2022	6.3	Dropped by owner	\N	2022-10-21 09:06:14.699	2023-01-30 18:55:02.4867	888855367260631040
1486	3	7045	2022	0	Dropped by owner	\N	2022-10-21 09:06:14.699	2023-01-30 18:55:02.498237	888798395073130496
1487	2	5086	2022	2.4	Dropped by owner	\N	2022-10-22 11:29:16.874	2023-01-30 18:55:02.53431	889509736918441984
1488	1	5347	2022	2.1	Dropped by owner	\N	2022-10-23 09:05:25.081	2023-01-30 18:55:02.547728	889755564203454464
1489	1	5133	2022	0.6	Dropped by owner	\N	2022-10-23 09:05:25.081	2023-01-30 18:55:02.562211	889734821767835648
1490	3	5209	2022	0	Dropped by owner	\N	2022-10-23 09:05:25.081	2023-01-30 18:55:02.571753	889168309017513984
1491	8	4985	2022	1.5	Dropped by owner	\N	2022-10-25 21:53:59.83	2023-01-30 18:55:02.580108	890754115427426304
1492	3	8134	2022	0	Dropped by owner	\N	2022-10-26 05:10:54.215	2023-01-30 18:55:02.587674	890864066527207424
1493	12	650	2022	0	Dropped by owner	\N	2022-10-26 09:05:36.136	2023-01-30 18:55:02.604425	890732765413314560
1494	9	5110	2022	1.5	Dropped by owner	\N	2022-10-26 09:05:36.136	2023-01-30 18:55:02.612792	890659519695343616
1496	1	8225	2022	0	Dropped by owner	\N	2022-10-26 09:05:36.136	2023-01-30 18:55:02.635382	890436470811602944
1497	8	7002	2022	0	Dropped by owner	\N	2022-10-26 09:05:36.136	2023-01-30 18:55:02.646932	890267004127420416
1498	2	1433	2022	0	Dropped by owner	\N	2022-10-27 09:05:43.3	2023-01-30 18:55:02.786609	890926312011784192
1499	7	8117	2022	0.3	Dropped by owner	\N	2022-10-28 09:05:23.416	2023-01-30 18:55:02.79991	891510730837655552
1500	7	6843	2022	1.5	Dropped by owner	\N	2022-10-28 09:05:23.416	2023-01-30 18:55:02.809383	891510431859437568
1501	10	956	2022	0	Dropped by owner	\N	2022-11-02 09:05:55.395	2023-01-30 18:55:02.826675	893381544994258944
1502	11	8153	2022	1.5	Dropped by owner	\N	2022-11-02 09:05:55.395	2023-01-30 18:55:02.83793	893362832832446464
1503	11	4958	2022	0.3	Dropped by owner	\N	2022-11-02 09:05:55.395	2023-01-30 18:55:02.845921	893361375215378432
1504	1	8255	2022	0	Dropped by owner	\N	2022-11-02 09:05:55.395	2023-01-30 18:55:02.855979	893352871603695616
1505	6	8111	2022	0	Dropped by owner	\N	2022-11-02 09:05:55.395	2023-01-30 18:55:02.867447	893347508598861824
1506	8	4195	2022	0.3	Dropped by owner	\N	2022-11-02 09:05:55.395	2023-01-30 18:55:02.885071	893344158365097984
1507	3	4602	2022	0	Dropped by owner	\N	2022-11-02 09:05:55.395	2023-01-30 18:55:02.896587	893320202358595584
1508	8	6126	2022	0.3	Dropped by owner	\N	2022-11-02 09:05:55.395	2023-01-30 18:55:02.906714	893288130181066752
1509	10	1049	2022	2.4	Dropped by owner	\N	2022-11-03 09:06:03.959	2023-01-30 18:55:03.031189	893462705015586816
1510	3	8134	2022	0.6	Dropped by owner	\N	2022-11-05 09:05:36.806	2023-01-30 18:55:03.046037	894233737414586368
1511	5	1476	2022	1.5	Dropped by owner	\N	2022-11-06 00:31:51.87	2023-01-30 18:55:03.057175	894780110564114432
1512	12	5000	2022	1.8	Dropped by owner	\N	2022-11-06 10:05:43.686	2023-01-30 18:55:03.067153	894872111557087232
1513	6	8161	2022	0.3	Dropped by owner	\N	2022-11-06 10:05:43.686	2023-01-30 18:55:03.090127	894656395524366336
1514	1	7583	2022	0	Dropped by owner	\N	2022-11-09 10:05:51.859	2023-01-30 18:55:03.101729	895944264952172544
1515	6	6849	2022	0	Dropped by owner	\N	2022-11-09 10:05:51.859	2023-01-30 18:55:03.11259	895918625247178752
1516	3	7891	2022	1.2	Dropped by owner	\N	2022-11-09 10:05:51.859	2023-01-30 18:55:03.124533	895905287066959872
1517	2	5119	2022	0	Dropped by owner	\N	2022-11-09 10:05:51.859	2023-01-30 18:55:03.135021	895877857375612928
1518	6	7839	2022	1.5	Dropped by owner	\N	2022-11-09 10:05:51.859	2023-01-30 18:55:03.142999	895743406280908800
1519	11	6694	2022	1.5	Dropped by owner	\N	2022-11-09 10:05:51.859	2023-01-30 18:55:03.157619	895541952144662528
1520	8	6996	2022	0.6	Dropped by owner	\N	2022-11-09 10:05:51.859	2023-01-30 18:55:03.175181	895453234276278272
1521	6	8161	2022	0	Dropped by owner	\N	2022-11-10 10:05:57.4	2023-01-30 18:55:03.29366	896294316807487488
1522	6	4973	2022	0.6	Dropped by owner	\N	2022-11-10 10:05:57.4	2023-01-30 18:55:03.310028	896293327237070848
1523	10	1945	2022	1.8	Dropped by owner	\N	2022-11-10 10:05:57.4	2023-01-30 18:55:03.321427	896289557946060800
1524	9	1387	2022	0.9	Dropped by owner	\N	2022-11-10 10:05:57.4	2023-01-30 18:55:03.334448	896185718324572160
1525	2	2307	2022	0	Dropped by owner	\N	2022-11-10 10:05:57.4	2023-01-30 18:55:03.343418	896066029724282880
1526	6	8134	2022	0	Dropped by owner	\N	2022-11-12 10:05:44.964	2023-01-30 18:55:03.360402	897007006446329856
1527	12	8111	2022	0	Dropped by owner	\N	2022-11-12 10:05:44.964	2023-01-30 18:55:03.374936	896866113022136320
1528	1	96	2022	5.4	Dropped by owner	\N	2022-11-12 23:09:36.979	2023-01-30 18:55:03.382602	897296127190253568
1529	6	5995	2022	0	Dropped by owner	\N	2022-11-13 04:29:18.745	2023-01-30 18:55:03.391093	897376581348114432
1530	1	6290	2022	0	Dropped by owner	\N	2022-11-16 10:05:43.671	2023-01-30 18:55:03.410899	898480898008330240
1531	4	2747	2022	0	Dropped by owner	\N	2022-11-16 10:05:43.671	2023-01-30 18:55:03.429224	898376389231976448
1532	3	4602	2022	0	Dropped by owner	\N	2022-11-16 10:05:43.671	2023-01-30 18:55:03.442759	898320615893893120
1533	12	6886	2022	5.7	Dropped by owner	\N	2022-11-16 10:05:43.671	2023-01-30 18:55:03.455312	898311549792456704
1534	8	8168	2022	3.0	Dropped by owner	\N	2022-11-16 10:05:43.671	2023-01-30 18:55:03.469839	897990298620334080
1535	8	5133	2022	1.2	Dropped by owner	\N	2022-11-16 10:05:43.671	2023-01-30 18:55:03.480293	897894374166700032
1536	8	7551	2022	0.6	Dropped by owner	\N	2022-11-17 10:06:15.435	2023-01-30 18:55:03.610865	898675329521229824
1537	5	6083	2022	1.8	Dropped by owner	\N	2022-11-17 10:06:15.435	2023-01-30 18:55:03.627333	898608769678868480
1538	10	3976	2022	1.5	Dropped by owner	\N	2022-11-17 10:06:15.435	2023-01-30 18:55:03.636814	898565955016527872
1539	12	6820	2022	1.5	Dropped by owner	\N	2022-11-18 10:05:21.765	2023-01-30 18:55:03.660911	898669746227232768
1540	5	2161	2022	0.3	Dropped by owner	\N	2022-11-19 10:05:28.808	2023-01-30 18:55:03.673996	899327355938631680
1541	12	6951	2022	3.3	Dropped by owner	\N	2022-11-20 10:05:37.569	2023-01-30 18:55:03.683332	899942237788766208
1542	5	7066	2022	0.3	Dropped by owner	\N	2022-11-20 10:05:37.569	2023-01-30 18:55:03.694628	899837251595436032
1543	2	1825	2022	0.3	Dropped by owner	\N	2022-11-23 10:06:07.137	2023-01-30 18:55:03.707248	900996092752281600
1544	12	6820	2022	1.5	Dropped by owner	\N	2022-11-23 10:06:07.137	2023-01-30 18:55:03.715558	900966668342423552
1545	12	5985	2022	0.9	Dropped by owner	\N	2022-11-23 10:06:07.137	2023-01-30 18:55:03.728664	900965571397660672
1546	9	5000	2022	0	Dropped by owner	\N	2022-11-23 10:06:07.137	2023-01-30 18:55:03.741355	900868350316777472
1547	3	1234	2022	10.2	Dropped by owner	\N	2022-11-23 10:06:07.137	2023-01-30 18:55:03.751076	900867393969201152
1548	8	7538	2022	2.4	Dropped by owner	\N	2022-11-23 10:06:07.137	2023-01-30 18:55:03.762276	900859334232309760
1549	4	1433	2022	0.3	Dropped by owner	\N	2022-11-23 10:06:07.137	2023-01-30 18:55:03.773328	900167402296840192
1550	5	7567	2022	1.8	Dropped by owner	\N	2022-11-24 10:06:16.649	2023-01-30 18:55:03.897563	901120965537370112
1551	5	2750	2022	1.2	Dropped by owner	\N	2022-11-24 10:06:16.649	2023-01-30 18:55:03.914128	901120662905769984
1552	1	8255	2022	0.9	Dropped by owner	\N	2022-11-25 10:05:26.711	2023-01-30 18:55:03.927018	901607393430360064
1553	3	391	2022	1.8	Dropped by owner	\N	2022-11-25 10:05:26.711	2023-01-30 18:55:03.939501	901135464881516544
1554	2	7741	2022	0.9	Dropped by owner	\N	2022-11-27 10:05:42.646	2023-01-30 18:55:03.947806	902442791874170880
1555	3	6847	2022	1.2	Dropped by owner	\N	2022-11-27 10:05:42.646	2023-01-30 18:55:03.958507	902303374345728000
1556	10	8195	2022	0	Dropped by owner	\N	2022-11-29 18:01:57.56	2023-01-30 18:55:03.985978	903379296490500096
1557	3	3242	2022	0.6	Dropped by owner	\N	2022-11-30 10:06:11.053	2023-01-30 18:55:03.99599	903510102097756160
1558	3	2078	2022	0	Dropped by owner	\N	2022-11-30 10:06:11.053	2023-01-30 18:55:04.006517	903509919142178816
1559	11	650	2022	0.6	Dropped by owner	\N	2022-11-30 10:06:11.053	2023-01-30 18:55:04.017904	903464404748865536
1560	11	8131	2022	1.5	Dropped by owner	\N	2022-11-30 10:06:11.053	2023-01-30 18:55:04.029589	903464304580583424
1561	3	96	2022	0.9	Dropped by owner	\N	2022-11-30 10:06:11.053	2023-01-30 18:55:04.045585	903387558967558144
1562	2	2161	2022	0	Dropped by owner	\N	2022-11-30 10:06:11.053	2023-01-30 18:55:04.05798	903164340457562112
1563	8	7002	2022	1.2	Dropped by owner	\N	2022-12-02 10:05:26.845	2023-01-30 18:55:04.226216	904206709713829888
1564	5	4177	2022	0.9	Dropped by owner	\N	2022-12-02 10:05:26.845	2023-01-30 18:55:04.241266	903650936067620864
1565	8	7565	2022	1.2	Dropped by owner	\N	2022-12-04 10:05:45.119	2023-01-30 18:55:04.262683	904960347633582080
1566	2	1837	2022	0.9	Dropped by owner	\N	2022-12-07 10:06:07.514	2023-01-30 18:55:04.279161	906040863011028992
1567	8	8131	2022	0.6	Dropped by owner	\N	2022-12-07 10:06:07.514	2023-01-30 18:55:04.296179	906017482563887104
1568	10	2320	2022	9.9	Dropped by owner	\N	2022-12-07 10:06:07.514	2023-01-30 18:55:04.314733	905958368550776832
1569	9	8188	2022	0.9	Dropped by owner	\N	2022-12-07 10:06:07.514	2023-01-30 18:55:04.329065	905211715875282944
1570	5	5133	2022	0.6	Dropped by owner	\N	2022-12-07 10:06:07.514	2023-01-30 18:55:04.344968	903650725987749888
1571	10	5955	2022	1.8	Dropped by owner	\N	2022-12-08 01:18:24.69	2023-01-30 18:55:04.496451	906388236199411712
1572	1	4666	2022	0.9	Dropped by owner	\N	2022-12-08 10:06:15.918	2023-01-30 18:55:04.513548	906367354362200064
1573	1	7335	2022	0	Dropped by owner	\N	2022-12-08 10:06:15.918	2023-01-30 18:55:04.533097	906366910382600192
1574	5	1339	2022	3.3	Dropped by owner	\N	2022-12-08 10:06:15.918	2023-01-30 18:55:04.544845	906183850470875136
1575	5	1737	2022	0.9	Dropped by owner	\N	2022-12-08 10:06:15.918	2023-01-30 18:55:04.554813	906182458947796992
1576	4	6850	2022	0.6	Dropped by owner	\N	2022-12-09 10:05:25.831	2023-01-30 18:55:04.567047	906698630571028480
1577	9	4152	2022	0.3	Dropped by owner	\N	2022-12-09 10:05:25.831	2023-01-30 18:55:04.577537	906639691254939648
1578	9	3242	2022	0.3	Dropped by owner	\N	2022-12-11 10:05:39.76	2023-01-30 18:55:04.58729	907500915358175232
1579	6	5536	2022	0.6	Dropped by owner	\N	2022-12-14 10:06:08.532	2023-01-30 18:55:04.599936	908601384717557760
1580	6	4195	2022	0	Dropped by owner	\N	2022-12-14 10:06:08.532	2023-01-30 18:55:04.61054	908600074458865664
1581	2	7083	2022	0.6	Dropped by owner	\N	2022-12-14 10:06:08.532	2023-01-30 18:55:04.623002	908591876377063424
1582	2	7551	2022	0	Dropped by owner	\N	2022-12-14 10:06:08.532	2023-01-30 18:55:04.632803	908591594268184576
1583	12	5347	2022	5.1	Dropped by owner	\N	2022-12-14 10:06:08.532	2023-01-30 18:55:04.647174	908578403127554048
1584	12	8118	2022	1.5	Dropped by owner	\N	2022-12-14 10:06:08.532	2023-01-30 18:55:04.660188	908578081277861888
1585	8	5209	2022	1.2	Dropped by owner	\N	2022-12-14 10:06:08.532	2023-01-30 18:55:04.672052	908484974725079040
1586	9	3678	2022	0	Dropped by owner	\N	2022-12-15 10:06:17.727	2023-01-30 18:55:04.787391	908880801884704768
1587	2	8116	2022	0.3	Dropped by owner	\N	2022-12-15 10:06:17.727	2023-01-30 18:55:04.795166	908735630081916928
1588	4	8150	2022	0.6	Dropped by owner	\N	2022-12-16 10:05:25.116	2023-01-30 18:55:04.806753	909257133504532480
1589	6	8188	2022	0	Dropped by owner	\N	2022-12-18 10:05:38.811	2023-01-30 18:55:04.824455	909474782322843648
1590	12	4973	2022	1.2	Dropped by owner	\N	2022-12-20 19:31:49.687	2023-01-30 18:55:04.832539	911012057888145408
1591	8	3214	2022	0	Dropped by owner	\N	2022-12-21 10:06:06.473	2023-01-30 18:55:04.843766	910664153323409408
1592	2	4666	2022	0.6	Dropped by owner	\N	2022-12-21 10:06:06.473	2023-01-30 18:55:04.850885	910560054263463936
1593	2	49	2022	0	Dropped by owner	\N	2022-12-21 10:06:06.473	2023-01-30 18:55:04.865367	910557159954530304
1594	8	1387	2022	1.5	Dropped by owner	\N	2022-12-21 10:06:06.473	2023-01-30 18:55:04.875599	910344596843134976
1595	8	5119	2022	0.3	Dropped by owner	\N	2022-12-21 10:06:06.473	2023-01-30 18:55:04.886421	910343806560907264
1596	8	4227	2022	0.6	Dropped by owner	\N	2022-12-21 10:06:06.473	2023-01-30 18:55:04.89648	910343689032105984
1597	5	4036	2022	0.9	Dropped by owner	\N	2022-12-28 10:05:55.087	2023-01-30 18:55:05.031181	913671634480021504
1598	5	8111	2022	0	Dropped by owner	\N	2022-12-28 10:05:55.087	2023-01-30 18:55:05.04806	913669288404463616
1599	3	5089	2022	0.3	Dropped by owner	\N	2022-12-29 10:06:00.884	2023-01-30 18:55:05.180489	913877531198242816
1600	8	7538	2022	1.2	Dropped by owner	\N	2022-12-29 10:06:00.884	2023-01-30 18:55:05.193629	913848061766639616
\.


--
-- Data for Name: comments; Type: TABLE DATA; Schema: public; Owner: postgres
--

COPY public.comments (id, name, comment) FROM stdin;
\.


--
-- Data for Name: data_update_log; Type: TABLE DATA; Schema: public; Owner: postgres
--

COPY public.data_update_log (id, "lastPlayerUpdateDate", "lastNFLStateUpdateDate", "lastOwnerUpdateDate", "lastRosterUpdateDate", "lastTransactionUpdateDate") FROM stdin;
\.


--
-- Data for Name: error_log; Type: TABLE DATA; Schema: public; Owner: postgres
--

COPY public.error_log (id, transaction_id, roster_player_id, player_id, cap_hold_id, error_description, error_notes, error_date, roster_id) FROM stdin;
\.


--
-- Data for Name: owners; Type: TABLE DATA; Schema: public; Owner: postgres
--

COPY public.owners (id, display_name, teamname, date_updated, avatar, user_id) FROM stdin;
873775956610285568	zmalach	Team Mallard	2023-08-04 17:48:59.754545	https://sleepercdn.com/uploads/5f079aca810d21606917ef303292be87.jpg	\N
987180308653015040	CrozetDup	St. Louis Crows	2023-08-04 17:48:59.75766	https://sleepercdn.com/uploads/bc8ffce91ae7788a612a2ff8c4a1329e.jpg	\N
860042136979128320	rightofcenter77	Monarchs	2023-01-30 20:08:09.974084		\N
499807936168587264	EAGLEi	KnightHawks	2023-08-04 17:48:59.727789	https://sleepercdn.com/uploads/0465d61c7238180db8987ddcb663c74d.jpg	\N
741506726259523584	menty	Baskin Dobbins	2023-08-04 17:48:59.733938		\N
741517785796116480	Wotastic	Great Britton	2023-08-04 17:48:59.736141	https://sleepercdn.com/uploads/a35038904664ff0d447f3eba9c3a2398.jpg	\N
860010058744963072	skwichmer	Resident Stevil	2023-08-04 17:48:59.737791		\N
860010803301076992	JimmerzK	War Machine	2023-08-04 17:48:59.740409		\N
860011165475012608	HealthyScratch7	Healthy Scratch 	2023-08-04 17:48:59.743414	https://sleepercdn.com/uploads/4d0e47937afd5fe9ef576bfed07f2fcb.jpg	1
860019033666338816	AmmoMike	Hair Force Blue	2023-08-04 17:48:59.746841		\N
860214724221087744	RLTHAWKS	RLTHAWKS	2023-08-04 17:48:59.749266	https://sleepercdn.com/uploads/aa7814b9c2799b65c45ec8237a6e4864	\N
860373364768874496	werkmonsters	Werkmonsters	2023-08-04 17:48:59.751327		\N
860612709442498560	twichmer	Redskins	2023-08-04 17:48:59.75245		\N
\.


--
-- Data for Name: player; Type: TABLE DATA; Schema: public; Owner: postgres
--

COPY public.player (id, full_name, last_name, first_name, search_full_name, search_last_name, search_first_name, "position", status, team) FROM stdin;
7458	Isaiah Zuber	Zuber	Isaiah	isaiahzuber	zuber	isaiah	WR	Active	LV
5102	Daurice Fountain	Fountain	Daurice	dauricefountain	fountain	daurice	WR	Active	CHI
5823	Tristan Vizcaino	Vizcaino	Tristan	tristanvizcaino	vizcaino	tristan	K	Active	DAL
10869	Matt Landers	Landers	Matt	mattlanders	landers	matt	WR	Active	\N
11115	Terrell Bynum	Bynum	Terrell	terrellbynum	bynum	terrell	WR	Active	LAC
11245	Patrick Murtagh	Murtagh	Patrick	patrickmurtagh	murtagh	patrick	TE	Active	\N
11431	Isaiah Bowser	Bowser	Isaiah	isaiahbowser	bowser	isaiah	RB	Active	\N
11105	Shaquan Davis	Davis	Shaquan	shaquandavis	davis	shaquan	WR	Active	NO
11419	Kade Warner	Warner	Kade	kadewarner	warner	kade	WR	Active	\N
11320	Nikko Remigio	Remigio	Nikko	nikkoremigio	remigio	nikko	WR	Active	\N
11536	Milton Wright	Wright	Milton	miltonwright	wright	milton	WR	Active	\N
11508	Princeton Fant	Fant	Princeton	princetonfant	fant	princeton	TE	Active	DAL
11421	Ryan Miller	Miller	Ryan	ryanmiller	miller	ryan	WR	Active	TB
11249	Chris Smith	Smith	Chris	chrissmith	smith	chris	RB	Active	\N
11530	Nick Williams	Williams	Nick	nickwilliams	williams	nick	WR	Active	\N
5873	Riley Ridley	Ridley	Riley	rileyridley	ridley	riley	WR	Active	\N
7560	Pooka Williams	Williams	Pooka	pookawilliams	williams	pooka	RB	Active	\N
11070	Kazmeir Allen	Allen	Kazmeir	kazmeirallen	allen	kazmeir	WR	Active	WAS
11506	Jalen Cropper	Cropper	Jalen	jalencropper	cropper	jalen	WR	Active	DAL
10860	Malik Cunningham	Cunningham	Malik	malikcunningham	cunningham	malik	QB	Active	NE
11452	Jesse Matthews	Matthews	Jesse	jessematthews	matthews	jesse	WR	Inactive	HOU
11092	B.T. Potter	Potter	B.T.	btpotter	potter	bt	K	Active	\N
9499	Bryce Ford-Wheaton	Ford-Wheaton	Bryce	brycefordwheaton	fordwheaton	bryce	WR	Inactive	NYG
11114	Elijah Dotson	Dotson	Elijah	elijahdotson	dotson	elijah	RB	Active	LAC
902	Dwayne Harris	Harris	Dwayne	dwayneharris	harris	dwayne	WR	Inactive	\N
11056	Jared Wayne	Wayne	Jared	jaredwayne	wayne	jared	WR	Active	\N
110	Stephen Gostkowski	Gostkowski	Stephen	stephengostkowski	gostkowski	stephen	K	Inactive	\N
11113	Joel Wilson	Wilson	Joel	joelwilson	wilson	joel	TE	Active	BUF
11435	Emanuel Wilson	Wilson	Emanuel	emanuelwilson	wilson	emanuel	RB	Active	GB
10871	Luke Schoonmaker	Schoonmaker	Luke	lukeschoonmaker	schoonmaker	luke	TE	Active	DAL
8892	Keric Wheatfall	Wheatfall	Keric	kericwheatfall	wheatfall	keric	WR	Active	\N
7015	Jacob Breeland	Breeland	Jacob	jacobbreeland	breeland	jacob	TE	Active	\N
10863	A.T. Perry	Perry	A.T.	atperry	perry	at	WR	Active	NO
11528	Garett Maag	Maag	Garett	garettmaag	maag	garett	WR	Active	\N
11537	Wayne Taulapapa	Taulapapa	Wayne	waynetaulapapa	taulapapa	wayne	RB	Active	\N
11231	Christian Trahan	Trahan	Christian	christiantrahan	trahan	christian	TE	Active	\N
8665	Armani Rogers	Rogers	Armani	armanirogers	rogers	armani	TE	Inactive	WAS
8411	Devon Allen	Allen	Devon	devonallen	allen	devon	WR	Active	PHI
4146	Dede Westbrook	Westbrook	Dede	dedewestbrook	westbrook	dede	WR	Active	\N
6011	Gardner Minshew	Minshew	Gardner	gardnerminshew	minshew	gardner	QB	Active	IND
223	Larry Fitzgerald	Fitzgerald	Larry	larryfitzgerald	fitzgerald	larry	WR	Inactive	\N
4950	Christian Kirk	Kirk	Christian	christiankirk	kirk	christian	WR	Active	JAX
10864	Keylon Stokes	Stokes	Keylon	keylonstokes	stokes	keylon	WR	Active	\N
7565	Terrace Marshall	Marshall	Terrace	terracemarshall	marshall	terrace	WR	Active	CAR
10865	Travis Dye	Dye	Travis	travisdye	dye	travis	RB	Active	\N
6963	Patrick Taylor	Taylor	Patrick	patricktaylor	taylor	patrick	RB	Active	GB
8741	Jamal Pettigrew	Pettigrew	Jamal	jamalpettigrew	pettigrew	jamal	TE	Active	\N
973	Anthony Sherman	Sherman	Anthony	anthonysherman	sherman	anthony	RB	Injured Reserve	\N
8148	Jameson Williams	Williams	Jameson	jamesonwilliams	williams	jameson	WR	Active	DET
3340	Jerell Adams	Adams	Jerell	jerelladams	adams	jerell	TE	Active	\N
10866	Aidan O'Connell	O'Connell	Aidan	aidanoconnell	oconnell	aidan	QB	Active	LV
7848	Scooter Harrington	Harrington	Scooter	scooterharrington	harrington	scooter	TE	Active	\N
5133	Tyler Conklin	Conklin	Tyler	tylerconklin	conklin	tyler	TE	Active	NYJ
1794	David Fluellen	Fluellen	David	davidfluellen	fluellen	david	RB	Active	\N
954	Cam Newton	Newton	Cam	camnewton	newton	cam	QB	Active	\N
4040	JuJu Smith-Schuster	Smith-Schuster	JuJu	jujusmithschuster	smithschuster	juju	WR	Active	NE
8260	Gabe Brkic	Brkic	Gabe	gabebrkic	brkic	gabe	K	Active	\N
9506	Sean Tucker	Tucker	Sean	seantucker	tucker	sean	RB	Active	TB
10870	Deneric Prince	Prince	Deneric	denericprince	prince	deneric	RB	Active	KC
9486	Dontayvion Wicks	Wicks	Dontayvion	dontayvionwicks	wicks	dontayvion	WR	Active	GB
7624	Carson Williams	Williams	Carson	carsonwilliams	williams	carson	TE	Inactive	\N
10859	Sam LaPorta	LaPorta	Sam	samlaporta	laporta	sam	TE	Active	DET
10867	Jake Bobo	Bobo	Jake	jakebobo	bobo	jake	WR	Active	SEA
3239	Bronson Kaufusi	Kaufusi	Bronson	bronsonkaufusi	kaufusi	bronson	TE	Active	GB
8500	John FitzPatrick	FitzPatrick	John	johnfitzpatrick	fitzpatrick	john	TE	Active	ATL
3209	Devontae Booker	Booker	Devontae	devontaebooker	booker	devontae	RB	Active	\N
5870	Daniel Jones	Jones	Daniel	danieljones	jones	daniel	QB	Active	NYG
6820	Clyde Edwards-Helaire	Edwards-Helaire	Clyde	clydeedwardshelaire	edwardshelaire	clyde	RB	Active	KC
10861	Xazavian Valladay	Valladay	Xazavian	xazavianvalladay	valladay	xazavian	RB	Active	\N
421	Matthew Stafford	Stafford	Matthew	matthewstafford	stafford	matthew	QB	Active	LAR
7938	Hunter Kampmoyer	Kampmoyer	Hunter	hunterkampmoyer	kampmoyer	hunter	TE	Active	LAC
7135	Freddie Swain	Swain	Freddie	freddieswain	swain	freddie	WR	Active	DEN
5260	Vyncint Smith	Smith	Vyncint	vyncintsmith	smith	vyncint	WR	Active	IND
11284	Cody Chrest	Chrest	Cody	codychrest	chrest	cody	WR	Active	\N
11222	Marcus Cooper	Cooper	Marcus	marcuscooper	cooper	marcus	RB	Active	\N
11413	Ronnie Brown	Brown	Ronnie	ronniebrown	brown	ronnie	RB	Active	\N
11024	Grant DuBose	DuBose	Grant	grantdubose	dubose	grant	WR	Active	GB
11388	Nolan Henderson	Henderson	Nolan	nolanhenderson	henderson	nolan	QB	Active	\N
11438	Dallas Daniels	Daniels	Dallas	dallasdaniels	daniels	dallas	WR	Active	\N
11168	Xavier Smith	Smith	Xavier	xaviersmith	smith	xavier	WR	Active	LAR
11540	La'Michael Pettway	Pettway	La'Michael	lamichaelpettway	pettway	lamichael	TE	Inactive	\N
11089	Jordan Byrd	Byrd	Jordan	jordanbyrd	byrd	jordan	WR	Active	\N
11418	Taye Barber	Barber	Taye	tayebarber	barber	taye	WR	Active	\N
11447	Kris Leach	Leach	Kris	krisleach	leach	kris	TE	Active	\N
11523	Cody Chrest	Chrest	Cody	codychrest	chrest	cody	WR	Active	\N
11491	Austin Aune	Aune	Austin	austinaune	aune	austin	QB	Active	\N
11136	Oliver Martin	Martin	Oliver	olivermartin	martin	oliver	WR	Active	\N
11082	Ben Sims	Sims	Ben	bensims	sims	ben	TE	Active	GB
11111	Sy Barnett	Barnett	Sy	sybarnett	barnett	sy	WR	Active	\N
7062	Rodrigo Blankenship	Blankenship	Rodrigo	rodrigoblankenship	blankenship	rodrigo	K	Active	\N
11192	Malik Flowers	Flowers	Malik	malikflowers	flowers	malik	WR	Active	\N
5000	Chase Edmonds	Edmonds	Chase	chaseedmonds	edmonds	chase	RB	Active	TB
11415	Tanner Taula	Taula	Tanner	tannertaula	taula	tanner	TE	Active	TB
11068	Mitchell Tinsley	Tinsley	Mitchell	mitchelltinsley	tinsley	mitchell	WR	Active	WAS
11467	John Samuel Shenker	Shenker	John Samuel	johnsamuelshenker	shenker	johnsamuel	TE	Active	LV
1971	Donte Moncrief	Moncrief	Donte	dontemoncrief	moncrief	donte	WR	Active	\N
11065	Adrian Martinez	Martinez	Adrian	adrianmartinez	martinez	adrian	QB	Active	\N
9498	Jadon Haselwood	Haselwood	Jadon	jadonhaselwood	haselwood	jadon	WR	Active	\N
11256	Tyson Bagent	Bagent	Tyson	tysonbagent	bagent	tyson	QB	Active	CHI
11034	Jalen Brooks	Brooks	Jalen	jalenbrooks	brooks	jalen	WR	Active	DAL
6047	Dillon Mitchell	Mitchell	Dillon	dillonmitchell	mitchell	dillon	WR	Inactive	\N
11378	Jordan Mims	Mims	Jordan	jordanmims	mims	jordan	RB	Active	\N
11539	Jake Bates	Bates	Jake	jakebates	bates	jake	K	Active	\N
11433	Nate Adkins	Adkins	Nate	nateadkins	adkins	nate	TE	Active	DEN
11197	Joel Honigford	Honigford	Joel	joelhonigford	honigford	joel	TE	Active	\N
11538	Toriano Clinton	Clinton	Toriano	torianoclinton	clinton	toriano	RB	Active	\N
7855	Blake Haubeil	Haubeil	Blake	blakehaubeil	haubeil	blake	K	Active	\N
11493	Jordan Murray	Murray	Jordan	jordanmurray	murray	jordan	TE	Active	\N
11359	Kody Case	Case	Kody	kodycase	case	kody	WR	Active	\N
11130	Pokey Wilson	Wilson	Pokey	pokeywilson	wilson	pokey	WR	Active	\N
7314	Dominik Eberle	Eberle	Dominik	dominikeberle	eberle	dominik	K	Active	\N
11184	Daniel Arias	Arias	Daniel	danielarias	arias	daniel	WR	Active	ARI
11073	Thayer Thomas	Thomas	Thayer	thayerthomas	thomas	thayer	WR	Active	MIN
11381	Travis Vokolek	Vokolek	Travis	travisvokolek	vokolek	travis	TE	Active	BAL
11199	Emari Demercado	Demercado	Emari	emaridemercado	demercado	emari	RB	Active	ARI
3161	Carson Wentz	Wentz	Carson	carsonwentz	wentz	carson	QB	Active	\N
8123	Hassan Haskins	Haskins	Hassan	hassanhaskins	haskins	hassan	RB	Inactive	TEN
538	Emmanuel Sanders	Sanders	Emmanuel	emmanuelsanders	sanders	emmanuel	WR	Active	\N
5275	Jeff Badet	Badet	Jeff	jeffbadet	badet	jeff	WR	Active	\N
2039	Seth Roberts	Roberts	Seth	sethroberts	roberts	seth	WR	Inactive	\N
8094	Michael Jacobson	Jacobson	Michael	michaeljacobson	jacobson	michael	TE	Active	\N
1817	Sammy Watkins	Watkins	Sammy	sammywatkins	watkins	sammy	WR	Active	\N
11502	Brian Cobbs	Cobbs	Brian	briancobbs	cobbs	brian	WR	Active	\N
11058	Blake Grupe	Grupe	Blake	blakegrupe	grupe	blake	K	Active	NO
10223	Eric Gray	Gray	Eric	ericgray	gray	eric	RB	Active	NYG
11548	Aaron Dykes	Dykes	Aaron	aarondykes	dykes	aaron	RB	Active	\N
11474	Dylan Drummond	Drummond	Dylan	dylandrummond	drummond	dylan	WR	Active	DET
11472	Alfonzo Graham	Graham	Alfonzo	alfonzograham	graham	alfonzo	RB	Inactive	\N
11257	Shedrick Jackson	Jackson	Shedrick	shedrickjackson	jackson	shedrick	WR	Active	CIN
11158	Jalen Sample	Sample	Jalen	jalensample	sample	jalen	WR	Active	\N
11380	Johnny Lumpkin	Lumpkin	Johnny	johnnylumpkin	lumpkin	johnny	TE	Active	\N
11201	Blake Whiteheart	Whiteheart	Blake	blakewhiteheart	whiteheart	blake	TE	Active	ARI
11543	Lachlan Pitts	Pitts	Lachlan	lachlanpitts	pitts	lachlan	TE	Active	\N
11169	Dresser Winn	Winn	Dresser	dresserwinn	winn	dresser	QB	Active	\N
11292	Tommy DeVito	DeVito	Tommy	tommydevito	devito	tommy	QB	Active	NYG
7993	Trey Ragas	Ragas	Trey	treyragas	ragas	trey	RB	Active	\N
5536	Dontrell Hilliard	Hilliard	Dontrell	dontrellhilliard	hilliard	dontrell	RB	Inactive	\N
11140	Leonard Taylor	Taylor	Leonard	leonardtaylor	taylor	leonard	TE	Active	JAX
745	Marshawn Lynch	Lynch	Marshawn	marshawnlynch	lynch	marshawn	RB	Injured Reserve	\N
5142	Kurt Benkert	Benkert	Kurt	kurtbenkert	benkert	kurt	QB	Active	\N
4988	Nick Chubb	Chubb	Nick	nickchubb	chubb	nick	RB	Active	CLE
7064	Darrynton Evans	Evans	Darrynton	darryntonevans	evans	darrynton	RB	Active	\N
11347	Chase Cota	Cota	Chase	chasecota	cota	chase	WR	Active	\N
11483	Ellis Merriweather	Merriweather	Ellis	ellismerriweather	merriweather	ellis	RB	Active	NO
11104	SaRodorick Thompson	Thompson	SaRodorick	sarodorickthompson	thompson	sarodorick	RB	Active	SEA
11186	Carlos Washington	Washington	Carlos	carloswashington	washington	carlos	RB	Active	\N
11385	Brian Walker	Walker	Brian	brianwalker	walker	brian	TE	Active	\N
11133	Jaray Jenkins	Jenkins	Jaray	jarayjenkins	jenkins	jaray	WR	Active	\N
11299	Zavier Scott	Scott	Zavier	zavierscott	scott	zavier	WR	Active	\N
11123	Tyler Hoosman	Hoosman	Tyler	tylerhoosman	hoosman	tyler	RB	Active	\N
11176	Khalan Laborn	Laborn	Khalan	khalanlaborn	laborn	khalan	RB	Active	\N
11182	Ronald Awatt	Awatt	Ronald	ronaldawatt	awatt	ronald	RB	Active	\N
11298	Ryan Jones	Jones	Ryan	ryanjones	jones	ryan	TE	Active	NYG
11148	Tyler Hudson	Hudson	Tyler	tylerhudson	hudson	tyler	WR	Active	\N
11276	Joseph Ngata	Ngata	Joseph	josephngata	ngata	joseph	WR	Active	PHI
11511	John Stephens	Stephens	John	johnstephens	stephens	john	WR	Inactive	DAL
11172	Shae Wyatt	Wyatt	Shae	shaewyatt	wyatt	shae	WR	Active	\N
11146	Christopher Dunn	Dunn	Christopher	christopherdunn	dunn	christopher	K	Active	\N
11189	Zay Malone	Malone	Zay	zaymalone	malone	zay	WR	Active	ATL
11529	Ed Lee	Lee	Ed	edlee	lee	ed	WR	Active	\N
11382	Dontay Demus	Demus	Dontay	dontaydemus	demus	dontay	WR	Active	\N
11232	Isaiah Winstead	Winstead	Isaiah	isaiahwinstead	winstead	isaiah	WR	Active	SF
11099	Kearis Jackson	Jackson	Kearis	kearisjackson	jackson	kearis	WR	Active	TEN
11505	David Durden	Durden	David	daviddurden	durden	david	WR	Inactive	DAL
11110	Blake Grupe	Grupe	Blake	blakegrupe	grupe	blake	K	Active	\N
11157	Brycen Tremayne	Tremayne	Brycen	brycentremayne	tremayne	brycen	WR	Active	WAS
11445	Taylor Grimes	Grimes	Taylor	taylorgrimes	grimes	taylor	WR	Active	\N
11080	Malik Knowles	Knowles	Malik	malikknowles	knowles	malik	WR	Active	\N
11126	Michael Ezeike	Ezeike	Michael	michaelezeike	ezeike	michael	TE	Active	\N
11377	Tyrell Shavers	Shavers	Tyrell	tyrellshavers	shavers	tyrell	WR	Active	BUF
11306	Xavier Gipson	Gipson	Xavier	xaviergipson	gipson	xavier	WR	Active	NYJ
11366	Chris Coleman	Coleman	Chris	chriscoleman	coleman	chris	WR	Active	\N
11159	Zion Bowens	Bowens	Zion	zionbowens	bowens	zion	WR	Active	\N
11210	Malik Heath	Heath	Malik	malikheath	heath	malik	WR	Active	GB
11312	T.J. Luther	Luther	T.J.	tjluther	luther	tj	WR	Active	\N
11213	Camren McDonald	McDonald	Camren	camrenmcdonald	mcdonald	camren	TE	Active	\N
11247	Mac Hippenhammer	Hippenhammer	Mac	machippenhammer	hippenhammer	mac	WR	Active	\N
11374	James Blackman	Blackman	James	jamesblackman	blackman	james	QB	Active	\N
11204	Duece Watts	Watts	Duece	duecewatts	watts	duece	WR	Active	\N
11410	Braxton Burmeister	Burmeister	Braxton	braxtonburmeister	burmeister	braxton	WR	Active	\N
11216	Holton Ahlers	Ahlers	Holton	holtonahlers	ahlers	holton	QB	Active	SEA
11371	Julian Hill	Hill	Julian	julianhill	hill	julian	TE	Active	MIA
11544	Avery Davis	Davis	Avery	averydavis	davis	avery	WR	Active	\N
11329	Josh Vann	Vann	Josh	joshvann	vann	josh	WR	Active	\N
11163	Tim DeMorat	DeMorat	Tim	timdemorat	demorat	tim	QB	Active	\N
11387	Sean Ryan	Ryan	Sean	seanryan	ryan	sean	WR	Active	BAL
11081	Cephus Johnson	Johnson	Cephus	cephusjohnson	johnson	cephus	WR	Active	TB
11139	Elijah Cooks	Cooks	Elijah	elijahcooks	cooks	elijah	WR	Active	JAX
11504	Jose Barbon	Barbon	Jose	josebarbon	barbon	jose	WR	Active	\N
11457	Trey Wolff	Wolff	Trey	treywolff	wolff	trey	K	Active	\N
11077	Jack Podlesny	Podlesny	Jack	jackpodlesny	podlesny	jack	K	Active	\N
10983	Sean Clifford	Clifford	Sean	seanclifford	clifford	sean	QB	Active	GB
11495	Bryan Thompson	Thompson	Bryan	bryanthompson	thompson	bryan	WR	Active	BUF
11524	Izaiah Gathings	Gathings	Izaiah	izaiahgathings	gathings	izaiah	TE	Active	\N
11280	Brady Russell	Russell	Brady	bradyrussell	russell	brady	TE	Active	PHI
11520	Lucky Jackson	Jackson	Lucky	luckyjackson	jackson	lucky	WR	Active	MIN
11060	Robert Burns	Burns	Robert	robertburns	burns	robert	RB	Active	CHI
11266	Thyrick Pitts	Pitts	Thyrick	thyrickpitts	pitts	thyrick	WR	Active	NE
11370	Chris Brooks	Brooks	Chris	chrisbrooks	brooks	chris	RB	Active	MIA
11311	Jason Brownlee	Brownlee	Jason	jasonbrownlee	brownlee	jason	WR	Active	NYJ
11439	Jaleel McLaughlin	McLaughlin	Jaleel	jaleelmclaughlin	mclaughlin	jaleel	RB	Active	DEN
11522	Jerome Kapp	Kapp	Jerome	jeromekapp	kapp	jerome	WR	Active	\N
11496	Braydon Johnson	Johnson	Braydon	braydonjohnson	johnson	braydon	WR	Active	\N
11102	Charles McClelland	McClelland	Charles	charlesmcclelland	mcclelland	charles	RB	Active	\N
11190	Keilahn Harris	Harris	Keilahn	keilahnharris	harris	keilahn	WR	Active	\N
1604	Nick Williams	Williams	Nick	nickwilliams	williams	nick	WR	Active	DEN
11301	Braxton Westfield	Westfield	Braxton	braxtonwestfield	westfield	braxton	WR	Active	\N
11262	Damien Caffrey	Caffrey	Damien	damiencaffrey	caffrey	damien	TE	Active	\N
11344	Keytaon Thompson	Thompson	Keytaon	keytaonthompson	thompson	keytaon	WR	Active	\N
11225	Noah Gindorff	Gindorff	Noah	noahgindorff	gindorff	noah	TE	Active	\N
11224	Griffin Hebert	Hebert	Griffin	griffinhebert	hebert	griffin	TE	Active	\N
11191	Justin Marshall	Marshall	Justin	justinmarshall	marshall	justin	WR	Active	\N
11229	Calvin Tyler	Tyler	Calvin	calvintyler	tyler	calvin	RB	Active	\N
11304	E.J. Jenkins	Jenkins	E.J.	ejjenkins	jenkins	ej	TE	Active	\N
11532	Matthew Trickett	Trickett	Matthew	matthewtrickett	trickett	matthew	K	Active	\N
11351	Thomas Greaney	Greaney	Thomas	thomasgreaney	greaney	thomas	TE	Active	\N
11526	Malachi Carter	Carter	Malachi	malachicarter	carter	malachi	WR	Active	\N
11384	Owen Wright	Wright	Owen	owenwright	wright	owen	RB	Active	BAL
11357	Tyler Adams	Adams	Tyler	tyleradams	adams	tyler	WR	Active	\N
11214	Tanner Morgan	Morgan	Tanner	tannermorgan	morgan	tanner	QB	Active	\N
11270	Hassan Hall	Hall	Hassan	hassanhall	hall	hassan	RB	Active	CLE
11367	Daewood Davis	Davis	Daewood	daewooddavis	davis	daewood	WR	Active	\N
11267	Aron Cruickshank	Cruickshank	Aron	aroncruickshank	cruickshank	aron	WR	Active	\N
11521	Jadakis Bonds	Bonds	Jadakis	jadakisbonds	bonds	jadakis	WR	Active	\N
11261	Andre Szmyt	Szmyt	Andre	andreszmyt	szmyt	andre	K	Active	\N
10937	Jake Moody	Moody	Jake	jakemoody	moody	jake	K	Active	SF
11237	Jacob Saylors	Saylors	Jacob	jacobsaylors	saylors	jacob	RB	Active	\N
11046	Colton Dowell	Dowell	Colton	coltondowell	dowell	colton	WR	Active	TEN
10955	Chad Ryland	Ryland	Chad	chadryland	ryland	chad	K	Active	NE
11226	Tyjon Lindsey	Lindsey	Tyjon	tyjonlindsey	lindsey	tyjon	WR	Active	\N
11478	Gavin Holmes	Holmes	Gavin	gavinholmes	holmes	gavin	WR	Active	\N
11008	Anders Carlson	Carlson	Anders	anderscarlson	carlson	anders	K	Active	GB
11145	Tanner Brown	Brown	Tanner	tannerbrown	brown	tanner	K	Active	\N
11282	Johnny King	King	Johnny	johnnyking	king	johnny	WR	Active	\N
11155	Christian Sims	Sims	Christian	christiansims	sims	christian	TE	Active	\N
11533	Brandon Aubrey	Aubrey	Brandon	brandonaubrey	aubrey	brandon	K	Active	DAL
11223	John Hall	Hall	John	johnhall	hall	john	WR	Active	\N
11283	Darius Hagans	Hagans	Darius	dariushagans	hagans	darius	RB	Active	\N
7588	Javonte Williams	Williams	Javonte	javontewilliams	williams	javonte	RB	Active	DEN
7545	Marlon Williams	Williams	Marlon	marlonwilliams	williams	marlon	WR	Inactive	\N
4647	Colin Thompson	Thompson	Colin	colinthompson	thompson	colin	TE	Active	\N
11456	Tre'Shaun Harrison	Harrison	Tre'Shaun	treshaunharrison	harrison	treshaun	WR	Active	TEN
5427	LaQuvionte Gonzalez	Gonzalez	LaQuvionte	laquviontegonzalez	gonzalez	laquvionte	WR	Active	\N
11053	Antoine Green	Green	Antoine	antoinegreen	green	antoine	WR	Active	DET
676	LeSean McCoy	McCoy	LeSean	leseanmccoy	mccoy	lesean	RB	Injured Reserve	\N
23	Jason Witten	Witten	Jason	jasonwitten	witten	jason	TE	Injured Reserve	\N
9503	Jacob Copeland	Copeland	Jacob	jacobcopeland	copeland	jacob	WR	Active	\N
7121	Justin Rohrwasser	Rohrwasser	Justin	justinrohrwasser	rohrwasser	justin	K	Inactive	\N
5938	Lil'Jordan Humphrey	Humphrey	Lil'Jordan	liljordanhumphrey	humphrey	liljordan	WR	Active	DEN
8211	Tyrion Davis-Price	Davis-Price	Tyrion	tyriondavisprice	davisprice	tyrion	RB	Active	SF
10862	Dorian Thompson-Robinson	Thompson-Robinson	Dorian	dorianthompsonrobinson	thompsonrobinson	dorian	QB	Active	CLE
3286	Demarcus Robinson	Robinson	Demarcus	demarcusrobinson	robinson	demarcus	WR	Active	LAR
4046	Patrick Mahomes	Mahomes	Patrick	patrickmahomes	mahomes	patrick	QB	Active	KC
8074	Matt Seybert	Seybert	Matt	mattseybert	seybert	matt	TE	Active	\N
7551	Deon Jackson	Jackson	Deon	deonjackson	jackson	deon	RB	Active	IND
6343	Manny Wilkins	Wilkins	Manny	mannywilkins	wilkins	manny	QB	Active	\N
8595	Kyric McGowan	McGowan	Kyric	kyricmcgowan	mcgowan	kyric	WR	Active	WAS
6487	Charles Scarff	Scarff	Charles	charlesscarff	scarff	charles	TE	Inactive	\N
6898	Anthony Gordon	Gordon	Anthony	anthonygordon	gordon	anthony	QB	Active	\N
5781	Malik Turner	Turner	Malik	malikturner	turner	malik	WR	Active	\N
8770	Malik Williams	Williams	Malik	malikwilliams	williams	malik	WR	Active	\N
8248	Kalil Pimpleton	Pimpleton	Kalil	kalilpimpleton	pimpleton	kalil	WR	Active	NYG
6374	Drew Belcher	Belcher	Drew	drewbelcher	belcher	drew	TE	Active	\N
4218	Trent Taylor	Taylor	Trent	trenttaylor	taylor	trent	WR	Active	CIN
4861	Kent Taylor	Taylor	Kent	kenttaylor	taylor	kent	TE	Active	\N
6031	Alex Barnes	Barnes	Alex	alexbarnes	barnes	alex	RB	Active	\N
8407	T.J. Pledger	Pledger	T.J.	tjpledger	pledger	tj	RB	Active	\N
5661	Chris Lacy	Lacy	Chris	chrislacy	lacy	chris	WR	Active	LV
5255	Teo Redding	Redding	Teo	teoredding	redding	teo	WR	Active	\N
4373	Stanley Williams	Williams	Stanley	stanleywilliams	williams	stanley	RB	Active	\N
6068	Devine Ozigbo	Ozigbo	Devine	devineozigbo	ozigbo	devine	RB	Active	\N
6279	Brandon Dillon	Dillon	Brandon	brandondillon	dillon	brandon	TE	Active	\N
6618	Isaiah Searight	Searight	Isaiah	isaiahsearight	searight	isaiah	TE	Active	\N
2560	Zach Zenner	Zenner	Zach	zachzenner	zenner	zach	RB	Active	\N
8650	Lujuan Winningham	Winningham	Lujuan	lujuanwinningham	winningham	lujuan	WR	Active	\N
8484	Ko Kieft	Kieft	Ko	kokieft	kieft	ko	TE	Active	TB
5609	Stephen Baggett	Baggett	Stephen	stephenbaggett	baggett	stephen	TE	Active	\N
5804	Julian Williams	Williams	Julian	julianwilliams	williams	julian	WR	Active	\N
3655	Reggie Diggs	Diggs	Reggie	reggiediggs	diggs	reggie	WR	Active	\N
8239	Ricky Person	Person	Ricky	rickyperson	person	ricky	RB	Active	\N
5384	Jonah Trinnaman	Trinnaman	Jonah	jonahtrinnaman	trinnaman	jonah	WR	Inactive	\N
8169	Tre Turner	Turner	Tre	treturner	turner	tre	WR	Active	\N
8187	CJ Verdell	Verdell	CJ	cjverdell	verdell	cj	RB	Active	\N
6089	Daniel Helm	Helm	Daniel	danielhelm	helm	daniel	TE	Active	\N
4599	Michael Rector	Rector	Michael	michaelrector	rector	michael	WR	Active	\N
7351	Kirk Merritt	Merritt	Kirk	kirkmerritt	merritt	kirk	WR	Active	NO
4036	Corey Davis	Davis	Corey	coreydavis	davis	corey	WR	Active	\N
9493	Puka Nacua	Nacua	Puka	pukanacua	nacua	puka	WR	Active	LAR
1339	Zach Ertz	Ertz	Zach	zachertz	ertz	zach	TE	Active	ARI
7608	Khalil Herbert	Herbert	Khalil	khalilherbert	herbert	khalil	RB	Active	CHI
2446	MyCole Pruitt	Pruitt	MyCole	mycolepruitt	pruitt	mycole	TE	Active	ATL
830	A.J. Green	Green	A.J.	ajgreen	green	aj	WR	Active	\N
5756	Garrett Dickerson	Dickerson	Garrett	garrettdickerson	dickerson	garrett	TE	Active	\N
7515	Sergio Castillo	Castillo	Sergio	sergiocastillo	castillo	sergio	K	Active	\N
2711	Taylor Heinicke	Heinicke	Taylor	taylorheinicke	heinicke	taylor	QB	Active	ATL
3852	Jaydon Mickens	Mickens	Jaydon	jaydonmickens	mickens	jaydon	WR	Active	\N
4574	Cooper Rush	Rush	Cooper	cooperrush	rush	cooper	QB	Active	DAL
9221	Jahmyr Gibbs	Gibbs	Jahmyr	jahmyrgibbs	gibbs	jahmyr	RB	Active	DET
4179	Joshua Dobbs	Dobbs	Joshua	joshuadobbs	dobbs	joshua	QB	Active	ARI
4981	Calvin Ridley	Ridley	Calvin	calvinridley	ridley	calvin	WR	Active	JAX
111	Marcedes Lewis	Lewis	Marcedes	marcedeslewis	lewis	marcedes	TE	Active	GB
9508	Tyjae Spears	Spears	Tyjae	tyjaespears	spears	tyjae	RB	Active	TEN
7619	Mathew Sexton	Sexton	Mathew	mathewsexton	sexton	mathew	WR	Active	ATL
7602	Kylen Granson	Granson	Kylen	kylengranson	granson	kylen	TE	Active	IND
6311	Patrick Laird	Laird	Patrick	patricklaird	laird	patrick	RB	Active	\N
5076	John Kelly	Kelly	John	johnkelly	kelly	john	RB	Active	\N
6271	Olamide Zaccheaus	Zaccheaus	Olamide	olamidezaccheaus	zaccheaus	olamide	WR	Active	ATL
8236	Jerreth Sterns	Sterns	Jerreth	jerrethsterns	sterns	jerreth	WR	Active	\N
8114	Erik Ezukanma	Ezukanma	Erik	erikezukanma	ezukanma	erik	WR	Active	MIA
7094	Lirim Hajrullahu	Hajrullahu	Lirim	lirimhajrullahu	hajrullahu	lirim	K	Active	\N
8778	Justin Rigg	Rigg	Justin	justinrigg	rigg	justin	TE	Active	\N
8209	Makai Polk	Polk	Makai	makaipolk	polk	makai	WR	Active	\N
533	Colt McCoy	McCoy	Colt	coltmccoy	mccoy	colt	QB	Active	\N
695	Ted Ginn	Ginn	Ted	tedginn	ginn	ted	WR	Injured Reserve	\N
7609	Demetric Felton	Felton	Demetric	demetricfelton	felton	demetric	RB	Active	\N
5163	Ryan Nall	Nall	Ryan	ryannall	nall	ryan	RB	Inactive	\N
8138	James Cook	Cook	James	jamescook	cook	james	RB	Active	BUF
8259	Cameron Dicker	Dicker	Cameron	camerondicker	dicker	cameron	K	Active	LAC
6992	Michael Warren	Warren	Michael	michaelwarren	warren	michael	RB	Inactive	DET
7733	Josh Pederson	Pederson	Josh	joshpederson	pederson	josh	TE	Active	\N
3199	Michael Thomas	Thomas	Michael	michaelthomas	thomas	michael	WR	Active	NO
4089	Gerald Everett	Everett	Gerald	geraldeverett	everett	gerald	TE	Active	LAC
7594	Chuba Hubbard	Hubbard	Chuba	chubahubbard	hubbard	chuba	RB	Active	CAR
6446	Jon Hilliman	Hilliman	Jon	jonhilliman	hilliman	jon	RB	Active	\N
10236	Dalton Kincaid	Kincaid	Dalton	daltonkincaid	kincaid	dalton	TE	Active	BUF
2025	Albert Wilson	Wilson	Albert	albertwilson	wilson	albert	WR	Active	\N
7553	Kyle Pitts	Pitts	Kyle	kylepitts	pitts	kyle	TE	Active	ATL
7340	Brandon Polk	Polk	Brandon	brandonpolk	polk	brandon	WR	Active	\N
7334	Earnest Edwards	Edwards	Earnest	earnestedwards	edwards	earnest	WR	Inactive	\N
5663	Shane Wimann	Wimann	Shane	shanewimann	wimann	shane	RB	Inactive	\N
5295	De'Mornay Pierson-El	Pierson-El	De'Mornay	demornaypiersonel	piersonel	demornay	WR	Active	\N
7176	Caleb Repp	Repp	Caleb	calebrepp	repp	caleb	TE	Active	\N
8087	K.J. Costello	Costello	K.J.	kjcostello	costello	kj	QB	Active	\N
3041	Ross Travis	Travis	Ross	rosstravis	travis	ross	TE	Active	\N
5587	Chris Warren	Warren	Chris	chriswarren	warren	chris	RB	Active	\N
4704	Tyler Ferguson	Ferguson	Tyler	tylerferguson	ferguson	tyler	QB	Active	\N
6637	Nico Evans	Evans	Nico	nicoevans	evans	nico	RB	Active	\N
8798	Felix Harper	Harper	Felix	felixharper	harper	felix	QB	Active	\N
7890	Javon McKinley	McKinley	Javon	javonmckinley	mckinley	javon	WR	Inactive	\N
6906	Antonio Gandy-Golden	Gandy-Golden	Antonio	antoniogandygolden	gandygolden	antonio	TE	Active	\N
5808	Connor Jessop	Jessop	Connor	connorjessop	jessop	connor	QB	Active	\N
8553	Tre Ford	Ford	Tre	treford	ford	tre	QB	Active	\N
4330	JoJo Natson	Natson	JoJo	jojonatson	natson	jojo	WR	Active	\N
7100	Derrick Dillon	Dillon	Derrick	derrickdillon	dillon	derrick	WR	Active	\N
5425	John Diarse	Diarse	John	johndiarse	diarse	john	WR	Active	\N
2142	Rajion Neal	Neal	Rajion	rajionneal	neal	rajion	RB	Active	\N
5785	James Butler	Butler	James	jamesbutler	butler	james	RB	Active	\N
7915	Landen Akers	Akers	Landen	landenakers	akers	landen	WR	Active	\N
7559	Ihmir Smith-Marsette	Smith-Marsette	Ihmir	ihmirsmithmarsette	smithmarsette	ihmir	WR	Active	KC
7063	Shea Patterson	Patterson	Shea	sheapatterson	patterson	shea	QB	Active	\N
5800	Justin Stockton	Stockton	Justin	justinstockton	stockton	justin	RB	Active	\N
6203	Valentine Holmes	Holmes	Valentine	valentineholmes	holmes	valentine	RB	Active	\N
4665	Eli Jenkins	Jenkins	Eli	elijenkins	jenkins	eli	QB	Active	\N
4504	John Robinson-Woodgett	Robinson-Woodgett	John	johnrobinsonwoodgett	robinsonwoodgett	john	RB	Active	\N
3475	Keyarris Garrett	Garrett	Keyarris	keyarrisgarrett	garrett	keyarris	WR	Active	\N
6153	Dexter Williams	Williams	Dexter	dexterwilliams	williams	dexter	RB	Active	\N
5251	Tyler Davis	Davis	Tyler	tylerdavis	davis	tyler	K	Active	\N
6443	Eric Dungey	Dungey	Eric	ericdungey	dungey	eric	QB	Active	\N
8801	Dennis Houston	Houston	Dennis	dennishouston	houston	dennis	WR	Active	DAL
6985	Dezmon Patmon	Patmon	Dezmon	dezmonpatmon	patmon	dezmon	WR	Active	BUF
8070	Travis Toivonen	Toivonen	Travis	travistoivonen	toivonen	travis	WR	Active	\N
1903	Taylor Gabriel	Gabriel	Taylor	taylorgabriel	gabriel	taylor	WR	Injured Reserve	\N
4930	Franko House	House	Franko	frankohouse	house	franko	TE	Active	CHI
5806	John Wolford	Wolford	John	johnwolford	wolford	john	QB	Active	TB
8159	Desmond Ridder	Ridder	Desmond	desmondridder	ridder	desmond	QB	Active	ATL
6269	Kyle Shurmur	Shurmur	Kyle	kyleshurmur	shurmur	kyle	QB	Active	\N
4362	Cethan Carter	Carter	Cethan	cethancarter	carter	cethan	TE	Inactive	\N
7992	Matt Bushman	Bushman	Matt	mattbushman	bushman	matt	TE	Active	KC
1550	Ryan Griffin	Griffin	Ryan	ryangriffin	griffin	ryan	QB	Active	\N
6954	Cole McDonald	McDonald	Cole	colemcdonald	mcdonald	cole	QB	Inactive	\N
10217	Clayton Tune	Tune	Clayton	claytontune	tune	clayton	QB	Active	ARI
6918	Salvon Ahmed	Ahmed	Salvon	salvonahmed	ahmed	salvon	RB	Active	MIA
4455	Matt Breida	Breida	Matt	mattbreida	breida	matt	RB	Active	NYG
1166	Kirk Cousins	Cousins	Kirk	kirkcousins	cousins	kirk	QB	Active	MIN
6926	Brycen Hopkins	Hopkins	Brycen	brycenhopkins	hopkins	brycen	TE	Active	LAR
6111	Jake Browning	Browning	Jake	jakebrowning	browning	jake	QB	Active	CIN
6845	Zack Moss	Moss	Zack	zackmoss	moss	zack	RB	Active	IND
7105	Ramiz Ahmed	Ahmed	Ramiz	ramizahmed	ahmed	ramiz	K	Active	\N
8068	C.J. Saunders	Saunders	C.J.	cjsaunders	saunders	cj	WR	Active	\N
7961	Jose Borregales	Borregales	Jose	joseborregales	borregales	jose	K	Active	\N
4666	Younghoe Koo	Koo	Younghoe	younghoekoo	koo	younghoe	K	Active	ATL
8102	DeShon Williams	Williams	DeShon	deshonwilliams	williams	deshon	TE	Active	\N
7622	Sammis Reyes	Reyes	Sammis	sammisreyes	reyes	sammis	TE	Active	\N
1848	James White	White	James	jameswhite	white	james	RB	Active	\N
1352	Robert Woods	Woods	Robert	robertwoods	woods	robert	WR	Active	HOU
1833	Damien Williams	Williams	Damien	damienwilliams	williams	damien	RB	Inactive	\N
8861	Irvin Charles	Charles	Irvin	irvincharles	charles	irvin	WR	Active	NYJ
7084	Jake Luton	Luton	Jake	jakeluton	luton	jake	QB	Active	NO
8196	Ty Fryfogle	Fryfogle	Ty	tyfryfogle	fryfogle	ty	WR	Active	\N
6039	Ty Johnson	Johnson	Ty	tyjohnson	johnson	ty	RB	Active	NYJ
6139	Jace Sternberger	Sternberger	Jace	jacesternberger	sternberger	jace	TE	Active	\N
2410	Jamison Crowder	Crowder	Jamison	jamisoncrowder	crowder	jamison	WR	Inactive	BUF
5967	Tony Pollard	Pollard	Tony	tonypollard	pollard	tony	RB	Active	DAL
5638	Shaq Roland	Roland	Shaq	shaqroland	roland	shaq	WR	Active	CHI
10231	Elijah Higgins	Higgins	Elijah	elijahhiggins	higgins	elijah	TE	Active	ARI
8233	Mataeo Durant	Durant	Mataeo	mataeodurant	durant	mataeo	RB	Active	\N
8107	Nikola Kalinic	Kalinic	Nikola	nikolakalinic	kalinic	nikola	TE	Active	LAR
9484	Tucker Kraft	Kraft	Tucker	tuckerkraft	kraft	tucker	TE	Active	GB
49	Robbie Gould	Gould	Robbie	robbiegould	gould	robbie	K	Active	\N
4699	Kevin Snead	Snead	Kevin	kevinsnead	snead	kevin	WR	Active	\N
4821	Jamari Staples	Staples	Jamari	jamaristaples	staples	jamari	WR	Active	\N
2191	Marcus Lucas	Lucas	Marcus	marcuslucas	lucas	marcus	WR	Active	\N
8549	Trevon Clark	Clark	Trevon	trevonclark	clark	trevon	WR	Active	\N
6700	Marcelias Sutton	Sutton	Marcelias	marceliassutton	sutton	marcelias	RB	Active	\N
8890	Naz Bohannon	Bohannon	Naz	nazbohannon	bohannon	naz	TE	Active	\N
2121	T.J. Jones	Jones	T.J.	tjjones	jones	tj	WR	Active	\N
8433	Cade Brewer	Brewer	Cade	cadebrewer	brewer	cade	TE	Active	\N
4924	Zach Terrell	Terrell	Zach	zachterrell	terrell	zach	QB	Active	BAL
6161	L.J. Scott	Scott	L.J.	ljscott	scott	lj	RB	Active	\N
4807	Mike Estes	Estes	Mike	mikeestes	estes	mike	TE	Active	\N
7941	Nick Ralston	Ralston	Nick	nickralston	ralston	nick	RB	Active	\N
2948	Brandon Cottom	Cottom	Brandon	brandoncottom	cottom	brandon	RB	Active	\N
2750	DeAndre Carter	Carter	DeAndre	deandrecarter	carter	deandre	WR	Active	LAC
4738	Colby Pearson	Pearson	Colby	colbypearson	pearson	colby	WR	Active	\N
6742	Marquis Young	Young	Marquis	marquisyoung	young	marquis	RB	Active	\N
7201	Nick Vogel	Vogel	Nick	nickvogel	vogel	nick	K	Active	\N
3540	Jamaal Jones	Jones	Jamaal	jamaaljones	jones	jamaal	WR	Active	\N
5125	Damoun Patterson	Patterson	Damoun	damounpatterson	patterson	damoun	WR	Active	\N
3596	Kivon Cartwright	Cartwright	Kivon	kivoncartwright	cartwright	kivon	TE	Active	\N
3846	Duke Williams	Williams	Duke	dukewilliams	williams	duke	WR	Active	\N
6401	T.J. Rahming	Rahming	T.J.	tjrahming	rahming	tj	WR	Active	\N
8435	Kwamie Lassiter	Lassiter	Kwamie	kwamielassiter	lassiter	kwamie	WR	Active	CIN
8234	Jaivon Heiligh	Heiligh	Jaivon	jaivonheiligh	heiligh	jaivon	WR	Active	\N
5224	Taj Williams	Williams	Taj	tajwilliams	williams	taj	WR	Active	\N
7863	JaQuan Hardy	Hardy	JaQuan	jaquanhardy	hardy	jaquan	RB	Active	\N
6007	Ryquell Armstead	Armstead	Ryquell	ryquellarmstead	armstead	ryquell	RB	Active	\N
5733	Clayton Wilson	Wilson	Clayton	claytonwilson	wilson	clayton	TE	Active	\N
5697	Zach Olstad	Olstad	Zach	zacholstad	olstad	zach	RB	Inactive	\N
6205	Brandon Silvers	Silvers	Brandon	brandonsilvers	silvers	brandon	QB	Active	\N
8893	Nick Sciba	Sciba	Nick	nicksciba	sciba	nick	K	Active	\N
7874	Jeremiah Haydel	Haydel	Jeremiah	jeremiahhaydel	haydel	jeremiah	WR	Active	\N
5045	Courtland Sutton	Sutton	Courtland	courtlandsutton	sutton	courtland	WR	Active	DEN
8812	Jonathan Garibay	Garibay	Jonathan	jonathangaribay	garibay	jonathan	K	Active	\N
5880	Parris Campbell	Campbell	Parris	parriscampbell	campbell	parris	WR	Active	NYG
24	Matt Ryan	Ryan	Matt	mattryan	ryan	matt	QB	Active	\N
8186	Devon Williams	Williams	Devon	devonwilliams	williams	devon	WR	Active	\N
5970	Greg Dortch	Dortch	Greg	gregdortch	dortch	greg	WR	Active	ARI
3214	Hunter Henry	Henry	Hunter	hunterhenry	henry	hunter	TE	Active	NE
5911	Jalen Hurd	Hurd	Jalen	jalenhurd	hurd	jalen	WR	Active	\N
8543	Drew Estrada	Estrada	Drew	drewestrada	estrada	drew	WR	Active	\N
4139	Amara Darboh	Darboh	Amara	amaradarboh	darboh	amara	WR	Active	\N
8210	Chigoziem Okonkwo	Okonkwo	Chigoziem	chigoziemokonkwo	okonkwo	chigoziem	TE	Active	TEN
7617	Matt Ammendola	Ammendola	Matt	mattammendola	ammendola	matt	K	Active	\N
9490	Tyler Scott	Scott	Tyler	tylerscott	scott	tyler	WR	Active	CHI
138	Ben Roethlisberger	Roethlisberger	Ben	benroethlisberger	roethlisberger	ben	QB	Active	PIT
7584	Brennan Eagles	Eagles	Brennan	brennaneagles	eagles	brennan	WR	Active	\N
7541	Cornell Powell	Powell	Cornell	cornellpowell	powell	cornell	WR	Active	KC
8229	Isaiah Weston	Weston	Isaiah	isaiahweston	weston	isaiah	WR	Injured Reserve	\N
9509	Bijan Robinson	Robinson	Bijan	bijanrobinson	robinson	bijan	RB	Active	ATL
8120	Jerrion Ealy	Ealy	Jerrion	jerrionealy	ealy	jerrion	RB	Active	KC
7455	John Hurst	Hurst	John	johnhurst	hurst	john	WR	Inactive	\N
3347	Jake Rudock	Rudock	Jake	jakerudock	rudock	jake	QB	Injured Reserve	\N
7864	Artayvious Lynn	Lynn	Artayvious	artayviouslynn	lynn	artayvious	TE	Active	\N
5068	Kerryon Johnson	Johnson	Kerryon	kerryonjohnson	johnson	kerryon	RB	Active	\N
8129	Dameon Pierce	Pierce	Dameon	dameonpierce	pierce	dameon	RB	Active	HOU
899	Dan Bailey	Bailey	Dan	danbailey	bailey	dan	K	Active	\N
10219	Chris Rodriguez	Rodriguez	Chris	chrisrodriguez	rodriguez	chris	RB	Active	WAS
2020	Cairo Santos	Santos	Cairo	cairosantos	santos	cairo	K	Active	CHI
9510	Lew Nichols	Nichols	Lew	lewnichols	nichols	lew	RB	Active	\N
96	Aaron Rodgers	Rodgers	Aaron	aaronrodgers	rodgers	aaron	QB	Active	NYJ
2306	Jameis Winston	Winston	Jameis	jameiswinston	winston	jameis	QB	Active	NO
8227	Teagan Quitoriano	Quitoriano	Teagan	teaganquitoriano	quitoriano	teagan	TE	Active	HOU
5285	Ross Dwelley	Dwelley	Ross	rossdwelley	dwelley	ross	TE	Active	SF
5113	Cedrick Wilson	Wilson	Cedrick	cedrickwilson	wilson	cedrick	WR	Active	MIA
7828	Noah Gray	Gray	Noah	noahgray	gray	noah	TE	Active	KC
7954	Connor Wedington	Wedington	Connor	connorwedington	wedington	connor	WR	Active	\N
7922	Riley Patterson	Patterson	Riley	rileypatterson	patterson	riley	K	Active	DET
2118	Eric Ebron	Ebron	Eric	ericebron	ebron	eric	TE	Inactive	PIT
6595	Devlin Hodges	Hodges	Devlin	devlinhodges	hodges	devlin	QB	Active	\N
9512	DeWayne McBride	McBride	DeWayne	dewaynemcbride	mcbride	dewayne	RB	Active	MIN
928	Randall Cobb	Cobb	Randall	randallcobb	cobb	randall	WR	Active	NYJ
5703	Deontez Alexander	Alexander	Deontez	deontezalexander	alexander	deontez	WR	Active	\N
8252	Travell Harris	Harris	Travell	travellharris	harris	travell	WR	Active	\N
658	Mike Nugent	Nugent	Mike	mikenugent	nugent	mike	K	Inactive	\N
5977	Terry Godwin	Godwin	Terry	terrygodwin	godwin	terry	WR	Active	\N
4434	Brisly Estime	Estime	Brisly	brislyestime	estime	brisly	WR	Active	\N
7387	George Campbell	Campbell	George	georgecampbell	campbell	george	WR	Inactive	\N
6701	Fred Trevillion	Trevillion	Fred	fredtrevillion	trevillion	fred	WR	Inactive	\N
5709	Luis Perez	Perez	Luis	luisperez	perez	luis	QB	Active	\N
6195	Damon Sheehy-Guiseppi	Sheehy-Guiseppi	Damon	damonsheehyguiseppi	sheehyguiseppi	damon	WR	Active	\N
4768	Adam Zaruba	Zaruba	Adam	adamzaruba	zaruba	adam	TE	Inactive	\N
5837	Redford Jones	Jones	Redford	redfordjones	jones	redford	K	Active	\N
1939	Derel Walker	Walker	Derel	derelwalker	walker	derel	WR	Active	\N
6663	Micah Wright	Wright	Micah	micahwright	wright	micah	WR	Active	\N
8876	Kevin Kassis	Kassis	Kevin	kevinkassis	kassis	kevin	WR	Active	\N
5277	Deon Yelder	Yelder	Deon	deonyelder	yelder	deon	TE	Active	\N
4779	Bra'Lon Cherry	Cherry	Bra'Lon	braloncherry	cherry	bralon	WR	Active	\N
3908	Eric Wallace	Wallace	Eric	ericwallace	wallace	eric	TE	Active	\N
6238	Tyree Mayfield	Mayfield	Tyree	tyreemayfield	mayfield	tyree	TE	Active	\N
2880	Zach Laskey	Laskey	Zach	zachlaskey	laskey	zach	RB	Active	\N
4823	Keevan Lucas	Lucas	Keevan	keevanlucas	lucas	keevan	WR	Active	\N
5107	Jaylen Samuels	Samuels	Jaylen	jaylensamuels	samuels	jaylen	RB	Active	\N
5798	Darren Carrington	Carrington	Darren	darrencarrington	carrington	darren	WR	Inactive	\N
6318	Jordan Ellis	Ellis	Jordan	jordanellis	ellis	jordan	RB	Active	\N
5268	Ben Johnson	Johnson	Ben	benjohnson	johnson	ben	TE	Active	\N
4787	Jordan Westerkamp	Westerkamp	Jordan	jordanwesterkamp	westerkamp	jordan	WR	Active	\N
6554	Shawn Poindexter	Poindexter	Shawn	shawnpoindexter	poindexter	shawn	WR	Inactive	\N
6460	Cole Herdman	Herdman	Cole	coleherdman	herdman	cole	TE	Active	\N
6662	Parker Hesse	Hesse	Parker	parkerhesse	hesse	parker	TE	Active	ATL
7234	Maurice Ffrench	Ffrench	Maurice	mauriceffrench	ffrench	maurice	WR	Active	\N
5980	Myles Gaskin	Gaskin	Myles	mylesgaskin	gaskin	myles	RB	Active	MIN
6869	Adam Trautman	Trautman	Adam	adamtrautman	trautman	adam	TE	Active	DEN
8112	Drake London	London	Drake	drakelondon	london	drake	WR	Active	ATL
7583	Sam Ehlinger	Ehlinger	Sam	samehlinger	ehlinger	sam	QB	Active	IND
5548	Elijah Marks	Marks	Elijah	elijahmarks	marks	elijah	WR	Active	\N
7523	Trevor Lawrence	Lawrence	Trevor	trevorlawrence	lawrence	trevor	QB	Active	JAX
2106	David Fales	Fales	David	davidfales	fales	david	QB	Active	\N
7337	Easop Winston	Winston	Easop	easopwinston	winston	easop	WR	Active	SEA
9501	Demario Douglas	Douglas	Demario	demariodouglas	douglas	demario	WR	Active	NE
5233	Marcus Baugh	Baugh	Marcus	marcusbaugh	baugh	marcus	TE	Active	\N
2399	Ty Montgomery	Montgomery	Ty	tymontgomery	montgomery	ty	RB	Active	NE
1346	Marquise Goodwin	Goodwin	Marquise	marquisegoodwin	goodwin	marquise	WR	Active	CLE
5762	Josh Smith	Smith	Josh	joshsmith	smith	josh	WR	Inactive	\N
7308	Nick Bowers	Bowers	Nick	nickbowers	bowers	nick	TE	Active	\N
4229	Mason Schreck	Schreck	Mason	masonschreck	schreck	mason	TE	Active	HOU
4198	Jamal Agnew	Agnew	Jamal	jamalagnew	agnew	jamal	WR	Active	JAX
5347	Nyheim Hines	Hines	Nyheim	nyheimhines	hines	nyheim	RB	Active	BUF
7045	Joshua Kelley	Kelley	Joshua	joshuakelley	kelley	joshua	RB	Active	LAC
1338	Matt Barkley	Barkley	Matt	mattbarkley	barkley	matt	QB	Inactive	BUF
4214	Shelton Gibson	Gibson	Shelton	sheltongibson	gibson	shelton	WR	Active	\N
650	Nick Folk	Folk	Nick	nickfolk	folk	nick	K	Active	TEN
1048	Lamar Miller	Miller	Lamar	lamarmiller	miller	lamar	RB	Active	\N
8164	Matt Corral	Corral	Matt	mattcorral	corral	matt	QB	Active	CAR
6159	Mike Weber	Weber	Mike	mikeweber	weber	mike	RB	Inactive	\N
4285	Robert Davis	Davis	Robert	robertdavis	davis	robert	WR	Active	\N
9758	C.J. Stroud	Stroud	C.J.	cjstroud	stroud	cj	QB	Active	HOU
6063	Tyron Johnson	Johnson	Tyron	tyronjohnson	johnson	tyron	WR	Active	DAL
2003	Bennie Fowler	Fowler	Bennie	benniefowler	fowler	bennie	WR	Active	\N
4622	Keelan Cole	Cole	Keelan	keelancole	cole	keelan	WR	Active	\N
4962	Sony Michel	Michel	Sony	sonymichel	michel	sony	RB	Active	\N
8751	Dylan Parham	Parham	Dylan	dylanparham	parham	dylan	TE	Active	\N
6363	Michael Walker	Walker	Michael	michaelwalker	walker	michael	WR	Active	\N
7623	Darece Roberson	Roberson	Darece	dareceroberson	roberson	darece	WR	Active	\N
5273	Kamryn Pettway	Pettway	Kamryn	kamrynpettway	pettway	kamryn	RB	Active	\N
2341	T.J. Yeldon	Yeldon	T.J.	tjyeldon	yeldon	tj	RB	Inactive	\N
8420	Jack Sorenson	Sorenson	Jack	jacksorenson	sorenson	jack	WR	Active	\N
6588	Tom Kennedy	Kennedy	Tom	tomkennedy	kennedy	tom	WR	Inactive	\N
7859	Nick Eubanks	Eubanks	Nick	nickeubanks	eubanks	nick	TE	Active	\N
7585	Davis Mills	Mills	Davis	davismills	mills	davis	QB	Active	HOU
4234	Noah Brown	Brown	Noah	noahbrown	brown	noah	WR	Active	HOU
4526	Krishawn Hogan	Hogan	Krishawn	krishawnhogan	hogan	krishawn	WR	Active	\N
8019	Devontres Dukes	Dukes	Devontres	devontresdukes	dukes	devontres	WR	Active	\N
6770	Joe Burrow	Burrow	Joe	joeburrow	burrow	joe	QB	Active	CIN
4004	Chris Briggs	Briggs	Chris	chrisbriggs	briggs	chris	TE	Inactive	\N
8232	Jaquarii Roberson	Roberson	Jaquarii	jaquariiroberson	roberson	jaquarii	WR	Active	LAR
5112	Bo Scarbrough	Scarbrough	Bo	boscarbrough	scarbrough	bo	RB	Active	\N
5265	Nic Shimonek	Shimonek	Nic	nicshimonek	shimonek	nic	QB	Active	\N
4563	Taylor McNamara	McNamara	Taylor	taylormcnamara	mcnamara	taylor	TE	Active	\N
3660	Valdez Showers	Showers	Valdez	valdezshowers	showers	valdez	WR	Active	\N
4636	Lenard Tillery	Tillery	Lenard	lenardtillery	tillery	lenard	RB	Active	\N
7481	Chase Harrell	Harrell	Chase	chaseharrell	harrell	chase	TE	Active	\N
5167	Dalton Sturm	Sturm	Dalton	daltonsturm	sturm	dalton	QB	Active	\N
4445	Keon Hatcher	Hatcher	Keon	keonhatcher	hatcher	keon	WR	Active	\N
8863	Kaylon Geiger	Geiger	Kaylon	kaylongeiger	geiger	kaylon	WR	Active	TB
5228	J.T. Barrett	Barrett	J.T.	jtbarrett	barrett	jt	QB	Active	\N
1979	Blake Bortles	Bortles	Blake	blakebortles	bortles	blake	QB	Active	NO
6165	Antoine Wesley	Wesley	Antoine	antoinewesley	wesley	antoine	WR	Inactive	ARI
6539	Devontae Jackson	Jackson	Devontae	devontaejackson	jackson	devontae	RB	Active	\N
3780	Cedric O'Neal	O'Neal	Cedric	cedriconeal	oneal	cedric	RB	Active	\N
5100	Jordan Wilkins	Wilkins	Jordan	jordanwilkins	wilkins	jordan	RB	Active	\N
3584	Marcus Leak	Leak	Marcus	marcusleak	leak	marcus	WR	Active	\N
8250	Tay Martin	Martin	Tay	taymartin	martin	tay	WR	Active	SF
5247	David Marvin	Marvin	David	davidmarvin	marvin	david	K	Active	\N
5289	Cameron Batson	Batson	Cameron	cameronbatson	batson	cameron	WR	Active	\N
7320	Dalton Schoen	Schoen	Dalton	daltonschoen	schoen	dalton	WR	Active	\N
4708	KeVonn Mabon	Mabon	KeVonn	kevonnmabon	mabon	kevonn	WR	Active	\N
3380	Devin Lucien	Lucien	Devin	devinlucien	lucien	devin	WR	Active	\N
4680	Larry Clark	Clark	Larry	larryclark	clark	larry	WR	Active	\N
1502	Chris Thompson	Thompson	Chris	christhompson	thompson	chris	RB	Active	\N
7475	Napoleon Maxwell	Maxwell	Napoleon	napoleonmaxwell	maxwell	napoleon	RB	Inactive	\N
3880	M.J. McFarland	McFarland	M.J.	mjmcfarland	mcfarland	mj	TE	Active	\N
6021	Nick Brossette	Brossette	Nick	nickbrossette	brossette	nick	RB	Active	\N
5539	Derrick Willies	Willies	Derrick	derrickwillies	willies	derrick	WR	Inactive	\N
6342	Stephen Louis	Louis	Stephen	stephenlouis	louis	stephen	WR	Active	\N
4985	Rashaad Penny	Penny	Rashaad	rashaadpenny	penny	rashaad	RB	Active	PHI
8421	Mike Harley	Harley	Mike	mikeharley	harley	mike	WR	Active	\N
8475	Montrell Washington	Washington	Montrell	montrellwashington	washington	montrell	WR	Active	DEN
2133	Davante Adams	Adams	Davante	davanteadams	adams	davante	WR	Active	LV
4663	Austin Ekeler	Ekeler	Austin	austinekeler	ekeler	austin	RB	Active	LAC
8137	George Pickens	Pickens	George	georgepickens	pickens	george	WR	Active	PIT
956	Mark Ingram	Ingram	Mark	markingram	ingram	mark	RB	Inactive	\N
5965	Miles Boykin	Boykin	Miles	milesboykin	boykin	miles	WR	Active	PIT
289	Drew Brees	Brees	Drew	drewbrees	brees	drew	QB	Injured Reserve	\N
8116	Pierre Strong	Strong	Pierre	pierrestrong	strong	pierre	RB	Active	CLE
10215	Jake Haener	Haener	Jake	jakehaener	haener	jake	QB	Active	NO
4125	Taywan Taylor	Taylor	Taywan	taywantaylor	taylor	taywan	WR	Active	\N
7547	Amon-Ra St. Brown	St. Brown	Amon-Ra	amonrastbrown	stbrown	amonra	WR	Active	DET
4189	Eric Saubert	Saubert	Eric	ericsaubert	saubert	eric	TE	Active	DEN
1479	Keenan Allen	Allen	Keenan	keenanallen	allen	keenan	WR	Active	LAC
8757	Rodney Williams	Williams	Rodney	rodneywilliams	williams	rodney	TE	Active	PIT
2152	Teddy Bridgewater	Bridgewater	Teddy	teddybridgewater	bridgewater	teddy	QB	Active	DET
2545	Geoff Swaim	Swaim	Geoff	geoffswaim	swaim	geoff	TE	Active	ARI
6744	Greg Ward	Ward	Greg	gregward	ward	greg	WR	Active	PHI
4454	Kendrick Bourne	Bourne	Kendrick	kendrickbourne	bourne	kendrick	WR	Active	NE
5026	Tre'Quan Smith	Smith	Tre'Quan	trequansmith	smith	trequan	WR	Active	NO
7001	Brian Herrien	Herrien	Brian	brianherrien	herrien	brian	RB	Active	\N
9227	Israel Abanikanda	Abanikanda	Israel	israelabanikanda	abanikanda	israel	RB	Active	NYJ
7021	Rico Dowdle	Dowdle	Rico	ricodowdle	dowdle	rico	RB	Active	DAL
5850	Josh Jacobs	Jacobs	Josh	joshjacobs	jacobs	josh	RB	Active	LV
1777	Josh Hill	Hill	Josh	joshhill	hill	josh	TE	Injured Reserve	\N
8732	Raleigh Webb	Webb	Raleigh	raleighwebb	webb	raleigh	WR	Active	\N
6866	KJ Hill	Hill	KJ	kjhill	hill	kj	WR	Active	LAC
6247	Jason Moore	Moore	Jason	jasonmoore	moore	jason	WR	Active	\N
5386	Matthew McCrane	McCrane	Matthew	matthewmccrane	mccrane	matthew	K	Active	\N
8181	Connor Heyward	Heyward	Connor	connorheyward	heyward	connor	TE	Active	PIT
8038	Nick Guggemos	Guggemos	Nick	nickguggemos	guggemos	nick	TE	Active	GB
963	Luke Stocker	Stocker	Luke	lukestocker	stocker	luke	TE	Active	\N
6790	D'Andre Swift	Swift	D'Andre	dandreswift	swift	dandre	RB	Active	PHI
7526	Jaylen Waddle	Waddle	Jaylen	jaylenwaddle	waddle	jaylen	WR	Active	MIA
5127	Kyle Allen	Allen	Kyle	kyleallen	allen	kyle	QB	Active	BUF
9756	Jordan Addison	Addison	Jordan	jordanaddison	addison	jordan	WR	Active	MIN
8800	Malik Davis	Davis	Malik	malikdavis	davis	malik	RB	Active	DAL
391	Ryan Succop	Succop	Ryan	ryansuccop	succop	ryan	K	Active	\N
3297	Tajae Sharpe	Sharpe	Tajae	tajaesharpe	sharpe	tajae	WR	Inactive	\N
8201	Jack Coan	Coan	Jack	jackcoan	coan	jack	QB	Active	\N
775	Stephen Hauschka	Hauschka	Stephen	stephenhauschka	hauschka	stephen	K	Injured Reserve	\N
7903	Briley Moore	Moore	Briley	brileymoore	moore	briley	TE	Active	\N
5597	Brogan Roback	Roback	Brogan	broganroback	roback	brogan	QB	Active	\N
5962	KeeSean Johnson	Johnson	KeeSean	keeseanjohnson	johnson	keesean	WR	Active	BUF
5463	Mark Thompson	Thompson	Mark	markthompson	thompson	mark	RB	Active	\N
1855	Shaquelle Evans	Evans	Shaquelle	shaquelleevans	evans	shaquelle	WR	Active	\N
5254	Jimmy Williams	Williams	Jimmy	jimmywilliams	williams	jimmy	WR	Active	\N
4323	Darrell Daniels	Daniels	Darrell	darrelldaniels	daniels	darrell	TE	Active	\N
200	Vernon Davis	Davis	Vernon	vernondavis	davis	vernon	TE	Injured Reserve	\N
7279	DeMichael Harris	Harris	DeMichael	demichaelharris	harris	demichael	WR	Active	\N
7173	Jalen McCleskey	McCleskey	Jalen	jalenmccleskey	mccleskey	jalen	WR	Active	\N
4814	De'Quan Hampton	Hampton	De'Quan	dequanhampton	hampton	dequan	WR	Active	\N
8439	Demetris Robertson	Robertson	Demetris	demetrisrobertson	robertson	demetris	WR	Active	\N
7397	Parker Houston	Houston	Parker	parkerhouston	houston	parker	TE	Active	\N
574	Dez Bryant	Bryant	Dez	dezbryant	bryant	dez	WR	Inactive	\N
6496	Cole Hedlund	Hedlund	Cole	colehedlund	hedlund	cole	K	Active	\N
4456	K.D. Cannon	Cannon	K.D.	kdcannon	cannon	kd	WR	Active	\N
8937	Parker White	White	Parker	parkerwhite	white	parker	K	Active	GB
4175	Chad Hansen	Hansen	Chad	chadhansen	hansen	chad	WR	Active	\N
4835	Darrius Sims	Sims	Darrius	darriussims	sims	darrius	RB	Active	\N
4162	Ryan Switzer	Switzer	Ryan	ryanswitzer	switzer	ryan	WR	Active	\N
7008	Brian Lewerke	Lewerke	Brian	brianlewerke	lewerke	brian	QB	Active	\N
8699	Cyrus Holder	Holder	Cyrus	cyrusholder	holder	cyrus	WR	Active	\N
7227	Artavis Pierce	Pierce	Artavis	artavispierce	pierce	artavis	RB	Active	\N
6879	Quartney Davis	Davis	Quartney	quartneydavis	davis	quartney	WR	Active	\N
8410	Jequez Ezzard	Ezzard	Jequez	jequezezzard	ezzard	jequez	WR	Active	\N
4923	Rushel Shell	Shell	Rushel	rushelshell	shell	rushel	RB	Active	\N
8018	Shaun Beyer	Beyer	Shaun	shaunbeyer	beyer	shaun	TE	Active	\N
1587	Vance McDonald	McDonald	Vance	vancemcdonald	mcdonald	vance	TE	Injured Reserve	\N
7080	Omar Bayless	Bayless	Omar	omarbayless	bayless	omar	WR	Active	\N
7751	Dax Milne	Milne	Dax	daxmilne	milne	dax	WR	Active	WAS
6219	Austin Seibert	Seibert	Austin	austinseibert	seibert	austin	K	Active	\N
6789	Henry Ruggs	Ruggs	Henry	henryruggs	ruggs	henry	WR	Active	\N
5257	Tim Boyle	Boyle	Tim	timboyle	boyle	tim	QB	Active	NYJ
5132	Steven Mitchell	Mitchell	Steven	stevenmitchell	mitchell	steven	WR	Inactive	\N
4752	Fred Brown	Brown	Fred	fredbrown	brown	fred	WR	Active	\N
8157	Bailey Zappe	Zappe	Bailey	baileyzappe	zappe	bailey	QB	Active	NE
10216	Kenny McIntosh	McIntosh	Kenny	kennymcintosh	mcintosh	kenny	RB	Active	SEA
8168	Skyy Moore	Moore	Skyy	skyymoore	moore	skyy	WR	Active	KC
4197	Isaiah McKenzie	McKenzie	Isaiah	isaiahmckenzie	mckenzie	isaiah	WR	Active	IND
6308	Ian Bunting	Bunting	Ian	ianbunting	bunting	ian	TE	Inactive	DAL
3242	Kenyan Drake	Drake	Kenyan	kenyandrake	drake	kenyan	RB	Active	\N
7735	Cary Angeline	Angeline	Cary	caryangeline	angeline	cary	TE	Active	\N
4435	Anthony Firkser	Firkser	Anthony	anthonyfirkser	firkser	anthony	TE	Active	ATL
8632	JaVonta Payton	Payton	JaVonta	javontapayton	payton	javonta	WR	Active	\N
7549	CJ Marable	Marable	CJ	cjmarable	marable	cj	RB	Active	\N
5889	Bryce Love	Love	Bryce	brycelove	love	bryce	RB	Inactive	\N
9489	Justin Shorter	Shorter	Justin	justinshorter	shorter	justin	WR	Inactive	BUF
6453	D.J. Montgomery	Montgomery	D.J.	djmontgomery	montgomery	dj	WR	Active	IND
5294	Mikah Holder	Holder	Mikah	mikahholder	holder	mikah	WR	Active	\N
5744	Eldridge Massington	Massington	Eldridge	eldridgemassington	massington	eldridge	WR	Active	NO
4995	Ian Thomas	Thomas	Ian	ianthomas	thomas	ian	TE	Active	CAR
3036	Matt Lengel	Lengel	Matt	mattlengel	lengel	matt	TE	Active	\N
6334	Damarea Crockett	Crockett	Damarea	damareacrockett	crockett	damarea	RB	Active	\N
8021	Branden Mack	Mack	Branden	brandenmack	mack	branden	WR	Active	\N
8151	Kenneth Walker	Walker	Kenneth	kennethwalker	walker	kenneth	RB	Active	SEA
3805	Jon Brown	Brown	Jon	jonbrown	brown	jon	K	Active	\N
6593	Spencer Schnell	Schnell	Spencer	spencerschnell	schnell	spencer	WR	Inactive	\N
5570	Chad Beebe	Beebe	Chad	chadbeebe	beebe	chad	WR	Active	\N
5121	Braxton Berrios	Berrios	Braxton	braxtonberrios	berrios	braxton	WR	Active	MIA
6234	Deonte Harty	Harty	Deonte	deonteharty	harty	deonte	WR	Inactive	NO
8579	Brandon Peters	Peters	Brandon	brandonpeters	peters	brandon	QB	Active	\N
9492	Trey Palmer	Palmer	Trey	treypalmer	palmer	trey	WR	Active	TB
7757	Ben Skowronek	Skowronek	Ben	benskowronek	skowronek	ben	WR	Active	LAR
2161	Jerick McKinnon	McKinnon	Jerick	jerickmckinnon	mckinnon	jerick	RB	Active	KC
9497	Jalin Hyatt	Hyatt	Jalin	jalinhyatt	hyatt	jalin	WR	Active	NYG
10218	Xavier Hutchinson	Hutchinson	Xavier	xavierhutchinson	hutchinson	xavier	WR	Active	HOU
5906	Dawson Knox	Knox	Dawson	dawsonknox	knox	dawson	TE	Active	BUF
4160	Josh Malone	Malone	Josh	joshmalone	malone	josh	WR	Active	\N
8721	De'Montre Tuggle	Tuggle	De'Montre	demontretuggle	tuggle	demontre	RB	Active	\N
8105	Brayden Lenius	Lenius	Brayden	braydenlenius	lenius	brayden	TE	Active	\N
6144	Trayveon Williams	Williams	Trayveon	trayveonwilliams	williams	trayveon	RB	Active	CIN
1264	Justin Tucker	Tucker	Justin	justintucker	tucker	justin	K	Active	BAL
3668	Joshua Perkins	Perkins	Joshua	joshuaperkins	perkins	joshua	TE	Active	NYJ
7558	Whop Philyor	Philyor	Whop	whopphilyor	philyor	whop	WR	Active	\N
6621	John Baron	Baron	John	johnbaron	baron	john	K	Active	\N
1211	Rhett Ellison	Ellison	Rhett	rhettellison	ellison	rhett	TE	Injured Reserve	\N
8864	Ben Beise	Beise	Ben	benbeise	beise	ben	TE	Active	\N
4050	Cyril Grayson	Grayson	Cyril	cyrilgrayson	grayson	cyril	WR	Active	\N
4650	Billy Brown	Brown	Billy	billybrown	brown	billy	TE	Active	\N
7951	B.J. Emmons	Emmons	B.J.	bjemmons	emmons	bj	RB	Active	\N
4338	Levern Jacobs	Jacobs	Levern	levernjacobs	jacobs	levern	WR	Inactive	\N
4544	Daikiel Shorts	Shorts	Daikiel	daikielshorts	shorts	daikiel	WR	Active	\N
8928	Daylen Baldwin	Baldwin	Daylen	daylenbaldwin	baldwin	daylen	WR	Active	CLE
2452	Jay Ajayi	Ajayi	Jay	jayajayi	ajayi	jay	RB	Injured Reserve	\N
5398	Justin Crawford	Crawford	Justin	justincrawford	crawford	justin	RB	Active	\N
4828	Rashard Davis	Davis	Rashard	rasharddavis	davis	rashard	WR	Active	\N
8207	Tyler Goodson	Goodson	Tyler	tylergoodson	goodson	tyler	RB	Active	GB
4396	Drew Morgan	Morgan	Drew	drewmorgan	morgan	drew	WR	Active	\N
8027	Tre Harbison	Harbison	Tre	treharbison	harbison	tre	RB	Active	\N
5264	Blake Mack	Mack	Blake	blakemack	mack	blake	TE	Active	\N
6685	Jalen Greene	Greene	Jalen	jalengreene	greene	jalen	WR	Active	\N
3816	Brandon Brown-Dukes	Brown-Dukes	Brandon	brandonbrowndukes	browndukes	brandon	RB	Active	\N
4721	Shakeir Ryan	Ryan	Shakeir	shakeirryan	ryan	shakeir	WR	Active	\N
6692	Joe Horn	Horn	Joe	joehorn	horn	joe	WR	Active	\N
2580	Titus Davis	Davis	Titus	titusdavis	davis	titus	WR	Active	\N
4829	Daniel Williams	Williams	Daniel	danielwilliams	williams	daniel	WR	Active	\N
1652	Terrell Sinkfield	Sinkfield	Terrell	terrellsinkfield	sinkfield	terrell	WR	Active	\N
7353	Bryce Sterk	Sterk	Bryce	brycesterk	sterk	bryce	TE	Inactive	\N
5245	Troy Mangen	Mangen	Troy	troymangen	mangen	troy	TE	Active	\N
5431	Shay Fields	Fields	Shay	shayfields	fields	shay	WR	Active	\N
7161	Shane Leatherbury	Leatherbury	Shane	shaneleatherbury	leatherbury	shane	WR	Active	\N
3803	Elijhaa Penny	Penny	Elijhaa	elijhaapenny	penny	elijhaa	RB	Active	\N
6540	DeAndre Thompkins	Thompkins	DeAndre	deandrethompkins	thompkins	deandre	WR	Inactive	GB
2593	Antwan Goodley	Goodley	Antwan	antwangoodley	goodley	antwan	WR	Inactive	\N
6605	Cortrelle Simpson	Simpson	Cortrelle	cortrellesimpson	simpson	cortrelle	WR	Inactive	\N
6361	Raphael Leonard	Leonard	Raphael	raphaelleonard	leonard	raphael	WR	Active	\N
4289	Ishmael Zamora	Zamora	Ishmael	ishmaelzamora	zamora	ishmael	WR	Active	\N
7580	Khalil McClain	McClain	Khalil	khalilmcclain	mcclain	khalil	WR	Active	\N
1800	Jordan Matthews	Matthews	Jordan	jordanmatthews	matthews	jordan	TE	Inactive	SF
5092	Troy Fumagalli	Fumagalli	Troy	troyfumagalli	fumagalli	troy	TE	Active	SF
4531	Ricky Seals-Jones	Seals-Jones	Ricky	rickysealsjones	sealsjones	ricky	TE	Inactive	IND
7233	Andre Baccellia	Baccellia	Andre	andrebaccellia	baccellia	andre	WR	Active	ARI
7944	Mike Strachan	Strachan	Mike	mikestrachan	strachan	mike	WR	Active	IND
8117	Jalen Tolbert	Tolbert	Jalen	jalentolbert	tolbert	jalen	WR	Active	DAL
8111	Cade Otton	Otton	Cade	cadeotton	otton	cade	TE	Active	TB
1945	Chris Boswell	Boswell	Chris	chrisboswell	boswell	chris	K	Active	PIT
2374	Tyler Lockett	Lockett	Tyler	tylerlockett	lockett	tyler	WR	Active	SEA
9481	Luke Musgrave	Musgrave	Luke	lukemusgrave	musgrave	luke	TE	Active	GB
2028	Derek Carr	Carr	Derek	derekcarr	carr	derek	QB	Active	NO
7555	Jamie Newman	Newman	Jamie	jamienewman	newman	jamie	QB	Inactive	\N
5885	Ryan Finley	Finley	Ryan	ryanfinley	finley	ryan	QB	Inactive	\N
6850	Harrison Bryant	Bryant	Harrison	harrisonbryant	bryant	harrison	TE	Active	CLE
5007	Keke Coutee	Coutee	Keke	kekecoutee	coutee	keke	WR	Active	\N
5261	Jester Weah	Weah	Jester	jesterweah	weah	jester	WR	Active	\N
829	Andy Dalton	Dalton	Andy	andydalton	dalton	andy	QB	Active	CAR
8136	Rachaad White	White	Rachaad	rachaadwhite	white	rachaad	RB	Active	TB
1433	Brandon McManus	McManus	Brandon	brandonmcmanus	mcmanus	brandon	K	Active	JAX
6822	Jake Fromm	Fromm	Jake	jakefromm	fromm	jake	QB	Active	WAS
1071	Mohamed Sanu	Sanu	Mohamed	mohamedsanu	sanu	mohamed	WR	Active	\N
3453	Josh Ferguson	Ferguson	Josh	joshferguson	ferguson	josh	RB	Active	\N
3688	Tra Carson	Carson	Tra	tracarson	carson	tra	RB	Active	\N
1466	Travis Kelce	Kelce	Travis	traviskelce	kelce	travis	TE	Active	KC
1067	Marvin Jones	Jones	Marvin	marvinjones	jones	marvin	WR	Active	DET
3269	Chris Moore	Moore	Chris	chrismoore	moore	chris	WR	Active	TEN
9755	Tavion Thomas	Thomas	Tavion	tavionthomas	thomas	tavion	RB	Active	\N
7839	Evan McPherson	McPherson	Evan	evanmcpherson	mcpherson	evan	K	Active	CIN
8095	Graham Adomitis	Adomitis	Graham	grahamadomitis	adomitis	graham	TE	Active	\N
7946	Jack Stoll	Stoll	Jack	jackstoll	stoll	jack	TE	Active	PHI
3730	Tevin Jones	Jones	Tevin	tevinjones	jones	tevin	WR	Active	\N
7546	Tre Nixon	Nixon	Tre	trenixon	nixon	tre	WR	Active	NE
8241	Anthony Brown	Brown	Anthony	anthonybrown	brown	anthony	QB	Active	BAL
3257	Jacoby Brissett	Brissett	Jacoby	jacobybrissett	brissett	jacoby	QB	Active	WAS
7038	Darius Anderson	Anderson	Darius	dariusanderson	anderson	darius	RB	Inactive	\N
9495	Rakim Jarrett	Jarrett	Rakim	rakimjarrett	jarrett	rakim	WR	Active	TB
6984	Tony Jones	Jones	Tony	tonyjones	jones	tony	RB	Active	NO
8660	Leroy Watson	Watson	Leroy	leroywatson	watson	leroy	TE	Active	SF
6697	Floyd Allen	Allen	Floyd	floydallen	allen	floyd	WR	Active	\N
4839	Mitch Leidner	Leidner	Mitch	mitchleidner	leidner	mitch	QB	Active	\N
4878	Brandon Zylstra	Zylstra	Brandon	brandonzylstra	zylstra	brandon	WR	Active	DET
2430	Javorius Allen	Allen	Javorius	javoriusallen	allen	javorius	RB	Active	\N
5714	Tim Wilson	Wilson	Tim	timwilson	wilson	tim	WR	Active	\N
7466	Nathan Cottrell	Cottrell	Nathan	nathancottrell	cottrell	nathan	RB	Active	\N
4184	Bucky Hodges	Hodges	Bucky	buckyhodges	hodges	bucky	TE	Active	\N
6168	John Ursua	Ursua	John	johnursua	ursua	john	WR	Inactive	\N
3762	Brandon Shippen	Shippen	Brandon	brandonshippen	shippen	brandon	WR	Active	\N
6606	Nick Fitzgerald	Fitzgerald	Nick	nickfitzgerald	fitzgerald	nick	QB	Active	\N
6959	LeVante Bellamy	Bellamy	LeVante	levantebellamy	bellamy	levante	RB	Active	\N
5009	Chris Herndon	Herndon	Chris	chrisherndon	herndon	chris	TE	Active	\N
4832	Andrew Price	Price	Andrew	andrewprice	price	andrew	TE	Active	\N
8915	Drew Plitt	Plitt	Drew	drewplitt	plitt	drew	QB	Active	\N
4791	Darius Victor	Victor	Darius	dariusvictor	victor	darius	RB	Active	\N
6762	Darion Clark	Clark	Darion	darionclark	clark	darion	TE	Inactive	\N
6592	Dontae Strickland	Strickland	Dontae	dontaestrickland	strickland	dontae	RB	Active	\N
5117	Jordan Thomas	Thomas	Jordan	jordanthomas	thomas	jordan	TE	Active	\N
3486	Chris Brown	Brown	Chris	chrisbrown	brown	chris	WR	Active	\N
7109	Malcolm Perry	Perry	Malcolm	malcolmperry	perry	malcolm	WR	Active	\N
3599	Dez Stewart	Stewart	Dez	dezstewart	stewart	dez	WR	Inactive	\N
4322	Dalton Crossan	Crossan	Dalton	daltoncrossan	crossan	dalton	RB	Inactive	\N
4519	Devine Redding	Redding	Devine	devineredding	redding	devine	RB	Active	\N
3957	Blake Sims	Sims	Blake	blakesims	sims	blake	QB	Active	\N
5809	Ja'Quan Gardner	Gardner	Ja'Quan	jaquangardner	gardner	jaquan	RB	Active	\N
6552	Malik Henry	Henry	Malik	malikhenry	henry	malik	WR	Active	\N
3178	Josh Doctson	Doctson	Josh	joshdoctson	doctson	josh	WR	Active	\N
8224	Cole Kelley	Kelley	Cole	colekelley	kelley	cole	QB	Active	\N
5774	Cam Serigne	Serigne	Cam	camserigne	serigne	cam	TE	Active	\N
4728	Bart Houston	Houston	Bart	barthouston	houston	bart	QB	Active	\N
4730	Sam Cotton	Cotton	Sam	samcotton	cotton	sam	TE	Active	\N
4815	Brian Riley	Riley	Brian	brianriley	riley	brian	WR	Active	\N
3664	J.D. McKissic	McKissic	J.D.	jdmckissic	mckissic	jd	RB	Inactive	\N
8414	Britain Covey	Covey	Britain	britaincovey	covey	britain	WR	Active	PHI
5290	Deontay Burnett	Burnett	Deontay	deontayburnett	burnett	deontay	WR	Inactive	\N
7174	Juwan Green	Green	Juwan	juwangreen	green	juwan	WR	Active	\N
5089	Mike White	White	Mike	mikewhite	white	mike	QB	Active	MIA
4037	Chris Godwin	Godwin	Chris	chrisgodwin	godwin	chris	WR	Active	TB
8419	Stanley Berryhill	Berryhill	Stanley	stanleyberryhill	berryhill	stanley	WR	Active	\N
5143	Demario Richard	Richard	Demario	demariorichard	richard	demario	RB	Active	\N
8135	Treylon Burks	Burks	Treylon	treylonburks	burks	treylon	WR	Active	TEN
9222	Zach Evans	Evans	Zach	zachevans	evans	zach	RB	Active	LAR
8121	Romeo Doubs	Doubs	Romeo	romeodoubs	doubs	romeo	WR	Active	GB
6967	Aaron Fuller	Fuller	Aaron	aaronfuller	fuller	aaron	WR	Active	\N
4199	Aaron Jones	Jones	Aaron	aaronjones	jones	aaron	RB	Active	GB
7978	Tre Walker	Walker	Tre	trewalker	walker	tre	WR	Inactive	\N
7988	Riley Lees	Lees	Riley	rileylees	lees	riley	WR	Active	\N
260	Josh Johnson	Johnson	Josh	joshjohnson	johnson	josh	QB	Active	\N
19	Joe Flacco	Flacco	Joe	joeflacco	flacco	joe	QB	Active	NYJ
3296	Seth DeValve	DeValve	Seth	sethdevalve	devalve	seth	TE	Inactive	\N
2673	Damiere Byrd	Byrd	Damiere	damierebyrd	byrd	damiere	WR	Active	ATL
10222	Jayden Reed	Reed	Jayden	jaydenreed	reed	jayden	WR	Active	GB
5947	Jakobi Meyers	Meyers	Jakobi	jakobimeyers	meyers	jakobi	WR	Active	LV
5692	Ryan Santoso	Santoso	Ryan	ryansantoso	santoso	ryan	K	Active	\N
7532	Rakeem Boyd	Boyd	Rakeem	rakeemboyd	boyd	rakeem	RB	Inactive	\N
2078	Odell Beckham	Beckham	Odell	odellbeckham	beckham	odell	WR	Active	BAL
8088	Kalif Jackson	Jackson	Kalif	kalifjackson	jackson	kalif	TE	Active	MIA
10225	Jonathan Mingo	Mingo	Jonathan	jonathanmingo	mingo	jonathan	WR	Active	CAR
3202	Austin Hooper	Hooper	Austin	austinhooper	hooper	austin	TE	Active	LV
6957	James Proche	Proche	James	jamesproche	proche	james	WR	Active	\N
7670	Joshua Palmer	Palmer	Joshua	joshuapalmer	palmer	joshua	WR	Active	LAC
10651	Mohamed Ibrahim	Ibrahim	Mohamed	mohamedibrahim	ibrahim	mohamed	RB	Inactive	\N
8676	Rashid Shaheed	Shaheed	Rashid	rashidshaheed	shaheed	rashid	WR	Active	NO
6783	Jerry Jeudy	Jeudy	Jerry	jerryjeudy	jeudy	jerry	WR	Active	DEN
8235	Samori Toure	Toure	Samori	samoritoure	toure	samori	WR	Active	GB
5401	Armanti Foreman	Foreman	Armanti	armantiforeman	foreman	armanti	WR	Active	\N
5872	Deebo Samuel	Samuel	Deebo	deebosamuel	samuel	deebo	WR	Active	SF
7531	Feleipe Franks	Franks	Feleipe	feleipefranks	franks	feleipe	TE	Active	ATL
8190	Abram Smith	Smith	Abram	abramsmith	smith	abram	RB	Active	\N
4996	Kyle Lauletta	Lauletta	Kyle	kylelauletta	lauletta	kyle	QB	Active	\N
1049	Ryan Tannehill	Tannehill	Ryan	ryantannehill	tannehill	ryan	QB	Active	TEN
7601	Rondale Moore	Moore	Rondale	rondalemoore	moore	rondale	WR	Active	ARI
3280	Tyler Ervin	Ervin	Tyler	tylerervin	ervin	tyler	RB	Inactive	\N
2309	Amari Cooper	Cooper	Amari	amaricooper	cooper	amari	WR	Active	CLE
6664	A.J. Ouellette	Ouellette	A.J.	ajouellette	ouellette	aj	RB	Active	\N
4585	Anthony Nash	Nash	Anthony	anthonynash	nash	anthony	WR	Active	\N
3555	Canaan Severin	Severin	Canaan	canaanseverin	severin	canaan	WR	Active	\N
1451	C.J. Anderson	Anderson	C.J.	cjanderson	anderson	cj	RB	Active	\N
7079	Pete Guerriero	Guerriero	Pete	peteguerriero	guerriero	pete	RB	Active	\N
6493	Justin Johnson	Johnson	Justin	justinjohnson	johnson	justin	TE	Active	\N
7190	Bronson Rechsteiner	Rechsteiner	Bronson	bronsonrechsteiner	rechsteiner	bronson	RB	Active	\N
7319	Jeff Cotton	Cotton	Jeff	jeffcotton	cotton	jeff	WR	Active	GB
491	Danny Amendola	Amendola	Danny	dannyamendola	amendola	danny	WR	Active	\N
7521	Chris Blair	Blair	Chris	chrisblair	blair	chris	WR	Active	\N
4301	Josh Magee	Magee	Josh	joshmagee	magee	josh	WR	Inactive	\N
4922	Garrett Scantling	Scantling	Garrett	garrettscantling	scantling	garrett	WR	Active	ATL
6557	Jeff Smith	Smith	Jeff	jeffsmith	smith	jeff	WR	Inactive	NYJ
7401	Khalil Tate	Tate	Khalil	khaliltate	tate	khalil	WR	Inactive	\N
345	Brian Hoyer	Hoyer	Brian	brianhoyer	hoyer	brian	QB	Inactive	NE
6059	Travis Fulgham	Fulgham	Travis	travisfulgham	fulgham	travis	WR	Active	\N
4827	Germone Hopper	Hopper	Germone	germonehopper	hopper	germone	WR	Active	\N
5801	Kobe McCrary	McCrary	Kobe	kobemccrary	mccrary	kobe	RB	Active	\N
4464	Nick Mullens	Mullens	Nick	nickmullens	mullens	nick	QB	Active	MIN
6036	Ryan Davis	Davis	Ryan	ryandavis	davis	ryan	WR	Active	\N
5080	Damion Ratley	Ratley	Damion	damionratley	ratley	damion	WR	Active	\N
3327	Alex Collins	Collins	Alex	alexcollins	collins	alex	RB	Active	\N
7211	Zimari Manning	Manning	Zimari	zimarimanning	manning	zimari	WR	Active	\N
7561	Elijah Mitchell	Mitchell	Elijah	elijahmitchell	mitchell	elijah	RB	Active	SF
7013	Steven Montez	Montez	Steven	stevenmontez	montez	steven	QB	Active	DET
6585	Tony Brooks-James	Brooks-James	Tony	tonybrooksjames	brooksjames	tony	RB	Active	\N
1500	Jordan Reed	Reed	Jordan	jordanreed	reed	jordan	TE	Injured Reserve	\N
233	Matt Moore	Moore	Matt	mattmoore	moore	matt	QB	Inactive	\N
4128	Chad Williams	Williams	Chad	chadwilliams	williams	chad	WR	Active	\N
5111	Javon Wims	Wims	Javon	javonwims	wims	javon	WR	Active	\N
10857	Stetson Bennett	Bennett	Stetson	stetsonbennett	bennett	stetson	QB	Active	LAR
8118	David Bell	Bell	David	davidbell	bell	david	WR	Active	CLE
5230	Michael Badgley	Badgley	Michael	michaelbadgley	badgley	michael	K	Active	DET
1215	Jarius Wright	Wright	Jarius	jariuswright	wright	jarius	WR	Active	\N
6208	Elliott Fry	Fry	Elliott	elliottfry	fry	elliott	K	Active	ARI
8077	Otis Anderson	Anderson	Otis	otisanderson	anderson	otis	RB	Active	\N
6239	Malik Taylor	Taylor	Malik	maliktaylor	taylor	malik	WR	Active	\N
7049	Jauan Jennings	Jennings	Jauan	jauanjennings	jennings	jauan	WR	Active	SF
1737	Case Keenum	Keenum	Case	casekeenum	keenum	case	QB	Active	HOU
8221	Keaontay Ingram	Ingram	Keaontay	keaontayingram	ingram	keaontay	RB	Active	ARI
10213	Tre Tucker	Tucker	Tre	tretucker	tucker	tre	WR	Active	LV
1387	Rex Burkhead	Burkhead	Rex	rexburkhead	burkhead	rex	RB	Active	HOU
8144	Chris Olave	Olave	Chris	chrisolave	olave	chris	WR	Active	NO
8200	Kevin Austin	Austin	Kevin	kevinaustin	austin	kevin	WR	Active	\N
2821	Jake Kumerow	Kumerow	Jake	jakekumerow	kumerow	jake	WR	Inactive	BUF
5171	Kevin Rader	Rader	Kevin	kevinrader	rader	kevin	TE	Active	TEN
2168	Devonta Freeman	Freeman	Devonta	devontafreeman	freeman	devonta	RB	Active	\N
8194	Jashaun Corbin	Corbin	Jashaun	jashauncorbin	corbin	jashaun	RB	Active	\N
9483	Zack Kuntz	Kuntz	Zack	zackkuntz	kuntz	zack	TE	Active	NYJ
6763	Reggie Begelton	Begelton	Reggie	reggiebegelton	begelton	reggie	WR	Active	\N
7162	Ryan Becker	Becker	Ryan	ryanbecker	becker	ryan	TE	Active	\N
9754	Quentin Johnston	Johnston	Quentin	quentinjohnston	johnston	quentin	WR	Active	LAC
8042	Chris Naggar	Naggar	Chris	chrisnaggar	naggar	chris	K	Active	\N
4157	Tarik Cohen	Cohen	Tarik	tarikcohen	cohen	tarik	RB	Active	\N
8225	Daniel Bellinger	Bellinger	Daniel	danielbellinger	bellinger	daniel	TE	Active	NYG
5008	Durham Smythe	Smythe	Durham	durhamsmythe	smythe	durham	TE	Active	MIA
3343	Nate Sudfeld	Sudfeld	Nate	natesudfeld	sudfeld	nate	QB	Active	DET
2397	Jeff Heuerman	Heuerman	Jeff	jeffheuerman	heuerman	jeff	TE	Active	\N
5857	Noah Fant	Fant	Noah	noahfant	fant	noah	TE	Active	SEA
2495	Nick O'Leary	O'Leary	Nick	nickoleary	oleary	nick	TE	Active	\N
6650	Chase McLaughlin	McLaughlin	Chase	chasemclaughlin	mclaughlin	chase	K	Active	TB
7891	Brock Wright	Wright	Brock	brockwright	wright	brock	TE	Active	DET
4892	Baker Mayfield	Mayfield	Baker	bakermayfield	mayfield	baker	QB	Active	TB
8089	Sal Cannella	Cannella	Sal	salcannella	cannella	sal	TE	Active	\N
7352	Matt Cole	Cole	Matt	mattcole	cole	matt	WR	Active	\N
2359	Ameer Abdullah	Abdullah	Ameer	ameerabdullah	abdullah	ameer	RB	Active	LV
1312	Josh Bellamy	Bellamy	Josh	joshbellamy	bellamy	josh	WR	Active	\N
2390	Tyler Kroft	Kroft	Tyler	tylerkroft	kroft	tyler	TE	Active	\N
9759	C.J. Johnson	Johnson	C.J.	cjjohnson	johnson	cj	WR	Active	\N
2671	Josh Lambo	Lambo	Josh	joshlambo	lambo	josh	K	Active	\N
7600	Pat Freiermuth	Freiermuth	Pat	patfreiermuth	freiermuth	pat	TE	Active	PIT
1287	Kai Forbath	Forbath	Kai	kaiforbath	forbath	kai	K	Inactive	\N
606	Joe Webb	Webb	Joe	joewebb	webb	joe	QB	Active	\N
1232	Robert Turbin	Turbin	Robert	robertturbin	turbin	robert	RB	Active	\N
7502	Dominique Dafney	Dafney	Dominique	dominiquedafney	dafney	dominique	TE	Active	TB
5358	Anthony Manzo-Lewis	Manzo-Lewis	Anthony	anthonymanzolewis	manzolewis	anthony	TE	Active	\N
4803	Nate Iese	Iese	Nate	nateiese	iese	nate	TE	Active	\N
3148	Anthony Dable	Dable	Anthony	anthonydable	dable	anthony	WR	Active	\N
7603	Shi Smith	Smith	Shi	shismith	smith	shi	WR	Active	CAR
5223	Caleb Scott	Scott	Caleb	calebscott	scott	caleb	WR	Active	TEN
4475	Sefo Liufau	Liufau	Sefo	sefoliufau	liufau	sefo	QB	Inactive	\N
2595	Tim Semisch	Semisch	Tim	timsemisch	semisch	tim	TE	Active	\N
8881	Willie Johnson	Johnson	Willie	williejohnson	johnson	willie	WR	Active	\N
6193	Cole Murphy	Murphy	Cole	colemurphy	murphy	cole	K	Active	\N
7812	Simi Fehoko	Fehoko	Simi	simifehoko	fehoko	simi	WR	Inactive	DAL
5734	C.J. Duncan	Duncan	C.J.	cjduncan	duncan	cj	WR	Active	\N
6260	Jake Powell	Powell	Jake	jakepowell	powell	jake	TE	Active	\N
2462	J.J. Nelson	Nelson	J.J.	jjnelson	nelson	jj	WR	Active	\N
5618	Larry Rose	Rose	Larry	larryrose	rose	larry	RB	Inactive	\N
2753	Rasheed Bailey	Bailey	Rasheed	rasheedbailey	bailey	rasheed	WR	Active	\N
8932	Lucas Havrisik	Havrisik	Lucas	lucashavrisik	havrisik	lucas	K	Active	IND
6705	Taj McGowan	McGowan	Taj	tajmcgowan	mcgowan	taj	RB	Active	\N
5211	Jake Wieneke	Wieneke	Jake	jakewieneke	wieneke	jake	WR	Active	\N
2553	Rory Anderson	Anderson	Rory	roryanderson	anderson	rory	TE	Active	\N
1077	Travis Benjamin	Benjamin	Travis	travisbenjamin	benjamin	travis	WR	Active	\N
7550	Warren Jackson	Jackson	Warren	warrenjackson	jackson	warren	WR	Active	\N
6737	Micky Crum	Crum	Micky	mickycrum	crum	micky	TE	Active	\N
3695	J.P. Holtz	Holtz	J.P.	jpholtz	holtz	jp	TE	Active	NO
4937	Al Riles	Riles	Al	alriles	riles	al	WR	Active	IND
6713	Jamarius Way	Way	Jamarius	jamariusway	way	jamarius	WR	Active	\N
3921	Nick Truesdell	Truesdell	Nick	nicktruesdell	truesdell	nick	TE	Active	\N
6727	Joe Walker	Walker	Joe	joewalker	walker	joe	WR	Active	\N
4931	Austin Appleby	Appleby	Austin	austinappleby	appleby	austin	QB	Active	\N
4031	Travis Wilson	Wilson	Travis	traviswilson	wilson	travis	TE	Active	\N
8158	Carson Strong	Strong	Carson	carsonstrong	strong	carson	QB	Active	\N
6710	Josh Caldwell	Caldwell	Josh	joshcaldwell	caldwell	josh	RB	Active	\N
6878	Anthony McFarland	McFarland	Anthony	anthonymcfarland	mcfarland	anthony	RB	Active	PIT
8140	Justyn Ross	Ross	Justyn	justynross	ross	justyn	WR	Active	KC
947	Julio Jones	Jones	Julio	juliojones	jones	julio	WR	Active	\N
8076	Michael Bandy	Bandy	Michael	michaelbandy	bandy	michael	WR	Active	DEN
5052	Ronald Jones	Jones	Ronald	ronaldjones	jones	ronald	RB	Active	DAL
2257	Carlos Hyde	Hyde	Carlos	carloshyde	hyde	carlos	RB	Active	\N
5243	Detrich Clark	Clark	Detrich	detrichclark	clark	detrich	WR	Active	\N
8223	Velus Jones	Jones	Velus	velusjones	jones	velus	WR	Active	CHI
5139	Trey Quinn	Quinn	Trey	treyquinn	quinn	trey	WR	Active	\N
4221	Jeremy Sprinkle	Sprinkle	Jeremy	jeremysprinkle	sprinkle	jeremy	TE	Inactive	\N
9998	Hendon Hooker	Hooker	Hendon	hendonhooker	hooker	hendon	QB	Active	DET
181	Drew Stanton	Stanton	Drew	drewstanton	stanton	drew	QB	Active	\N
6886	Chase Claypool	Claypool	Chase	chaseclaypool	claypool	chase	WR	Active	CHI
7083	Tyler Huntley	Huntley	Tyler	tylerhuntley	huntley	tyler	QB	Active	BAL
5235	David Wells	Wells	David	davidwells	wells	david	TE	Active	TB
6938	Cam Akers	Akers	Cam	camakers	akers	cam	RB	Active	LAR
3827	Aldrick Rosas	Rosas	Aldrick	aldrickrosas	rosas	aldrick	K	Active	\N
8663	Jared Bernhardt	Bernhardt	Jared	jaredbernhardt	bernhardt	jared	WR	Active	\N
6798	Jalen Reagor	Reagor	Jalen	jalenreagor	reagor	jalen	WR	Active	\N
3278	Pharoh Cooper	Cooper	Pharoh	pharohcooper	cooper	pharoh	WR	Active	ARI
7095	Austin MacGinnis	MacGinnis	Austin	austinmacginnis	macginnis	austin	K	Active	\N
10210	Cameron Latu	Latu	Cameron	cameronlatu	latu	cameron	TE	Inactive	SF
2312	Kevin White	White	Kevin	kevinwhite	white	kevin	WR	Active	NO
5170	Phillip Lindsay	Lindsay	Phillip	philliplindsay	lindsay	phillip	RB	Active	\N
1837	Jimmy Garoppolo	Garoppolo	Jimmy	jimmygaroppolo	garoppolo	jimmy	QB	Active	LV
4881	Lamar Jackson	Jackson	Lamar	lamarjackson	jackson	lamar	QB	Active	BAL
2460	C.J. Uzomah	Uzomah	C.J.	cjuzomah	uzomah	cj	TE	Active	NYJ
7075	Charlie Woerner	Woerner	Charlie	charliewoerner	woerner	charlie	TE	Active	SF
4055	O.J. Howard	Howard	O.J.	ojhoward	howard	oj	TE	Active	\N
5323	Equanimeous St. Brown	St. Brown	Equanimeous	equanimeousstbrown	stbrown	equanimeous	WR	Active	CHI
6288	Marcus Green	Green	Marcus	marcusgreen	green	marcus	WR	Active	\N
3164	Ezekiel Elliott	Elliott	Ezekiel	ezekielelliott	elliott	ezekiel	RB	Active	NE
8638	Grayson Gunter	Gunter	Grayson	graysongunter	gunter	grayson	TE	Active	\N
6919	Thaddeus Moss	Moss	Thaddeus	thaddeusmoss	moss	thaddeus	TE	Active	\N
5166	Da'Mari Scott	Scott	Da'Mari	damariscott	scott	damari	WR	Inactive	\N
8199	D'Eriq King	King	D'Eriq	deriqking	king	deriq	QB	Active	\N
7989	DJ Turner	Turner	DJ	djturner	turner	dj	WR	Active	LV
3451	Ka'imi Fairbairn	Fairbairn	Ka'imi	kaimifairbairn	fairbairn	kaimi	K	Active	HOU
6813	Jonathan Taylor	Taylor	Jonathan	jonathantaylor	taylor	jonathan	RB	Active	IND
120	Adam Vinatieri	Vinatieri	Adam	adamvinatieri	vinatieri	adam	K	Injured Reserve	\N
9220	Evan Hull	Hull	Evan	evanhull	hull	evan	RB	Active	IND
5249	Andre Levrone	Levrone	Andre	andrelevrone	levrone	andre	WR	Active	\N
4626	Amba Etta-Tawo	Etta-Tawo	Amba	ambaettatawo	ettatawo	amba	WR	Active	\N
4998	DaeSean Hamilton	Hamilton	DaeSean	daeseanhamilton	hamilton	daesean	WR	Active	\N
8192	Curtis Hodges	Hodges	Curtis	curtishodges	hodges	curtis	TE	Inactive	WAS
7858	Brenden Knox	Knox	Brenden	brendenknox	knox	brenden	RB	Active	\N
2801	DeAndrew White	White	DeAndrew	deandrewwhite	white	deandrew	WR	Inactive	\N
7316	Darius Bradwell	Bradwell	Darius	dariusbradwell	bradwell	darius	RB	Active	\N
4794	Tommy Armstrong Jr.	Armstrong Jr.	Tommy	tommyarmstrongjr	armstrongjr	tommy	QB	Inactive	\N
6248	Trevion Thompson	Thompson	Trevion	trevionthompson	thompson	trevion	WR	Active	\N
8242	Shermari Jones	Jones	Shermari	shermarijones	jones	shermari	RB	Active	\N
8436	Neil Pau'u	Pau'u	Neil	neilpauu	pauu	neil	WR	Active	\N
5162	Reggie Bonnafon	Bonnafon	Reggie	reggiebonnafon	bonnafon	reggie	RB	Active	WAS
4392	Malcolm Lewis	Lewis	Malcolm	malcolmlewis	lewis	malcolm	WR	Active	\N
7418	Broc Rutter	Rutter	Broc	brocrutter	rutter	broc	QB	Active	\N
5984	Anthony Ratliff-Williams	Ratliff-Williams	Anthony	anthonyratliffwilliams	ratliffwilliams	anthony	WR	Active	\N
3648	Matt Weiser	Weiser	Matt	mattweiser	weiser	matt	TE	Active	\N
5144	Malik Williams	Williams	Malik	malikwilliams	williams	malik	RB	Active	\N
5637	Garrett Johnson	Johnson	Garrett	garrettjohnson	johnson	garrett	WR	Active	\N
2476	James O'Shaughnessy	O'Shaughnessy	James	jamesoshaughnessy	oshaughnessy	james	TE	Active	\N
6586	Moral Stephens	Stephens	Moral	moralstephens	stephens	moral	TE	Active	\N
7452	Josh Pearson	Pearson	Josh	joshpearson	pearson	josh	WR	Active	\N
3476	Johnny Holton	Holton	Johnny	johnnyholton	holton	johnny	WR	Active	\N
6625	Clayton Hatfield	Hatfield	Clayton	claytonhatfield	hatfield	clayton	K	Active	\N
7175	Chris Rowland	Rowland	Chris	chrisrowland	rowland	chris	WR	Active	\N
4864	Jevoni Robinson	Robinson	Jevoni	jevonirobinson	robinson	jevoni	TE	Inactive	\N
7395	Rashad Medaris	Medaris	Rashad	rashadmedaris	medaris	rashad	WR	Active	\N
5902	Penny Hart	Hart	Penny	pennyhart	hart	penny	WR	Active	SEA
4208	Rodney Adams	Adams	Rodney	rodneyadams	adams	rodney	WR	Active	\N
2040	Scott Simonson	Simonson	Scott	scottsimonson	simonson	scott	TE	Active	\N
1854	Quincy Enunwa	Enunwa	Quincy	quincyenunwa	enunwa	quincy	WR	Active	\N
10858	Alex Quevedo	Quevedo	Alex	alexquevedo	quevedo	alex	K	Active	\N
5975	Alize Mack	Mack	Alize	alizemack	mack	alize	TE	Active	\N
7143	Ben DiNucci	DiNucci	Ben	bendinucci	dinucci	ben	QB	Active	DEN
2449	Stefon Diggs	Diggs	Stefon	stefondiggs	diggs	stefon	WR	Active	BUF
2463	Jesse James	James	Jesse	jessejames	james	jesse	TE	Inactive	CLE
6834	Jared Pinkney	Pinkney	Jared	jaredpinkney	pinkney	jared	TE	Inactive	CHI
6849	Denzel Mims	Mims	Denzel	denzelmims	mims	denzel	WR	Inactive	\N
8613	Taysir Mack	Mack	Taysir	taysirmack	mack	taysir	WR	Active	\N
5890	Damien Harris	Harris	Damien	damienharris	harris	damien	RB	Active	BUF
4151	Jake Butt	Butt	Jake	jakebutt	butt	jake	TE	Injured Reserve	\N
801	Charles Clay	Clay	Charles	charlesclay	clay	charles	TE	Active	\N
642	Golden Tate	Tate	Golden	goldentate	tate	golden	WR	Active	\N
6108	Jacques Patrick	Patrick	Jacques	jacquespatrick	patrick	jacques	RB	Active	\N
9487	Parker Washington	Washington	Parker	parkerwashington	washington	parker	WR	Active	JAX
8849	Tanner Conner	Conner	Tanner	tannerconner	conner	tanner	TE	Active	MIA
7050	Josiah Deguara	Deguara	Josiah	josiahdeguara	deguara	josiah	TE	Active	GB
8139	Zamir White	White	Zamir	zamirwhite	white	zamir	RB	Active	LV
7606	Kadarius Toney	Toney	Kadarius	kadariustoney	toney	kadarius	WR	Active	KC
6209	Ishmael Hyman	Hyman	Ishmael	ishmaelhyman	hyman	ishmael	WR	Inactive	\N
6955	James Robinson	Robinson	James	jamesrobinson	robinson	james	RB	Active	\N
5409	Tanner Hudson	Hudson	Tanner	tannerhudson	hudson	tanner	TE	Active	CIN
10221	Ronnie Bell	Bell	Ronnie	ronniebell	bell	ronnie	WR	Active	SF
6665	Jody Fortson	Fortson	Jody	jodyfortson	fortson	jody	TE	Inactive	KC
7554	Tre' McKitty	McKitty	Tre'	tremckitty	mckitty	tre	TE	Active	LAC
4082	Curtis Samuel	Samuel	Curtis	curtissamuel	samuel	curtis	WR	Active	WAS
7098	Ty'Son Williams	Williams	Ty'Son	tysonwilliams	williams	tyson	RB	Active	\N
3423	Robbie Chosen	Chosen	Robbie	robbiechosen	chosen	robbie	WR	Active	\N
8153	Isaiah Spiller	Spiller	Isaiah	isaiahspiller	spiller	isaiah	RB	Active	LAC
5038	Michael Gallup	Gallup	Michael	michaelgallup	gallup	michael	WR	Active	DAL
3170	Paxton Lynch	Lynch	Paxton	paxtonlynch	lynch	paxton	QB	Inactive	\N
89	Chad Henne	Henne	Chad	chadhenne	henne	chad	QB	Active	\N
4895	Lamar Atkins	Atkins	Lamar	lamaratkins	atkins	lamar	WR	Active	\N
1684	Jaron Brown	Brown	Jaron	jaronbrown	brown	jaron	WR	Active	\N
8905	Travis Koontz	Koontz	Travis	traviskoontz	koontz	travis	TE	Active	\N
6828	AJ Dillon	Dillon	AJ	ajdillon	dillon	aj	RB	Active	GB
5095	Daniel Carlson	Carlson	Daniel	danielcarlson	carlson	daniel	K	Active	LV
7085	Isaiah Coulter	Coulter	Isaiah	isaiahcoulter	coulter	isaiah	WR	Active	\N
6528	Joey Slye	Slye	Joey	joeyslye	slye	joey	K	Active	WAS
6178	Darwin Thompson	Thompson	Darwin	darwinthompson	thompson	darwin	RB	Active	\N
7543	Travis Etienne	Etienne	Travis	travisetienne	etienne	travis	RB	Active	JAX
3868	Jalen Richard	Richard	Jalen	jalenrichard	richard	jalen	RB	Active	LV
943	Kyle Rudolph	Rudolph	Kyle	kylerudolph	rudolph	kyle	TE	Active	\N
5608	Devonte Boyd	Boyd	Devonte	devonteboyd	boyd	devonte	WR	Active	\N
2620	Jake Heaps	Heaps	Jake	jakeheaps	heaps	jake	QB	Active	\N
2238	John Brown	Brown	John	johnbrown	brown	john	WR	Active	BUF
4813	Marvin Bracy	Bracy	Marvin	marvinbracy	bracy	marvin	WR	Active	\N
7299	Justice Shelton-Mosley	Shelton-Mosley	Justice	justicesheltonmosley	sheltonmosley	justice	WR	Inactive	\N
5310	Antonio Callaway	Callaway	Antonio	antoniocallaway	callaway	antonio	WR	Active	DAL
5787	Bryce Bobo	Bobo	Bryce	brycebobo	bobo	bryce	WR	Active	\N
5838	Phillip Andersen	Andersen	Phillip	phillipandersen	andersen	phillip	K	Active	\N
4607	Zach Conque	Conque	Zach	zachconque	conque	zach	QB	Active	\N
4733	Alex Gray	Gray	Alex	alexgray	gray	alex	TE	Inactive	\N
7867	Spencer Brown	Brown	Spencer	spencerbrown	brown	spencer	RB	Active	CAR
6019	Johnnie Dixon	Dixon	Johnnie	johnniedixon	dixon	johnnie	WR	Active	\N
6549	Damion Willis	Willis	Damion	damionwillis	willis	damion	WR	Active	\N
6246	Jeremy Cox	Cox	Jeremy	jeremycox	cox	jeremy	RB	Inactive	\N
4344	C.J. Board	Board	C.J.	cjboard	board	cj	WR	Inactive	TEN
1841	Stephen Houston	Houston	Stephen	stephenhouston	houston	stephen	RB	Active	\N
7885	Bailey Gaither	Gaither	Bailey	baileygaither	gaither	bailey	WR	Active	\N
5718	Ryan Yurachek	Yurachek	Ryan	ryanyurachek	yurachek	ryan	TE	Active	\N
8575	Erik Krommenhoek	Krommenhoek	Erik	erikkrommenhoek	krommenhoek	erik	TE	Active	\N
5468	Christian Scotland-Williamson	Scotland-Williamson	Christian	christianscotlandwilliamson	scotlandwilliamson	christian	TE	Active	\N
3500	Devon Cajuste	Cajuste	Devon	devoncajuste	cajuste	devon	WR	Active	\N
4879	Francis Owusu	Owusu	Francis	francisowusu	owusu	francis	WR	Inactive	\N
5156	Andrew Vollert	Vollert	Andrew	andrewvollert	vollert	andrew	TE	Active	\N
6873	Austin Mack	Mack	Austin	austinmack	mack	austin	WR	Active	\N
4537	Jordan Johnson	Johnson	Jordan	jordanjohnson	johnson	jordan	RB	Active	\N
6040	Tyree Jackson	Jackson	Tyree	tyreejackson	jackson	tyree	TE	Inactive	PHI
8705	Landon Lenoir	Lenoir	Landon	landonlenoir	lenoir	landon	WR	Active	\N
8213	Dai'Jean Dixon	Dixon	Dai'Jean	daijeandixon	dixon	daijean	WR	Active	\N
4528	Trevor Knight	Knight	Trevor	trevorknight	knight	trevor	QB	Active	\N
5359	Dorren Miller	Miller	Dorren	dorrenmiller	miller	dorren	WR	Active	\N
6072	Bruce Anderson	Anderson	Bruce	bruceanderson	anderson	bruce	RB	Inactive	\N
5915	Andy Isabella	Isabella	Andy	andyisabella	isabella	andy	WR	Active	BUF
4080	Zay Jones	Jones	Zay	zayjones	jones	zay	WR	Active	JAX
5917	Mecole Hardman	Hardman	Mecole	mecolehardman	hardman	mecole	WR	Active	NYJ
9491	Tyrone Scott	Scott	Tyrone	tyronescott	scott	tyrone	WR	Active	\N
6966	Javon Leake	Leake	Javon	javonleake	leake	javon	RB	Active	\N
8205	Isiah Pacheco	Pacheco	Isiah	isiahpacheco	pacheco	isiah	RB	Active	KC
9505	Deuce Vaughn	Vaughn	Deuce	deucevaughn	vaughn	deuce	RB	Active	DAL
8033	Bernhard Seikovits	Seikovits	Bernhard	bernhardseikovits	seikovits	bernhard	TE	Active	ARI
8697	Kevin Shaa	Shaa	Kevin	kevinshaa	shaa	kevin	WR	Active	\N
3342	Jakeem Grant	Grant	Jakeem	jakeemgrant	grant	jakeem	WR	Inactive	CLE
8888	Kameron Brown	Brown	Kameron	kameronbrown	brown	kameron	WR	Active	\N
788	Dion Lewis	Lewis	Dion	dionlewis	lewis	dion	RB	Injured Reserve	\N
2315	Todd Gurley	Gurley	Todd	toddgurley	gurley	todd	RB	Active	\N
7081	James Morgan	Morgan	James	jamesmorgan	morgan	james	QB	Active	ARI
4147	Samaje Perine	Perine	Samaje	samajeperine	perine	samaje	RB	Active	DEN
5005	Jaleel Scott	Scott	Jaleel	jaleelscott	scott	jaleel	WR	Inactive	\N
8122	Zonovan Knight	Knight	Zonovan	zonovanknight	knight	zonovan	RB	Active	\N
6175	Kerrith Whyte	Whyte	Kerrith	kerrithwhyte	whyte	kerrith	RB	Active	GB
4051	Chad Kelly	Kelly	Chad	chadkelly	kelly	chad	QB	Active	\N
1348	Dustin Hopkins	Hopkins	Dustin	dustinhopkins	hopkins	dustin	K	Active	CLE
8180	Jalen Nailor	Nailor	Jalen	jalennailor	nailor	jalen	WR	Active	MIN
9999	Will Levis	Levis	Will	willlevis	levis	will	QB	Active	TEN
3976	Mitch Trubisky	Trubisky	Mitch	mitchtrubisky	trubisky	mitch	QB	Active	PIT
2583	Tyrell Williams	Williams	Tyrell	tyrellwilliams	williams	tyrell	WR	Active	\N
8698	Jake Tonges	Tonges	Jake	jaketonges	tonges	jake	TE	Active	CHI
7446	Tucker McCann	McCann	Tucker	tuckermccann	mccann	tucker	K	Active	\N
7809	Avery Williams	Williams	Avery	averywilliams	williams	avery	RB	Inactive	ATL
4066	Evan Engram	Engram	Evan	evanengram	engram	evan	TE	Active	JAX
4177	Mack Hollins	Hollins	Mack	mackhollins	hollins	mack	WR	Active	ATL
7412	Sandro Platzgummer	Platzgummer	Sandro	sandroplatzgummer	platzgummer	sandro	RB	Active	\N
8172	Greg Dulcich	Dulcich	Greg	gregdulcich	dulcich	greg	TE	Active	DEN
8423	Brittain Brown	Brown	Brittain	brittainbrown	brown	brittain	RB	Inactive	LV
8147	John Metchie	Metchie	John	johnmetchie	metchie	john	WR	Active	HOU
8171	Kyle Philips	Philips	Kyle	kylephilips	philips	kyle	WR	Active	TEN
6804	Jordan Love	Love	Jordan	jordanlove	love	jordan	QB	Active	GB
10233	Max Duggan	Duggan	Max	maxduggan	duggan	max	QB	Active	LAC
5854	Drew Lock	Lock	Drew	drewlock	lock	drew	QB	Active	SEA
8809	Aaron Shampklin	Shampklin	Aaron	aaronshampklin	shampklin	aaron	RB	Active	\N
5849	Kyler Murray	Murray	Kyler	kylermurray	murray	kyler	QB	Active	ARI
4017	Deshaun Watson	Watson	Deshaun	deshaunwatson	watson	deshaun	QB	Active	CLE
8052	Donte Sylencieux	Sylencieux	Donte	dontesylencieux	sylencieux	donte	WR	Inactive	\N
4805	Pig Howard	Howard	Pig	pighoward	howard	pig	WR	Active	\N
7156	J'Mar Smith	Smith	J'Mar	jmarsmith	smith	jmar	QB	Active	\N
4494	Alonzo Moore	Moore	Alonzo	alonzomoore	moore	alonzo	WR	Inactive	\N
5004	Ito Smith	Smith	Ito	itosmith	smith	ito	RB	Active	DAL
7865	Brandon Smith	Smith	Brandon	brandonsmith	smith	brandon	WR	Active	DAL
4263	Elijah McGuire	McGuire	Elijah	elijahmcguire	mcguire	elijah	RB	Active	KC
3859	Jalen Simmons	Simmons	Jalen	jalensimmons	simmons	jalen	RB	Active	\N
6462	Ellis Richardson	Richardson	Ellis	ellisrichardson	richardson	ellis	TE	Active	\N
4384	Aaron Peck	Peck	Aaron	aaronpeck	peck	aaron	TE	Active	\N
8573	Talolo Limi-Jones	Limi-Jones	Talolo	talololimijones	limijones	talolo	WR	Active	\N
8055	Brian Johnson	Johnson	Brian	brianjohnson	johnson	brian	K	Active	\N
7243	Kevin Davidson	Davidson	Kevin	kevindavidson	davidson	kevin	QB	Inactive	\N
4536	Jason Croom	Croom	Jason	jasoncroom	croom	jason	TE	Active	\N
5155	Corey Willis	Willis	Corey	coreywillis	willis	corey	WR	Active	\N
3732	Richard Mullaney	Mullaney	Richard	richardmullaney	mullaney	richard	WR	Active	\N
4595	Dontez Ford	Ford	Dontez	dontezford	ford	dontez	WR	Active	\N
3306	Jordan Howard	Howard	Jordan	jordanhoward	howard	jordan	RB	Active	\N
4676	Darreus Rogers	Rogers	Darreus	darreusrogers	rogers	darreus	WR	Active	\N
6399	Kano Dillon	Dillon	Kano	kanodillon	dillon	kano	TE	Active	\N
6661	Joseph Parker	Parker	Joseph	josephparker	parker	joseph	WR	Active	\N
7530	Frank Darby	Darby	Frank	frankdarby	darby	frank	WR	Active	ATL
5750	Garrett Hudson	Hudson	Garrett	garretthudson	hudson	garrett	TE	Active	\N
3582	Chester Rogers	Rogers	Chester	chesterrogers	rogers	chester	WR	Active	\N
3447	Cayleb Jones	Jones	Cayleb	caylebjones	jones	cayleb	WR	Active	\N
5752	Sherman Badie	Badie	Sherman	shermanbadie	badie	sherman	RB	Active	\N
4515	B.J. Johnson	Johnson	B.J.	bjjohnson	johnson	bj	WR	Active	\N
5271	Buddy Howell	Howell	Buddy	buddyhowell	howell	buddy	RB	Active	\N
6535	Nate Becker	Becker	Nate	natebecker	becker	nate	TE	Inactive	\N
5283	Ka'Raun White	White	Ka'Raun	karaunwhite	white	karaun	WR	Active	\N
3978	Jacob Huesman	Huesman	Jacob	jacobhuesman	huesman	jacob	QB	Active	\N
5799	Darius Prince	Prince	Darius	dariusprince	prince	darius	WR	Active	\N
6074	Donald Parham	Parham	Donald	donaldparham	parham	donald	TE	Active	LAC
9223	Tiyon Evans	Evans	Tiyon	tiyonevans	evans	tiyon	RB	Active	\N
8057	Kenji Bahar	Bahar	Kenji	kenjibahar	bahar	kenji	QB	Active	\N
7897	Roland Rivers	Rivers	Roland	rolandrivers	rivers	roland	QB	Inactive	\N
10444	Cedric Tillman	Tillman	Cedric	cedrictillman	tillman	cedric	WR	Active	CLE
4416	Austin Carr	Carr	Austin	austincarr	carr	austin	WR	Inactive	\N
4085	Adam Shaheen	Shaheen	Adam	adamshaheen	shaheen	adam	TE	Inactive	MIA
8858	Keshunn Abram	Abram	Keshunn	keshunnabram	abram	keshunn	WR	Active	\N
8212	Dustin Crum	Crum	Dustin	dustincrum	crum	dustin	QB	Active	\N
8008	Josh Imatorbhebhe	Imatorbhebhe	Josh	joshimatorbhebhe	imatorbhebhe	josh	WR	Active	\N
6156	Benny Snell	Snell	Benny	bennysnell	snell	benny	RB	Active	\N
7082	Dalton Keene	Keene	Dalton	daltonkeene	keene	dalton	TE	Active	HOU
5919	Elijah Holyfield	Holyfield	Elijah	elijahholyfield	holyfield	elijah	RB	Inactive	CIN
8154	Brian Robinson	Robinson	Brian	brianrobinson	robinson	brian	RB	Active	WAS
6192	Chris Blewitt	Blewitt	Chris	chrisblewitt	blewitt	chris	K	Active	\N
8755	Kaden Davis	Davis	Kaden	kadendavis	davis	kaden	WR	Active	ARI
8215	Austin Allen	Allen	Austin	austinallen	allen	austin	TE	Active	GB
7090	Darnell Mooney	Mooney	Darnell	darnellmooney	mooney	darnell	WR	Active	CHI
6001	Drew Sample	Sample	Drew	drewsample	sample	drew	TE	Active	CIN
4283	Khalfani Muhammad	Muhammad	Khalfani	khalfanimuhammad	muhammad	khalfani	RB	Active	\N
2319	DeVante Parker	Parker	DeVante	devanteparker	parker	devante	WR	Active	NE
3300	DeAndre Washington	Washington	DeAndre	deandrewashington	washington	deandre	RB	Inactive	\N
8214	Cole Turner	Turner	Cole	coleturner	turner	cole	TE	Active	WAS
6083	Matt Gay	Gay	Matt	mattgay	gay	matt	K	Active	IND
4144	Jonnu Smith	Smith	Jonnu	jonnusmith	smith	jonnu	TE	Active	ATL
5848	Marquise Brown	Brown	Marquise	marquisebrown	brown	marquise	WR	Active	ARI
1706	Jack Doyle	Doyle	Jack	jackdoyle	doyle	jack	TE	Active	IND
6628	Ventell Bryant	Bryant	Ventell	ventellbryant	bryant	ventell	WR	Active	\N
7556	Marquez Stevenson	Stevenson	Marquez	marquezstevenson	stevenson	marquez	WR	Active	CLE
17	Matt Prater	Prater	Matt	mattprater	prater	matt	K	Active	ARI
886	Taiwan Jones	Jones	Taiwan	taiwanjones	jones	taiwan	RB	Active	\N
8489	Andrew Ogletree	Ogletree	Andrew	andrewogletree	ogletree	andrew	TE	Inactive	IND
6427	Ashton Dulin	Dulin	Ashton	ashtondulin	dulin	ashton	WR	Active	IND
5859	A.J. Brown	Brown	A.J.	ajbrown	brown	aj	WR	Active	PHI
6927	Quez Watkins	Watkins	Quez	quezwatkins	watkins	quez	WR	Active	PHI
8568	John Lovett	Lovett	John	johnlovett	lovett	john	RB	Active	\N
7582	Jhamon Ausbon	Ausbon	Jhamon	jhamonausbon	ausbon	jhamon	WR	Active	\N
7152	Sam Sloman	Sloman	Sam	samsloman	sloman	sam	K	Active	\N
4149	Jamaal Williams	Williams	Jamaal	jamaalwilliams	williams	jamaal	RB	Active	NO
4035	Alvin Kamara	Kamara	Alvin	alvinkamara	kamara	alvin	RB	Active	NO
8126	Wan'Dale Robinson	Robinson	Wan'Dale	wandalerobinson	robinson	wandale	WR	Active	NYG
6843	Albert Okwuegbunam	Okwuegbunam	Albert	albertokwuegbunam	okwuegbunam	albert	TE	Active	PHI
5276	Tyler Hoppes	Hoppes	Tyler	tylerhoppes	hoppes	tyler	TE	Active	\N
7536	Quintin Morris	Morris	Quintin	quintinmorris	morris	quintin	TE	Active	BUF
6982	Cheyenne O'Grady	O'Grady	Cheyenne	cheyenneogrady	ogrady	cheyenne	TE	Active	\N
8437	Thomas Hennigan	Hennigan	Thomas	thomashennigan	hennigan	thomas	WR	Inactive	MIN
5101	Deon Cain	Cain	Deon	deoncain	cain	deon	WR	Active	\N
4219	Jeremy McNichols	McNichols	Jeremy	jeremymcnichols	mcnichols	jeremy	RB	Inactive	PIT
3504	Steven Scheu	Scheu	Steven	stevenscheu	scheu	steven	TE	Active	\N
4409	Josiah Price	Price	Josiah	josiahprice	price	josiah	TE	Active	\N
4874	Chris Bazile	Bazile	Chris	chrisbazile	bazile	chris	TE	Active	\N
5710	Nick Holley	Holley	Nick	nickholley	holley	nick	WR	Active	\N
7400	Manasseh Bailey	Bailey	Manasseh	manassehbailey	bailey	manasseh	WR	Active	\N
184	Adrian Peterson	Peterson	Adrian	adrianpeterson	peterson	adrian	RB	Active	\N
8769	Josh Bist	Bist	Josh	joshbist	bist	josh	TE	Active	\N
7457	Michael Dereus	Dereus	Michael	michaeldereus	dereus	michael	WR	Active	\N
6490	Mik'Quan Deane	Deane	Mik'Quan	mikquandeane	deane	mikquan	TE	Active	\N
1984	Allen Hurns	Hurns	Allen	allenhurns	hurns	allen	WR	Active	MIA
2931	Deshon Foxx	Foxx	Deshon	deshonfoxx	foxx	deshon	WR	Active	\N
8694	Henry Litwin	Litwin	Henry	henrylitwin	litwin	henry	WR	Active	\N
4485	William Stanback	Stanback	William	williamstanback	stanback	william	RB	Active	\N
2944	Matt LaCosse	LaCosse	Matt	mattlacosse	lacosse	matt	TE	Active	NE
3393	Devin Fuller	Fuller	Devin	devinfuller	fuller	devin	WR	Active	\N
4551	Tanner Gentry	Gentry	Tanner	tannergentry	gentry	tanner	WR	Active	\N
1290	Jermaine Kearse	Kearse	Jermaine	jermainekearse	kearse	jermaine	WR	Injured Reserve	\N
4328	Jerome Lane	Lane	Jerome	jeromelane	lane	jerome	WR	Active	\N
5831	Bryant Mitchell	Mitchell	Bryant	bryantmitchell	mitchell	bryant	WR	Inactive	\N
6388	Romello Brooker	Brooker	Romello	romellobrooker	brooker	romello	TE	Active	\N
4468	Antony Auclair	Auclair	Antony	antonyauclair	auclair	antony	TE	Active	\N
5293	Jordan Veasy	Veasy	Jordan	jordanveasy	veasy	jordan	WR	Active	\N
5123	Trenton Cannon	Cannon	Trenton	trentoncannon	cannon	trenton	RB	Inactive	TEN
2528	Ben Koyack	Koyack	Ben	benkoyack	koyack	ben	TE	Active	\N
246	Darren Sproles	Sproles	Darren	darrensproles	sproles	darren	RB	Injured Reserve	\N
7228	Ahmad Wagner	Wagner	Ahmad	ahmadwagner	wagner	ahmad	WR	Inactive	\N
5547	Ryan Smith	Smith	Ryan	ryansmith	smith	ryan	TE	Active	\N
5722	Darvin Kidsy	Kidsy	Darvin	darvinkidsy	kidsy	darvin	WR	Active	\N
7106	Lawrence Cager	Cager	Lawrence	lawrencecager	cager	lawrence	TE	Active	NYG
7359	Nakia Griffin-Stewart	Griffin-Stewart	Nakia	nakiagriffinstewart	griffinstewart	nakia	TE	Active	\N
4233	Zane Gonzalez	Gonzalez	Zane	zanegonzalez	gonzalez	zane	K	Inactive	SF
8145	Jeremy Ruckert	Ruckert	Jeremy	jeremyruckert	ruckert	jeremy	TE	Active	NYJ
10230	Jalen Wayne	Wayne	Jalen	jalenwayne	wayne	jalen	WR	Active	\N
8002	Shane Buechele	Buechele	Shane	shanebuechele	buechele	shane	QB	Active	KC
8245	Derrick Deese	Deese	Derrick	derrickdeese	deese	derrick	TE	Active	DET
4973	Hayden Hurst	Hurst	Hayden	haydenhurst	hurst	hayden	TE	Active	CAR
6181	Trevon Wesco	Wesco	Trevon	trevonwesco	wesco	trevon	TE	Active	TEN
1029	Nick Foles	Foles	Nick	nickfoles	foles	nick	QB	Active	\N
7567	Kenneth Gainwell	Gainwell	Kenneth	kennethgainwell	gainwell	kenneth	RB	Active	PHI
8917	KaVontae Turpin	Turpin	KaVontae	kavontaeturpin	turpin	kavontae	WR	Active	DAL
5284	Jeff Wilson	Wilson	Jeff	jeffwilson	wilson	jeff	RB	Active	MIA
7076	Jeff Thomas	Thomas	Jeff	jeffthomas	thomas	jeff	WR	Inactive	\N
503	Graham Gano	Gano	Graham	grahamgano	gano	graham	K	Active	NYG
6069	Stanley Morgan	Morgan	Stanley	stanleymorgan	morgan	stanley	WR	Active	CIN
1974	Cody Parkey	Parkey	Cody	codyparkey	parkey	cody	K	Active	\N
7101	Rodney Smith	Smith	Rodney	rodneysmith	smith	rodney	RB	Active	\N
7596	Elijah Moore	Moore	Elijah	elijahmoore	moore	elijah	WR	Active	CLE
9507	Titus Swen	Swen	Titus	titusswen	swen	titus	RB	Active	\N
59	Mason Crosby	Crosby	Mason	masoncrosby	crosby	mason	K	Active	GB
827	Tyrod Taylor	Taylor	Tyrod	tyrodtaylor	taylor	tyrod	QB	Active	NYG
7960	T.J. Simmons	Simmons	T.J.	tjsimmons	simmons	tj	WR	Active	\N
8208	Tyler Badie	Badie	Tyler	tylerbadie	badie	tyler	RB	Active	DEN
5937	Diontae Johnson	Johnson	Diontae	diontaejohnson	johnson	diontae	WR	Active	PIT
2505	Darren Waller	Waller	Darren	darrenwaller	waller	darren	TE	Active	NYG
5032	Jordan Akins	Akins	Jordan	jordanakins	akins	jordan	TE	Active	CLE
8061	Jake Hausmann	Hausmann	Jake	jakehausmann	hausmann	jake	TE	Active	\N
4972	Mason Rudolph	Rudolph	Mason	masonrudolph	rudolph	mason	QB	Active	PIT
490	Chase Daniel	Daniel	Chase	chasedaniel	daniel	chase	QB	Active	LAC
8255	Raheem Blackshear	Blackshear	Raheem	raheemblackshear	blackshear	raheem	RB	Active	CAR
7540	Amari Rodgers	Rodgers	Amari	amarirodgers	rodgers	amari	WR	Active	IND
4571	Blake Jarwin	Jarwin	Blake	blakejarwin	jarwin	blake	TE	Active	\N
7611	Rhamondre Stevenson	Stevenson	Rhamondre	rhamondrestevenson	stevenson	rhamondre	RB	Active	NE
8828	Michael Young	Young	Michael	michaelyoung	young	michael	WR	Active	\N
536	Antonio Brown	Brown	Antonio	antoniobrown	brown	antonio	WR	Active	\N
8840	Cole Fotheringham	Fotheringham	Cole	colefotheringham	fotheringham	cole	TE	Active	LV
5012	Mark Andrews	Andrews	Mark	markandrews	andrews	mark	TE	Active	BAL
7539	Gerrid Doaks	Doaks	Gerrid	gerriddoaks	doaks	gerrid	RB	Active	HOU
6988	Raymond Calais	Calais	Raymond	raymondcalais	calais	raymond	RB	Active	\N
663	Benjamin Watson	Watson	Benjamin	benjaminwatson	watson	benjamin	TE	Injured Reserve	\N
6259	Darnell Holland	Holland	Darnell	darnellholland	holland	darnell	RB	Active	\N
6261	Reggie White	White	Reggie	reggiewhite	white	reggie	WR	Active	\N
6970	Stephen Sullivan	Sullivan	Stephen	stephensullivan	sullivan	stephen	TE	Active	CAR
4749	Cameron Posey	Posey	Cameron	cameronposey	posey	cameron	WR	Active	\N
5929	Anthony Johnson	Johnson	Anthony	anthonyjohnson	johnson	anthony	WR	Active	\N
5210	Korey Robertson	Robertson	Korey	koreyrobertson	robertson	korey	WR	Active	\N
7158	Riley Neal	Neal	Riley	rileyneal	neal	riley	QB	Active	\N
8878	Jared Scott	Scott	Jared	jaredscott	scott	jared	TE	Active	\N
8251	Calvin Jackson	Jackson	Calvin	calvinjackson	jackson	calvin	WR	Active	\N
3817	Marcus Tucker	Tucker	Marcus	marcustucker	tucker	marcus	WR	Inactive	\N
5130	Auden Tate	Tate	Auden	audentate	tate	auden	WR	Active	ARI
6187	Aca'Cedric Ware	Ware	Aca'Cedric	acacedricware	ware	acacedric	RB	Active	\N
4710	Gio Pascascio	Pascascio	Gio	giopascascio	pascascio	gio	WR	Active	\N
4750	Lance Lenoir	Lenoir	Lance	lancelenoir	lenoir	lance	WR	Active	LAR
4600	Noel Thomas	Thomas	Noel	noelthomas	thomas	noel	WR	Active	\N
7287	Josh Hammond	Hammond	Josh	joshhammond	hammond	josh	WR	Active	\N
5408	Sergio Bailey	Bailey	Sergio	sergiobailey	bailey	sergio	WR	Active	\N
6373	A.J. Richardson	Richardson	A.J.	ajrichardson	richardson	aj	WR	Active	\N
5201	Terry Swanson	Swanson	Terry	terryswanson	swanson	terry	RB	Active	\N
8885	Tucker Fisk	Fisk	Tucker	tuckerfisk	fisk	tucker	TE	Active	ATL
7439	Tommy Hudson	Hudson	Tommy	tommyhudson	hudson	tommy	TE	Inactive	TEN
6832	Kalija Lipscomb	Lipscomb	Kalija	kalijalipscomb	lipscomb	kalija	WR	Active	\N
6017	DaMarkus Lodge	Lodge	DaMarkus	damarkuslodge	lodge	damarkus	WR	Active	\N
3445	Marcus Johnson	Johnson	Marcus	marcusjohnson	johnson	marcus	WR	Active	NYG
4786	Jhajuan Seales	Seales	Jhajuan	jhajuanseales	seales	jhajuan	WR	Active	\N
6524	Jamire Jordan	Jordan	Jamire	jamirejordan	jordan	jamire	WR	Active	\N
4747	Stevie Donatell	Donatell	Stevie	steviedonatell	donatell	stevie	TE	Active	\N
3398	Kenny Lawler	Lawler	Kenny	kennylawler	lawler	kenny	WR	Active	\N
6320	Jonathan Duhart	Duhart	Jonathan	jonathanduhart	duhart	jonathan	WR	Active	\N
8418	Jared Smart	Smart	Jared	jaredsmart	smart	jared	WR	Active	\N
2785	Gus Johnson	Johnson	Gus	gusjohnson	johnson	gus	RB	Active	\N
8424	Kevin Marks	Marks	Kevin	kevinmarks	marks	kevin	RB	Active	\N
3460	Ross Martin	Martin	Ross	rossmartin	martin	ross	K	Active	\N
1689	Adam Thielen	Thielen	Adam	adamthielen	thielen	adam	WR	Active	CAR
4274	David Moore	Moore	David	davidmoore	moore	david	WR	Active	TB
5773	KhaDarel Hodge	Hodge	KhaDarel	khadarelhodge	hodge	khadarel	WR	Active	ATL
6519	Darrius Shepherd	Shepherd	Darrius	darriusshepherd	shepherd	darrius	WR	Active	\N
1426	DeAndre Hopkins	Hopkins	DeAndre	deandrehopkins	hopkins	deandre	WR	Active	TEN
8559	Josh Babicz	Babicz	Josh	joshbabicz	babicz	josh	TE	Active	\N
5001	Dalton Schultz	Schultz	Dalton	daltonschultz	schultz	dalton	TE	Active	HOU
1329	Chris Hogan	Hogan	Chris	chrishogan	hogan	chris	WR	Injured Reserve	\N
6730	Jordan Ta'amu	Ta'amu	Jordan	jordantaamu	taamu	jordan	QB	Active	\N
5248	Gus Edwards	Edwards	Gus	gusedwards	edwards	gus	RB	Active	BAL
4351	Tim Patrick	Patrick	Tim	timpatrick	patrick	tim	WR	Inactive	DEN
4018	Joe Mixon	Mixon	Joe	joemixon	mixon	joe	RB	Active	CIN
4152	Marlon Mack	Mack	Marlon	marlonmack	mack	marlon	RB	Inactive	DEN
7589	Ian Book	Book	Ian	ianbook	book	ian	QB	Active	PHI
7066	K.J. Osborn	Osborn	K.J.	kjosborn	osborn	kj	WR	Active	MIN
4335	PJ Walker	Walker	PJ	pjwalker	walker	pj	QB	Active	CAR
268	Alex Smith	Smith	Alex	alexsmith	smith	alex	QB	Injured Reserve	\N
6126	Irv Smith	Smith	Irv	irvsmith	smith	irv	TE	Active	CIN
8670	Parker Romo	Romo	Parker	parkerromo	romo	parker	K	Active	\N
8039	Jibri Blount	Blount	Jibri	jibriblount	blount	jibri	TE	Active	\N
5619	Dalyn Dawkins	Dawkins	Dalyn	dalyndawkins	dawkins	dalyn	RB	Active	\N
5126	Austin Proehl	Proehl	Austin	austinproehl	proehl	austin	WR	Active	\N
6885	Ke'Shawn Vaughn	Vaughn	Ke'Shawn	keshawnvaughn	vaughn	keshawn	RB	Active	TB
1169	Robert Griffin	Griffin	Robert	robertgriffin	griffin	robert	QB	Inactive	\N
4054	Mo Alie-Cox	Alie-Cox	Mo	moaliecox	aliecox	mo	TE	Active	IND
6659	Craig Reynolds	Reynolds	Craig	craigreynolds	reynolds	craig	RB	Active	\N
5189	Eddy Pineiro	Pineiro	Eddy	eddypineiro	pineiro	eddy	K	Active	CAR
5955	Hunter Renfrow	Renfrow	Hunter	hunterrenfrow	renfrow	hunter	WR	Active	LV
1223	Garrett Celek	Celek	Garrett	garrettcelek	celek	garrett	TE	Injured Reserve	\N
1388	Tyler Eifert	Eifert	Tyler	tylereifert	eifert	tyler	TE	Inactive	\N
6786	CeeDee Lamb	Lamb	CeeDee	ceedeelamb	lamb	ceedee	WR	Active	DAL
6694	D'Ernest Johnson	Johnson	D'Ernest	dernestjohnson	johnson	dernest	RB	Active	JAX
7092	Chris Finke	Finke	Chris	chrisfinke	finke	chris	WR	Active	\N
3318	Kevin Hogan	Hogan	Kevin	kevinhogan	hogan	kevin	QB	Active	\N
7607	Michael Carter	Carter	Michael	michaelcarter	carter	michael	RB	Active	NYJ
8155	Breece Hall	Hall	Breece	breecehall	hall	breece	RB	Active	NYJ
6146	Kaden Smith	Smith	Kaden	kadensmith	smith	kaden	TE	Inactive	WAS
7088	Xavier Jones	Jones	Xavier	xavierjones	jones	xavier	RB	Active	\N
6895	Quintez Cephus	Cephus	Quintez	quintezcephus	cephus	quintez	WR	Inactive	DET
2465	Kenny Bell	Bell	Kenny	kennybell	bell	kenny	WR	Inactive	\N
1895	AJ McCarron	McCarron	AJ	ajmccarron	mccarron	aj	QB	Inactive	ATL
7071	JJ Molson	Molson	JJ	jjmolson	molson	jj	K	Active	\N
4774	De'Mard Llorens	Llorens	De'Mard	demardllorens	llorens	demard	RB	Active	\N
5286	Austin Allen	Allen	Austin	austinallen	allen	austin	QB	Active	\N
7245	Nate Wieting	Wieting	Nate	natewieting	wieting	nate	TE	Inactive	\N
5863	J.J. Arcega-Whiteside	Arcega-Whiteside	J.J.	jjarcegawhiteside	arcegawhiteside	jj	WR	Active	\N
8884	JJ Howland	Howland	JJ	jjhowland	howland	jj	TE	Active	\N
7425	Patrick Carr	Carr	Patrick	patrickcarr	carr	patrick	RB	Active	\N
7860	Osirus Mitchell	Mitchell	Osirus	osirusmitchell	mitchell	osirus	WR	Active	\N
4696	Trey Edmunds	Edmunds	Trey	treyedmunds	edmunds	trey	RB	Active	\N
6322	Xavier Ubosi	Ubosi	Xavier	xavierubosi	ubosi	xavier	WR	Inactive	\N
7078	Tony Brown	Brown	Tony	tonybrown	brown	tony	WR	Active	\N
7901	Rico Bussey	Bussey	Rico	ricobussey	bussey	rico	WR	Active	\N
6596	Jalan McClendon	McClendon	Jalan	jalanmcclendon	mcclendon	jalan	QB	Active	\N
5884	Kelvin Harmon	Harmon	Kelvin	kelvinharmon	harmon	kelvin	WR	Active	\N
5108	Luke Falk	Falk	Luke	lukefalk	falk	luke	QB	Active	\N
8527	Dareke Young	Young	Dareke	darekeyoung	young	dareke	WR	Active	SEA
6590	Michael Colubiale	Colubiale	Michael	michaelcolubiale	colubiale	michael	TE	Inactive	\N
6394	Romell Guerrier	Guerrier	Romell	romellguerrier	guerrier	romell	WR	Inactive	\N
3895	Marvin Hall	Hall	Marvin	marvinhall	hall	marvin	WR	Active	\N
4790	Robert Wheelwright	Wheelwright	Robert	robertwheelwright	wheelwright	robert	WR	Active	\N
6506	Trayone Gray	Gray	Trayone	trayonegray	gray	trayone	RB	Active	\N
5241	Christian Blake	Blake	Christian	christianblake	blake	christian	WR	Active	\N
5927	Terry McLaurin	McLaurin	Terry	terrymclaurin	mclaurin	terry	WR	Active	WAS
3258	Nick Vannett	Vannett	Nick	nickvannett	vannett	nick	TE	Active	\N
208	Josh McCown	McCown	Josh	joshmccown	mccown	josh	QB	Active	\N
8428	Zander Horvath	Horvath	Zander	zanderhorvath	horvath	zander	RB	Active	LAC
6196	Christian Wade	Wade	Christian	christianwade	wade	christian	RB	Inactive	\N
7578	Myron Mitchell	Mitchell	Myron	myronmitchell	mitchell	myron	WR	Active	\N
8189	Trestan Ebner	Ebner	Trestan	trestanebner	ebner	trestan	RB	Active	CHI
3678	Wil Lutz	Lutz	Wil	willutz	lutz	wil	K	Active	DEN
5119	Jason Sanders	Sanders	Jason	jasonsanders	sanders	jason	K	Active	MIA
3362	Jeff Driskel	Driskel	Jeff	jeffdriskel	driskel	jeff	QB	Active	ARI
6826	Cole Kmet	Kmet	Cole	colekmet	kmet	cole	TE	Active	CHI
7741	Caleb Huntley	Huntley	Caleb	calebhuntley	huntley	caleb	RB	Inactive	ATL
9479	Darnell Washington	Washington	Darnell	darnellwashington	washington	darnell	TE	Active	PIT
5464	De'Lance Turner	Turner	De'Lance	delanceturner	turner	delance	RB	Active	\N
7427	Tyler Mabry	Mabry	Tyler	tylermabry	mabry	tyler	TE	Active	SEA
7496	Nick Westbrook-Ikhine	Westbrook-Ikhine	Nick	nickwestbrookikhine	westbrookikhine	nick	WR	Active	TEN
818	Bilal Powell	Powell	Bilal	bilalpowell	powell	bilal	RB	Active	\N
5246	Jake Roh	Roh	Jake	jakeroh	roh	jake	TE	Active	\N
8174	Kevin Harris	Harris	Kevin	kevinharris	harris	kevin	RB	Active	NE
7904	Stevie Scott	Scott	Stevie	steviescott	scott	stevie	RB	Active	\N
7503	Connor Davis	Davis	Connor	connordavis	davis	connor	TE	Active	\N
6853	Van Jefferson	Jefferson	Van	vanjefferson	jefferson	van	WR	Active	LAR
2214	Cameron Brate	Brate	Cameron	cameronbrate	brate	cameron	TE	Active	\N
5432	Cam Sims	Sims	Cam	camsims	sims	cam	WR	Active	\N
5916	Darrell Henderson	Henderson	Darrell	darrellhenderson	henderson	darrell	RB	Active	\N
7569	Nico Collins	Collins	Nico	nicocollins	collins	nico	WR	Active	HOU
7610	Trey Lance	Lance	Trey	treylance	lance	trey	QB	Active	DAL
5995	Justice Hill	Hill	Justice	justicehill	hill	justice	RB	Active	BAL
7204	Reggie Gilliam	Gilliam	Reggie	reggiegilliam	gilliam	reggie	RB	Active	BUF
344	Julian Edelman	Edelman	Julian	julianedelman	edelman	julian	WR	Injured Reserve	\N
3467	Taylor Bertolet	Bertolet	Taylor	taylorbertolet	bertolet	taylor	K	Inactive	LAC
6806	J.K. Dobbins	Dobbins	J.K.	jkdobbins	dobbins	jk	RB	Active	BAL
7905	Dylan Soehner	Soehner	Dylan	dylansoehner	soehner	dylan	TE	Active	\N
1386	Giovani Bernard	Bernard	Giovani	giovanibernard	bernard	giovani	RB	Active	TB
7918	A.J. Rose	Rose	A.J.	ajrose	rose	aj	RB	Active	\N
6075	Jesper Horsted	Horsted	Jesper	jesperhorsted	horsted	jesper	TE	Active	LV
9753	Zach Charbonnet	Charbonnet	Zach	zachcharbonnet	charbonnet	zach	RB	Active	SEA
8202	Michael Woods	Woods	Michael	michaelwoods	woods	michael	WR	Active	CLE
1517	Theo Riddick	Riddick	Theo	theoriddick	riddick	theo	RB	Injured Reserve	\N
5137	Richie James	James	Richie	richiejames	james	richie	WR	Active	KC
7703	Jacob Harris	Harris	Jacob	jacobharris	harris	jacob	WR	Inactive	LAR
8628	Jontre Kirklin	Kirklin	Jontre	jontrekirklin	kirklin	jontre	WR	Active	NO
3309	Wendell Smallwood	Smallwood	Wendell	wendellsmallwood	smallwood	wendell	RB	Active	WAS
8539	Seth Green	Green	Seth	sethgreen	green	seth	TE	Active	\N
1825	Jarvis Landry	Landry	Jarvis	jarvislandry	landry	jarvis	WR	Inactive	\N
8125	Calvin Austin	Austin	Calvin	calvinaustin	austin	calvin	WR	Active	PIT
4479	Thomas Sperbeck	Sperbeck	Thomas	thomassperbeck	sperbeck	thomas	WR	Active	\N
7009	Trishton Jackson	Jackson	Trishton	trishtonjackson	jackson	trishton	WR	Active	MIN
5138	Martez Carter	Carter	Martez	martezcarter	carter	martez	RB	Active	\N
4630	I'Tavius Mathers	Mathers	I'Tavius	itaviusmathers	mathers	itavius	RB	Active	\N
7435	Cameron Scarlett	Scarlett	Cameron	cameronscarlett	scarlett	cameron	RB	Active	\N
7210	Kendall Hinton	Hinton	Kendall	kendallhinton	hinton	kendall	WR	Active	DEN
5754	Jaeden Graham	Graham	Jaeden	jaedengraham	graham	jaeden	TE	Inactive	\N
4406	Wes Lunt	Lunt	Wes	weslunt	lunt	wes	QB	Active	\N
6088	Bisi Johnson	Johnson	Bisi	bisijohnson	johnson	bisi	WR	Inactive	MIN
7462	Stephen Guidry	Guidry	Stephen	stephenguidry	guidry	stephen	WR	Active	\N
6686	Joe Horn	Horn	Joe	joehorn	horn	joe	WR	Active	\N
4910	Quincy McDuffie	McDuffie	Quincy	quincymcduffie	mcduffie	quincy	WR	Active	\N
4453	Victor Bolden	Bolden	Victor	victorbolden	bolden	victor	WR	Active	DEN
6723	Vincent Testaverde	Testaverde	Vincent	vincenttestaverde	testaverde	vincent	QB	Active	\N
4324	Trey Griffey	Griffey	Trey	treygriffey	griffey	trey	WR	Active	\N
6045	Gary Jennings	Jennings	Gary	garyjennings	jennings	gary	WR	Inactive	\N
6449	Dorian Baker	Baker	Dorian	dorianbaker	baker	dorian	WR	Active	\N
7899	Isaiah McKoy	McKoy	Isaiah	isaiahmckoy	mckoy	isaiah	WR	Active	\N
2822	Adam Humphries	Humphries	Adam	adamhumphries	humphries	adam	WR	Active	\N
6357	Shawn Bane	Bane	Shawn	shawnbane	bane	shawn	WR	Active	\N
1678	Uzoma Nwachukwu	Nwachukwu	Uzoma	uzomanwachukwu	nwachukwu	uzoma	WR	Active	\N
6459	Sean Modster	Modster	Sean	seanmodster	modster	sean	WR	Active	\N
8813	Anthony Turner	Turner	Anthony	anthonyturner	turner	anthony	WR	Active	\N
6317	Jacob Dolegala	Dolegala	Jacob	jacobdolegala	dolegala	jacob	QB	Active	\N
4798	C.J. Germany	Germany	C.J.	cjgermany	germany	cj	WR	Active	\N
7437	Kyle Williams	Williams	Kyle	kylewilliams	williams	kyle	WR	Inactive	\N
6846	Hunter Bryant	Bryant	Hunter	hunterbryant	bryant	hunter	TE	Active	\N
4360	Fred Ross	Ross	Fred	fredross	ross	fred	WR	Inactive	\N
6395	Trinity Benson	Benson	Trinity	trinitybenson	benson	trinity	WR	Inactive	DET
3211	Paul Perkins	Perkins	Paul	paulperkins	perkins	paul	RB	Active	\N
8634	Chris Pierce	Pierce	Chris	chrispierce	pierce	chris	TE	Active	ARI
4942	Marcell Ateman	Ateman	Marcell	marcellateman	ateman	marcell	WR	Active	\N
7370	JoJo Ward	Ward	JoJo	jojoward	ward	jojo	WR	Active	\N
3646	Quayvon Hicks	Hicks	Quayvon	quayvonhicks	hicks	quayvon	RB	Active	\N
2334	Phillip Dorsett	Dorsett	Phillip	phillipdorsett	dorsett	phillip	WR	Active	HOU
4555	Andy Phillips	Phillips	Andy	andyphillips	phillips	andy	K	Active	\N
6908	La'Mical Perine	Perine	La'Mical	lamicalperine	perine	lamical	RB	Active	KC
8056	Jake Verity	Verity	Jake	jakeverity	verity	jake	K	Active	TB
8247	Gerrit Prince	Prince	Gerrit	gerritprince	prince	gerrit	TE	Active	\N
9488	Jaxon Smith-Njigba	Smith-Njigba	Jaxon	jaxonsmithnjigba	smithnjigba	jaxon	WR	Active	SEA
8142	Alec Pierce	Pierce	Alec	alecpierce	pierce	alec	WR	Active	IND
8706	Kehinde Oginni Hassan	Oginni Hassan	Kehinde	kehindeoginnihassan	oginnihassan	kehinde	TE	Active	\N
4150	Wayne Gallman	Gallman	Wayne	waynegallman	gallman	wayne	RB	Active	\N
3969	Leonard Fournette	Fournette	Leonard	leonardfournette	fournette	leonard	RB	Active	\N
7935	Eli Stove	Stove	Eli	elistove	stove	eli	WR	Inactive	\N
2391	David Johnson	Johnson	David	davidjohnson	johnson	david	RB	Active	NO
8184	D'Vonte Price	Price	D'Vonte	dvonteprice	price	dvonte	RB	Inactive	IND
8198	Charleston Rambo	Rambo	Charleston	charlestonrambo	rambo	charleston	WR	Active	\N
3465	Ben Braunecker	Braunecker	Ben	benbraunecker	braunecker	ben	TE	Active	\N
10235	Roschon Johnson	Johnson	Roschon	roschonjohnson	johnson	roschon	RB	Active	CHI
7237	Scotty Washington	Washington	Scotty	scottywashington	washington	scotty	WR	Active	\N
8731	Shemar Bridges	Bridges	Shemar	shemarbridges	bridges	shemar	WR	Active	\N
6753	Derrick Gore	Gore	Derrick	derrickgore	gore	derrick	RB	Active	WAS
3934	Troymaine Pope	Pope	Troymaine	troymainepope	pope	troymaine	RB	Active	\N
5961	Jalin Moore	Moore	Jalin	jalinmoore	moore	jalin	RB	Inactive	\N
5292	Devin Ross	Ross	Devin	devinross	ross	devin	WR	Active	LV
7339	J.J. Koski	Koski	J.J.	jjkoski	koski	jj	WR	Active	\N
5110	Russell Gage	Gage	Russell	russellgage	gage	russell	WR	Inactive	TB
3198	Derrick Henry	Henry	Derrick	derrickhenry	henry	derrick	RB	Active	TEN
3271	Tyler Higbee	Higbee	Tyler	tylerhigbee	higbee	tyler	TE	Active	LAR
6151	Miles Sanders	Sanders	Miles	milessanders	sanders	miles	RB	Active	CAR
2422	Blake Bell	Bell	Blake	blakebell	bell	blake	TE	Active	KC
4958	Brett Maher	Maher	Brett	brettmaher	maher	brett	K	Active	\N
1149	Alshon Jeffery	Jeffery	Alshon	alshonjeffery	jeffery	alshon	WR	Active	\N
8176	Danny Gray	Gray	Danny	dannygray	gray	danny	WR	Active	SF
7579	Austin Watkins	Watkins	Austin	austinwatkins	watkins	austin	WR	Active	CLE
5185	Allen Lazard	Lazard	Allen	allenlazard	lazard	allen	WR	Active	NYJ
2342	Devin Smith	Smith	Devin	devinsmith	smith	devin	WR	Active	\N
5846	DK Metcalf	Metcalf	DK	dkmetcalf	metcalf	dk	WR	Active	SEA
9225	Tank Bigsby	Bigsby	Tank	tankbigsby	bigsby	tank	RB	Active	JAX
6824	Donovan Peoples-Jones	Peoples-Jones	Donovan	donovanpeoplesjones	peoplesjones	donovan	WR	Active	CLE
147	DeSean Jackson	Jackson	DeSean	deseanjackson	jackson	desean	WR	Active	\N
4660	Sean Culkin	Culkin	Sean	seanculkin	culkin	sean	TE	Inactive	\N
8408	Jordan Mason	Mason	Jordan	jordanmason	mason	jordan	RB	Active	SF
2917	Brian Vogler	Vogler	Brian	brianvogler	vogler	brian	TE	Active	\N
3614	Tommylee Lewis	Lewis	Tommylee	tommyleelewis	lewis	tommylee	WR	Active	\N
7191	Jaylon Moore	Moore	Jaylon	jaylonmoore	moore	jaylon	WR	Active	JAX
1555	Kenny Stills	Stills	Kenny	kennystills	stills	kenny	WR	Active	\N
5195	Akrum Wadley	Wadley	Akrum	akrumwadley	wadley	akrum	RB	Active	\N
4535	Steven Wroblewski	Wroblewski	Steven	stevenwroblewski	wroblewski	steven	TE	Active	\N
6492	Terry Wright	Wright	Terry	terrywright	wright	terry	WR	Active	\N
5392	Jack Heneghan	Heneghan	Jack	jackheneghan	heneghan	jack	QB	Active	\N
7093	Adrian Killins	Killins	Adrian	adriankillins	killins	adrian	RB	Inactive	DEN
4533	James Summers	Summers	James	jamessummers	summers	james	RB	Active	\N
5196	Ethan Wolf	Wolf	Ethan	ethanwolf	wolf	ethan	TE	Active	\N
4061	Davis Webb	Webb	Davis	daviswebb	webb	davis	QB	Active	NYG
8633	Stephon Robinson	Robinson	Stephon	stephonrobinson	robinson	stephon	WR	Active	\N
4489	Gehrig Dieter	Dieter	Gehrig	gehrigdieter	dieter	gehrig	WR	Active	\N
5700	Robert Martin	Martin	Robert	robertmartin	martin	robert	RB	Active	\N
284	Delanie Walker	Walker	Delanie	delaniewalker	walker	delanie	TE	Active	\N
7272	Dylan Stapleton	Stapleton	Dylan	dylanstapleton	stapleton	dylan	TE	Inactive	\N
3412	Devon Johnson	Johnson	Devon	devonjohnson	johnson	devon	RB	Active	\N
6465	Thomas Ives	Ives	Thomas	thomasives	ives	thomas	WR	Inactive	CHI
4187	Brian Hill	Hill	Brian	brianhill	hill	brian	RB	Active	\N
8749	Tyreik McAllister	McAllister	Tyreik	tyreikmcallister	mcallister	tyreik	RB	Active	DEN
6529	Chris Myarick	Myarick	Chris	chrismyarick	myarick	chris	TE	Active	NYG
4593	Brandon Barnes	Barnes	Brandon	brandonbarnes	barnes	brandon	TE	Active	\N
4411	R.J. Shelton	Shelton	R.J.	rjshelton	shelton	rj	WR	Inactive	\N
3048	Chris Manhertz	Manhertz	Chris	chrismanhertz	manhertz	chris	TE	Active	JAX
8624	Changa Hodge	Hodge	Changa	changahodge	hodge	changa	WR	Active	\N
6384	Justin Sumpter	Sumpter	Justin	justinsumpter	sumpter	justin	WR	Active	\N
7465	Nick Tiano	Tiano	Nick	nicktiano	tiano	nick	QB	Active	\N
6167	Jordan Scarlett	Scarlett	Jordan	jordanscarlett	scarlett	jordan	RB	Inactive	MIA
5796	Austin Wolf	Wolf	Austin	austinwolf	wolf	austin	WR	Inactive	\N
8108	DeVonte Dedmon	Dedmon	DeVonte	devontededmon	dedmon	devonte	WR	Active	\N
6097	Jamal Custis	Custis	Jamal	jamalcustis	custis	jamal	WR	Inactive	\N
8160	Kenny Pickett	Pickett	Kenny	kennypickett	pickett	kenny	QB	Active	PIT
5924	Emanuel Hall	Hall	Emanuel	emanuelhall	hall	emanuel	WR	Inactive	\N
4026	DeShone Kizer	Kizer	DeShone	deshonekizer	kizer	deshone	QB	Active	\N
6801	Tee Higgins	Higgins	Tee	teehiggins	higgins	tee	WR	Active	CIN
6171	Cody Thompson	Thompson	Cody	codythompson	thompson	cody	WR	Active	SEA
7002	Juwan Johnson	Johnson	Juwan	juwanjohnson	johnson	juwan	TE	Active	NO
7793	Racey McMath	McMath	Racey	raceymcmath	mcmath	racey	WR	Active	\N
7985	Pro Wells	Wells	Pro	prowells	wells	pro	TE	Active	\N
6951	Eno Benjamin	Benjamin	Eno	enobenjamin	benjamin	eno	RB	Inactive	NO
8707	Tayon Fleet-Davis	Fleet-Davis	Tayon	tayonfleetdavis	fleetdavis	tayon	RB	Active	\N
4217	George Kittle	Kittle	George	georgekittle	kittle	george	TE	Active	SF
9997	Zay Flowers	Flowers	Zay	zayflowers	flowers	zay	WR	Active	BAL
10229	Rashee Rice	Rice	Rashee	rasheerice	rice	rashee	WR	Active	KC
6231	John Lovett	Lovett	John	johnlovett	lovett	john	QB	Inactive	MIA
8191	Slade Bolden	Bolden	Slade	sladebolden	bolden	slade	WR	Active	\N
616	Jimmy Graham	Graham	Jimmy	jimmygraham	graham	jimmy	TE	Active	NO
7972	Tony Poljan	Poljan	Tony	tonypoljan	poljan	tony	TE	Active	\N
3433	Alex Erickson	Erickson	Alex	alexerickson	erickson	alex	WR	Active	WAS
1603	Luke Willson	Willson	Luke	lukewillson	willson	luke	TE	Injured Reserve	\N
5169	Malik Earl	Earl	Malik	malikearl	earl	malik	WR	Active	\N
8560	Davis Cheek	Cheek	Davis	davischeek	cheek	davis	QB	Active	\N
8183	Brock Purdy	Purdy	Brock	brockpurdy	purdy	brock	QB	Active	SF
6420	Jon'Vea Johnson	Johnson	Jon'Vea	jonveajohnson	johnson	jonvea	WR	Active	\N
8222	Josh Johnson	Johnson	Josh	joshjohnson	johnson	josh	WR	Active	\N
2320	Melvin Gordon	Gordon	Melvin	melvingordon	gordon	melvin	RB	Active	BAL
6870	Bryan Edwards	Edwards	Bryan	bryanedwards	edwards	bryan	WR	Active	\N
4039	Cooper Kupp	Kupp	Cooper	cooperkupp	kupp	cooper	WR	Active	LAR
868	Virgil Green	Green	Virgil	virgilgreen	green	virgil	TE	Inactive	\N
7042	Tyler Bass	Bass	Tyler	tylerbass	bass	tyler	K	Active	BUF
5124	Alex McGough	McGough	Alex	alexmcgough	mcgough	alex	QB	Active	GB
4171	Josh Reynolds	Reynolds	Josh	joshreynolds	reynolds	josh	WR	Active	DET
9482	Michael Mayer	Mayer	Michael	michaelmayer	mayer	michael	TE	Active	LV
6931	DeeJay Dallas	Dallas	DeeJay	deejaydallas	dallas	deejay	RB	Active	SEA
2279	Paul Richardson	Richardson	Paul	paulrichardson	richardson	paul	WR	Active	\N
5122	Boston Scott	Scott	Boston	bostonscott	scott	boston	RB	Active	PHI
515	Rob Gronkowski	Gronkowski	Rob	robgronkowski	gronkowski	rob	TE	Active	\N
2251	Logan Thomas	Thomas	Logan	loganthomas	thomas	logan	TE	Active	WAS
4034	Christian McCaffrey	McCaffrey	Christian	christianmccaffrey	mccaffrey	christian	RB	Active	SF
8817	Nolan Givan	Givan	Nolan	nolangivan	givan	nolan	TE	Active	\N
7842	Luke Farrell	Farrell	Luke	lukefarrell	farrell	luke	TE	Active	JAX
3634	Kalif Raymond	Raymond	Kalif	kalifraymond	raymond	kalif	WR	Active	DET
2751	Daniel Brown	Brown	Daniel	danielbrown	brown	daniel	TE	Inactive	\N
8058	Nate McCrary	McCrary	Nate	natemccrary	mccrary	nate	RB	Active	CLE
5046	Royce Freeman	Freeman	Royce	roycefreeman	freeman	royce	RB	Active	HOU
5705	John Franklin	Franklin	John	johnfranklin	franklin	john	WR	Inactive	\N
4994	Kalen Ballage	Ballage	Kalen	kalenballage	ballage	kalen	RB	Active	\N
4697	Khalid Abdullah	Abdullah	Khalid	khalidabdullah	abdullah	khalid	RB	Active	\N
4940	DeSean Smith	Smith	DeSean	deseansmith	smith	desean	TE	Active	\N
5236	Kyle Lewis	Lewis	Kyle	kylelewis	lewis	kyle	WR	Active	\N
2262	Trey Millard	Millard	Trey	treymillard	millard	trey	RB	Active	\N
6993	Dominick Wood-Anderson	Wood-Anderson	Dominick	dominickwoodanderson	woodanderson	dominick	TE	Active	\N
4327	Colin Jeter	Jeter	Colin	colinjeter	jeter	colin	TE	Inactive	\N
6913	Joe Reed	Reed	Joe	joereed	reed	joe	WR	Active	CHI
6909	Lynn Bowden	Bowden	Lynn	lynnbowden	bowden	lynn	WR	Active	NE
6451	Stephen Carlson	Carlson	Stephen	stephencarlson	carlson	stephen	TE	Active	\N
3456	Joel Stave	Stave	Joel	joelstave	stave	joel	QB	Injured Reserve	\N
6548	Marcus Marshall	Marshall	Marcus	marcusmarshall	marshall	marcus	RB	Inactive	\N
2381	Chris Conley	Conley	Chris	chrisconley	conley	chris	WR	Active	TEN
5997	Jazz Ferguson	Ferguson	Jazz	jazzferguson	ferguson	jazz	WR	Active	\N
8085	Mekhi Sargent	Sargent	Mekhi	mekhisargent	sargent	mekhi	RB	Active	JAX
7086	John Hightower	Hightower	John	johnhightower	hightower	john	WR	Active	LAC
5103	Dylan Cantrell	Cantrell	Dylan	dylancantrell	cantrell	dylan	TE	Active	\N
1718	Derek Carrier	Carrier	Derek	derekcarrier	carrier	derek	TE	Active	\N
7394	Jermiah Braswell	Braswell	Jermiah	jermiahbraswell	braswell	jermiah	WR	Active	\N
2304	Jerome Cunningham	Cunningham	Jerome	jeromecunningham	cunningham	jerome	TE	Active	\N
5197	Rico Gafford	Gafford	Rico	ricogafford	gafford	rico	WR	Active	\N
4385	Kalif Phillips	Phillips	Kalif	kalifphillips	phillips	kalif	RB	Active	\N
1144	Cole Beasley	Beasley	Cole	colebeasley	beasley	cole	WR	Active	NYG
7376	Case Cookus	Cookus	Case	casecookus	cookus	case	QB	Active	LAR
4951	DJ Chark	Chark	DJ	djchark	chark	dj	WR	Active	CAR
4605	Evan Baylis	Baylis	Evan	evanbaylis	baylis	evan	TE	Active	\N
3225	Tyler Boyd	Boyd	Tyler	tylerboyd	boyd	tyler	WR	Active	CIN
1567	Tavon Austin	Austin	Tavon	tavonaustin	austin	tavon	WR	Active	\N
6768	Tua Tagovailoa	Tagovailoa	Tua	tuatagovailoa	tagovailoa	tua	QB	Active	MIA
7288	Ben Ellefson	Ellefson	Ben	benellefson	ellefson	ben	TE	Inactive	MIN
5022	Dallas Goedert	Goedert	Dallas	dallasgoedert	goedert	dallas	TE	Active	PHI
2023	De'Anthony Thomas	Thomas	De'Anthony	deanthonythomas	thomas	deanthony	WR	Inactive	\N
7564	Ja'Marr Chase	Chase	Ja'Marr	jamarrchase	chase	jamarr	WR	Active	CIN
6814	Laviska Shenault	Shenault	Laviska	laviskashenault	shenault	laviska	WR	Active	CAR
8908	Brandon Lewis	Lewis	Brandon	brandonlewis	lewis	brandon	WR	Active	\N
7464	Connor Slomka	Slomka	Connor	connorslomka	slomka	connor	RB	Active	\N
8185	Johnny Johnson	Johnson	Johnny	johnnyjohnson	johnson	johnny	WR	Active	HOU
7357	Dan Chisena	Chisena	Dan	danchisena	chisena	dan	WR	Active	PIT
6421	Jalen Guyton	Guyton	Jalen	jalenguyton	guyton	jalen	WR	Inactive	LAC
6149	Darius Slayton	Slayton	Darius	dariusslayton	slayton	darius	WR	Active	NYG
3155	Laquon Treadwell	Treadwell	Laquon	laquontreadwell	treadwell	laquon	WR	Active	BAL
8092	Corey Taylor	Taylor	Corey	coreytaylor	taylor	corey	RB	Active	\N
1612	Tyler Bray	Bray	Tyler	tylerbray	bray	tyler	QB	Inactive	\N
8820	Troy Hairston	Hairston	Troy	troyhairston	hairston	troy	RB	Inactive	HOU
8167	Christian Watson	Watson	Christian	christianwatson	watson	christian	WR	Active	GB
4983	DJ Moore	Moore	DJ	djmoore	moore	dj	WR	Active	CHI
178	Matt Schaub	Schaub	Matt	mattschaub	schaub	matt	QB	Injured Reserve	\N
5168	Jordan Chunn	Chunn	Jordan	jordanchunn	chunn	jordan	RB	Inactive	\N
8442	Jarrett Guarantano	Guarantano	Jarrett	jarrettguarantano	guarantano	jarrett	QB	Active	DEN
1266	Greg Zuerlein	Zuerlein	Greg	gregzuerlein	zuerlein	greg	K	Active	NYJ
8178	Braylon Sanders	Sanders	Braylon	braylonsanders	sanders	braylon	WR	Active	MIA
7744	Antonio Nunn	Nunn	Antonio	antonionunn	nunn	antonio	WR	Active	\N
5024	James Washington	Washington	James	jameswashington	washington	james	WR	Active	\N
7552	Blake Proehl	Proehl	Blake	blakeproehl	proehl	blake	WR	Active	\N
8115	Jalen Wydermyer	Wydermyer	Jalen	jalenwydermyer	wydermyer	jalen	TE	Active	IND
7563	Javian Hawkins	Hawkins	Javian	javianhawkins	hawkins	javian	RB	Active	\N
4319	Zach Pascal	Pascal	Zach	zachpascal	pascal	zach	WR	Active	ARI
5086	Marquez Valdes-Scantling	Valdes-Scantling	Marquez	marquezvaldesscantling	valdesscantling	marquez	WR	Active	KC
4949	Derrius Guice	Guice	Derrius	derriusguice	guice	derrius	RB	Active	\N
8179	Snoop Conner	Conner	Snoop	snoopconner	conner	snoop	RB	Active	JAX
6438	Kelvin McKnight	McKnight	Kelvin	kelvinmcknight	mcknight	kelvin	WR	Active	\N
6699	Gunner Olszewski	Olszewski	Gunner	gunnerolszewski	olszewski	gunner	WR	Active	PIT
8188	Tyquan Thornton	Thornton	Tyquan	tyquanthornton	thornton	tyquan	WR	Inactive	NE
4349	Taquan Mizzell	Mizzell	Taquan	taquanmizzell	mizzell	taquan	RB	Inactive	NYG
6439	Hale Hentges	Hentges	Hale	halehentges	hentges	hale	TE	Injured Reserve	\N
5976	Karan Higdon	Higdon	Karan	karanhigdon	higdon	karan	RB	Inactive	\N
6386	Alex Bachman	Bachman	Alex	alexbachman	bachman	alex	WR	Inactive	HOU
4111	D'Onta Foreman	Foreman	D'Onta	dontaforeman	foreman	donta	RB	Active	CHI
6491	Adam Choice	Choice	Adam	adamchoice	choice	adam	RB	Active	\N
5530	Evan Berry	Berry	Evan	evanberry	berry	evan	WR	Active	\N
4408	Terrell Newby	Newby	Terrell	terrellnewby	newby	terrell	RB	Active	\N
7309	Siaosi Mariner	Mariner	Siaosi	siaosimariner	mariner	siaosi	WR	Active	\N
8041	Shane Zylstra	Zylstra	Shane	shanezylstra	zylstra	shane	TE	Active	DET
5263	Chase Litton	Litton	Chase	chaselitton	litton	chase	QB	Active	\N
4936	Skyler Howard	Howard	Skyler	skylerhoward	howard	skyler	QB	Active	SEA
8243	DeAndre Torrey	Torrey	DeAndre	deandretorrey	torrey	deandre	RB	Active	\N
7048	Benny LeMay	LeMay	Benny	bennylemay	lemay	benny	RB	Active	CLE
455	Michael Crabtree	Crabtree	Michael	michaelcrabtree	crabtree	michael	WR	Active	\N
1273	Francis Owusu	Owusu	Francis	francisowusu	owusu	francis	WR	Active	\N
4797	Josh Rounds	Rounds	Josh	joshrounds	rounds	josh	RB	Active	\N
8013	Tim Jones	Jones	Tim	timjones	jones	tim	WR	Active	JAX
7035	Kendrick Rogers	Rogers	Kendrick	kendrickrogers	rogers	kendrick	WR	Active	\N
4683	Aaron Bailey	Bailey	Aaron	aaronbailey	bailey	aaron	QB	Active	BAL
4490	Wyatt Houston	Houston	Wyatt	wyatthouston	houston	wyatt	TE	Active	CAR
7368	Sean Riley	Riley	Sean	seanriley	riley	sean	WR	Active	\N
4480	Bobo Wilson	Wilson	Bobo	bobowilson	wilson	bobo	WR	Active	\N
7065	Eli Wolf	Wolf	Eli	eliwolf	wolf	eli	TE	Inactive	\N
5239	Lamar Jordan	Jordan	Lamar	lamarjordan	jordan	lamar	QB	Active	\N
3205	Cody Kessler	Kessler	Cody	codykessler	kessler	cody	QB	Active	\N
5776	Mark Chapman	Chapman	Mark	markchapman	chapman	mark	WR	Active	\N
8700	Savon Scarver	Scarver	Savon	savonscarver	scarver	savon	WR	Active	\N
1269	Bradley Sowell	Sowell	Bradley	bradleysowell	sowell	bradley	TE	Active	\N
3150	Xavier Rush	Rush	Xavier	xavierrush	rush	xavier	WR	Active	\N
7454	Travis Jonsen	Jonsen	Travis	travisjonsen	jonsen	travis	WR	Active	\N
6142	Caleb Wilson	Wilson	Caleb	calebwilson	wilson	caleb	TE	Active	\N
3336	Moritz Bohringer	Bohringer	Moritz	moritzbohringer	bohringer	moritz	TE	Active	\N
5242	Dontez Byrd	Byrd	Dontez	dontezbyrd	byrd	dontez	WR	Active	\N
4992	Dante Pettis	Pettis	Dante	dantepettis	pettis	dante	WR	Active	CHI
6617	Andre Lindsey	Lindsey	Andre	andrelindsey	lindsey	andre	WR	Active	\N
8685	John Mitchell	Mitchell	John	johnmitchell	mitchell	john	TE	Active	\N
6392	Johnathan Lloyd	Lloyd	Johnathan	johnathanlloyd	lloyd	johnathan	WR	Active	\N
8246	Bryant Koback	Koback	Bryant	bryantkoback	koback	bryant	RB	Active	\N
2892	Rodney Smith	Smith	Rodney	rodneysmith	smith	rodney	RB	Active	\N
4420	Cody Hollister	Hollister	Cody	codyhollister	hollister	cody	WR	Inactive	TEN
7595	Tylan Wallace	Wallace	Tylan	tylanwallace	wallace	tylan	WR	Inactive	BAL
3917	Kendal Thompson	Thompson	Kendal	kendalthompson	thompson	kendal	WR	Inactive	\N
6375	Jerome Washington	Washington	Jerome	jeromewashington	washington	jerome	TE	Active	\N
8238	Emeka Emezie	Emezie	Emeka	emekaemezie	emezie	emeka	WR	Inactive	ATL
8228	Jaylen Warren	Warren	Jaylen	jaylenwarren	warren	jaylen	RB	Active	PIT
10234	Derius Davis	Davis	Derius	deriusdavis	davis	derius	WR	Active	\N
7005	Scottie Phillips	Phillips	Scottie	scottiephillips	phillips	scottie	RB	Active	\N
6778	Chris Streveler	Streveler	Chris	chrisstreveler	streveler	chris	QB	Inactive	\N
4984	Josh Allen	Allen	Josh	joshallen	allen	josh	QB	Active	BUF
1110	T.Y. Hilton	Hilton	T.Y.	tyhilton	hilton	ty	WR	Active	\N
2291	Dontrelle Inman	Inman	Dontrelle	dontrelleinman	inman	dontrelle	WR	Active	\N
7039	Cody White	White	Cody	codywhite	white	cody	WR	Inactive	\N
10227	Payne Durham	Durham	Payne	paynedurham	durham	payne	TE	Active	TB
8170	James Mitchell	Mitchell	James	jamesmitchell	mitchell	james	TE	Active	DET
6154	David Sills	Sills	David	davidsills	sills	david	WR	Active	\N
5397	Trevor Moore	Moore	Trevor	trevormoore	moore	trevor	K	Active	\N
2487	Geremy Davis	Davis	Geremy	geremydavis	davis	geremy	WR	Active	\N
9504	Kayshon Boutte	Boutte	Kayshon	kayshonboutte	boutte	kayshon	WR	Active	NE
7862	T.J. Vasher	Vasher	T.J.	tjvasher	vasher	tj	WR	Active	\N
7893	Dedrick Mills	Mills	Dedrick	dedrickmills	mills	dedrick	RB	Active	\N
7576	Sage Surratt	Surratt	Sage	sagesurratt	surratt	sage	TE	Active	\N
3328	Rashard Higgins	Higgins	Rashard	rashardhiggins	higgins	rashard	WR	Active	CAR
2749	Raheem Mostert	Mostert	Raheem	raheemmostert	mostert	raheem	RB	Active	MIA
6223	Juwann Winfree	Winfree	Juwann	juwannwinfree	winfree	juwann	WR	Active	\N
6803	Brandon Aiyuk	Aiyuk	Brandon	brandonaiyuk	aiyuk	brandon	WR	Active	SF
5120	Danny Etling	Etling	Danny	dannyetling	etling	danny	QB	Active	GB
1373	Geno Smith	Smith	Geno	genosmith	smith	geno	QB	Active	SEA
3909	Sam Ficken	Ficken	Sam	samficken	ficken	sam	K	Active	\N
4854	River Cracraft	Cracraft	River	rivercracraft	cracraft	river	WR	Active	MIA
8132	Tyler Allgeier	Allgeier	Tyler	tylerallgeier	allgeier	tyler	RB	Active	ATL
1546	Kenjon Barner	Barner	Kenjon	kenjonbarner	barner	kenjon	RB	Inactive	\N
9500	Josh Downs	Downs	Josh	joshdowns	downs	josh	WR	Active	IND
9230	Tanner McKee	McKee	Tanner	tannermckee	mckee	tanner	QB	Active	\N
6904	Jalen Hurts	Hurts	Jalen	jalenhurts	hurts	jalen	QB	Active	PHI
6865	Colby Parkinson	Parkinson	Colby	colbyparkinson	parkinson	colby	TE	Active	SEA
8924	Thomas Odukoya	Odukoya	Thomas	thomasodukoya	odukoya	thomas	TE	Active	TEN
5695	Brandon Powell	Powell	Brandon	brandonpowell	powell	brandon	WR	Active	MIN
8240	BJ Baylor	Baylor	BJ	bjbaylor	baylor	bj	RB	Active	\N
7854	Miller Forristall	Forristall	Miller	millerforristall	forristall	miller	TE	Active	NO
3355	Cody Core	Core	Cody	codycore	core	cody	WR	Active	\N
6956	Devin Asiasi	Asiasi	Devin	devinasiasi	asiasi	devin	TE	Active	CIN
6892	Nate Stanley	Stanley	Nate	natestanley	stanley	nate	QB	Active	\N
5244	Devin Gray	Gray	Devin	devingray	gray	devin	WR	Active	\N
4934	Jalen Williams	Williams	Jalen	jalenwilliams	williams	jalen	WR	Inactive	\N
8825	Kekoa Crawford	Crawford	Kekoa	kekoacrawford	crawford	kekoa	WR	Active	\N
2819	Mike Meyer	Meyer	Mike	mikemeyer	meyer	mike	K	Active	\N
2588	Malcolm Brown	Brown	Malcolm	malcolmbrown	brown	malcolm	RB	Active	LAR
7274	Tyler Simmons	Simmons	Tyler	tylersimmons	simmons	tyler	WR	Active	\N
7572	Kylin Hill	Hill	Kylin	kylinhill	hill	kylin	RB	Active	\N
3348	Kolby Listenbee	Listenbee	Kolby	kolbylistenbee	listenbee	kolby	WR	Inactive	\N
3621	Jordan Williams-Lambert	Williams-Lambert	Jordan	jordanwilliamslambert	williamslambert	jordan	WR	Active	\N
5250	Robert Foster	Foster	Robert	robertfoster	foster	robert	WR	Active	\N
2331	Breshad Perriman	Perriman	Breshad	breshadperriman	perriman	breshad	WR	Active	TB
4785	Kermit Whitfield	Whitfield	Kermit	kermitwhitfield	whitfield	kermit	WR	Active	\N
4775	David Olson	Olson	David	davidolson	olson	david	QB	Inactive	\N
3495	Mike Bercovici	Bercovici	Mike	mikebercovici	bercovici	mike	QB	Active	\N
3640	Soma Vainuku	Vainuku	Soma	somavainuku	vainuku	soma	RB	Active	\N
3045	Gannon Sinclair	Sinclair	Gannon	gannonsinclair	sinclair	gannon	TE	Active	\N
4610	Deante' Gray	Gray	Deante'	deantegray	gray	deante	WR	Active	\N
2532	Da'Ron Brown	Brown	Da'Ron	daronbrown	brown	daron	WR	Active	\N
7317	Jared Rice	Rice	Jared	jaredrice	rice	jared	TE	Active	\N
2587	Dres Anderson	Anderson	Dres	dresanderson	anderson	dres	WR	Active	\N
7414	Johnathon Johnson	Johnson	Johnathon	johnathonjohnson	johnson	johnathon	WR	Active	\N
7032	Tyrie Cleveland	Cleveland	Tyrie	tyriecleveland	cleveland	tyrie	WR	Active	PHI
3894	Garrett Griffin	Griffin	Garrett	garrettgriffin	griffin	garrett	TE	Active	DET
7286	Marvelle Ross	Ross	Marvelle	marvelleross	ross	marvelle	WR	Inactive	\N
4548	Joel Bouagnon	Bouagnon	Joel	joelbouagnon	bouagnon	joel	RB	Active	\N
2836	Kenny Cook	Cook	Kenny	kennycook	cook	kenny	WR	Active	\N
7379	Rysen John	John	Rysen	rysenjohn	john	rysen	TE	Active	\N
6553	Austin Walter	Walter	Austin	austinwalter	walter	austin	RB	Active	LV
7217	Trevontae Hights	Hights	Trevontae	trevontaehights	hights	trevontae	WR	Active	\N
5772	Aaron Lacombe	Lacombe	Aaron	aaronlacombe	lacombe	aaron	WR	Inactive	\N
6489	Taryn Christion	Christion	Taryn	tarynchristion	christion	taryn	QB	Active	\N
7235	Aleva Hifo	Hifo	Aleva	alevahifo	hifo	aleva	WR	Active	\N
5777	Malachi Jones	Jones	Malachi	malachijones	jones	malachi	WR	Active	\N
4670	Artavis Scott	Scott	Artavis	artavisscott	scott	artavis	WR	Active	\N
6960	Tyler Johnson	Johnson	Tyler	tylerjohnson	johnson	tyler	WR	Active	LAR
8891	Ryan McDaniel	McDaniel	Ryan	ryanmcdaniel	mcdaniel	ryan	WR	Active	\N
7538	Zach Wilson	Wilson	Zach	zachwilson	wilson	zach	QB	Active	NYJ
5745	Nick Stevens	Stevens	Nick	nickstevens	stevens	nick	QB	Inactive	\N
4669	Andre Patton	Patton	Andre	andrepatton	patton	andre	WR	Active	\N
3312	Jonathan Williams	Williams	Jonathan	jonathanwilliams	williams	jonathan	RB	Inactive	WAS
10224	Brayden Willis	Willis	Brayden	braydenwillis	willis	brayden	TE	Active	SF
5465	Nick Keizer	Keizer	Nick	nickkeizer	keizer	nick	TE	Injured Reserve	\N
6805	KJ Hamler	Hamler	KJ	kjhamler	hamler	kj	WR	Active	\N
6989	Marquez Callaway	Callaway	Marquez	marquezcallaway	callaway	marquez	WR	Active	NO
7525	DeVonta Smith	Smith	DeVonta	devontasmith	smith	devonta	WR	Active	PHI
9228	Bryce Young	Young	Bryce	bryceyoung	young	bryce	QB	Active	CAR
7438	Kristian Wilkerson	Wilkerson	Kristian	kristianwilkerson	wilkerson	kristian	WR	Active	LV
1559	Mike Glennon	Glennon	Mike	mikeglennon	glennon	mike	QB	Active	\N
6268	Matthew Wright	Wright	Matthew	matthewwright	wright	matthew	K	Active	\N
3488	D.J. Foster	Foster	D.J.	djfoster	foster	dj	RB	Inactive	\N
3200	Sterling Shepard	Shepard	Sterling	sterlingshepard	shepard	sterling	WR	Active	NYG
6402	Steven Sims	Sims	Steven	stevensims	sims	steven	WR	Active	HOU
2394	Sean Mannion	Mannion	Sean	seanmannion	mannion	sean	QB	Active	\N
5886	Hakeem Butler	Butler	Hakeem	hakeembutler	butler	hakeem	TE	Inactive	\N
5957	Isaac Nauta	Nauta	Isaac	isaacnauta	nauta	isaac	TE	Inactive	GB
9480	Brenton Strange	Strange	Brenton	brentonstrange	strange	brenton	TE	Active	JAX
3652	Mike Thomas	Thomas	Mike	mikethomas	thomas	mike	WR	Active	BAL
4033	David Njoku	Njoku	David	davidnjoku	njoku	david	TE	Active	CLE
3294	Dak Prescott	Prescott	Dak	dakprescott	prescott	dak	QB	Active	DAL
9496	Sam James	James	Sam	samjames	james	sam	WR	Active	\N
7407	Isaiah Wright	Wright	Isaiah	isaiahwright	wright	isaiah	WR	Active	\N
4718	Dare Ogunbowale	Ogunbowale	Dare	dareogunbowale	ogunbowale	dare	RB	Active	HOU
367	Jared Cook	Cook	Jared	jaredcook	cook	jared	TE	Active	\N
6448	Darrin Hall	Hall	Darrin	darrinhall	hall	darrin	RB	Active	\N
4098	Kareem Hunt	Hunt	Kareem	kareemhunt	hunt	kareem	RB	Active	\N
6233	Matt Sokol	Sokol	Matt	mattsokol	sokol	matt	TE	Active	NE
7091	Aaron Parker	Parker	Aaron	aaronparker	parker	aaron	WR	Active	\N
3157	William Fuller	Fuller	William	williamfuller	fuller	william	WR	Active	\N
4195	Jake Elliott	Elliott	Jake	jakeelliott	elliott	jake	K	Active	PHI
1701	Eric Rogers	Rogers	Eric	ericrogers	rogers	eric	WR	Active	\N
5129	Adonis Jennings	Jennings	Adonis	adonisjennings	jennings	adonis	WR	Active	\N
3078	Jamel Johnson	Johnson	Jamel	jameljohnson	johnson	jamel	WR	Active	\N
6396	Austin Fort	Fort	Austin	austinfort	fort	austin	TE	Active	\N
4358	Austin Duke	Duke	Austin	austinduke	duke	austin	WR	Active	\N
6939	Binjimen Victor	Victor	Binjimen	binjimenvictor	victor	binjimen	WR	Active	\N
5747	Kayaune Ross	Ross	Kayaune	kayauneross	ross	kayaune	WR	Active	\N
4042	Joe Williams	Williams	Joe	joewilliams	williams	joe	RB	Active	\N
4200	DeAngelo Yancey	Yancey	DeAngelo	deangeloyancey	yancey	deangelo	WR	Active	\N
6381	Alexander Hollins	Hollins	Alexander	alexanderhollins	hollins	alexander	WR	Active	\N
3497	Darion Griswold	Griswold	Darion	dariongriswold	griswold	darion	TE	Active	\N
3883	Romar Morris	Morris	Romar	romarmorris	morris	romar	RB	Active	\N
7172	Mikey Daniel	Daniel	Mikey	mikeydaniel	daniel	mikey	RB	Active	\N
587	Logan Paulsen	Paulsen	Logan	loganpaulsen	paulsen	logan	TE	Active	\N
4621	Caleb Bluiett	Bluiett	Caleb	calebbluiett	bluiett	caleb	TE	Active	\N
6522	T.J. Linta	Linta	T.J.	tjlinta	linta	tj	QB	Active	\N
5231	Cole Hunt	Hunt	Cole	colehunt	hunt	cole	TE	Active	\N
1642	Levine Toilolo	Toilolo	Levine	levinetoilolo	toilolo	levine	TE	Inactive	NYG
4938	Speedy Noil	Noil	Speedy	speedynoil	noil	speedy	WR	Active	\N
8831	Ethan Fernea	Fernea	Ethan	ethanfernea	fernea	ethan	WR	Active	\N
2940	Des Lawrence	Lawrence	Des	deslawrence	lawrence	des	WR	Active	\N
6389	Keenen Brown	Brown	Keenen	keenenbrown	brown	keenen	TE	Active	\N
7404	Noah Togiai	Togiai	Noah	noahtogiai	togiai	noah	TE	Active	PHI
2360	Maxx Williams	Williams	Maxx	maxxwilliams	williams	maxx	TE	Active	ARI
7424	Anthony Jones	Jones	Anthony	anthonyjones	jones	anthony	RB	Active	\N
7586	Dazz Newsome	Newsome	Dazz	dazznewsome	newsome	dazz	WR	Active	SF
4725	Phazahn Odom	Odom	Phazahn	phazahnodom	odom	phazahn	TE	Active	\N
7716	John Bates	Bates	John	johnbates	bates	john	TE	Active	WAS
6385	Matt Colburn	Colburn	Matt	mattcolburn	colburn	matt	RB	Active	\N
7336	James Gilbert	Gilbert	James	jamesgilbert	gilbert	james	RB	Active	\N
4508	Gabe Marks	Marks	Gabe	gabemarks	marks	gabe	WR	Active	\N
4777	De'Chavon Hayes	Hayes	De'Chavon	dechavonhayes	hayes	dechavon	RB	Active	\N
6501	C.J. Conrad	Conrad	C.J.	cjconrad	conrad	cj	TE	Active	\N
3594	Peyton Barber	Barber	Peyton	peytonbarber	barber	peyton	RB	Active	\N
7262	Jalen Morton	Morton	Jalen	jalenmorton	morton	jalen	QB	Active	IND
4320	James Quick	Quick	James	jamesquick	quick	james	WR	Active	\N
5791	Gerald Holmes	Holmes	Gerald	geraldholmes	holmes	gerald	RB	Active	\N
862	Blaine Gabbert	Gabbert	Blaine	blainegabbert	gabbert	blaine	QB	Active	TB
8577	James McCourt	McCourt	James	jamesmccourt	mccourt	james	K	Active	\N
10220	Will Mallory	Mallory	Will	willmallory	mallory	will	TE	Active	IND
6387	Nsimba Webster	Webster	Nsimba	nsimbawebster	webster	nsimba	WR	Active	CHI
1476	Latavius Murray	Murray	Latavius	lataviusmurray	murray	latavius	RB	Active	BUF
5973	Josh Oliver	Oliver	Josh	josholiver	oliver	josh	TE	Active	MIN
9502	Tank Dell	Dell	Tank	tankdell	dell	tank	WR	Active	HOU
7131	Tyler Davis	Davis	Tyler	tylerdavis	davis	tyler	TE	Active	GB
2197	Brandin Cooks	Cooks	Brandin	brandincooks	cooks	brandin	WR	Active	DAL
1425	Ryan Griffin	Griffin	Ryan	ryangriffin	griffin	ryan	TE	Active	CHI
6365	Carson Meier	Meier	Carson	carsonmeier	meier	carson	TE	Active	\N
7367	Will Hastings	Hastings	Will	willhastings	hastings	will	WR	Inactive	\N
6598	Trenton Irwin	Irwin	Trenton	trentonirwin	irwin	trenton	WR	Active	CIN
7612	Dee Eskridge	Eskridge	Dee	deeeskridge	eskridge	dee	WR	Active	SEA
6185	Easton Stick	Stick	Easton	eastonstick	stick	easton	QB	Active	LAC
8756	Brandon Johnson	Johnson	Brandon	brandonjohnson	johnson	brandon	WR	Active	DEN
8161	Malik Willis	Willis	Malik	malikwillis	willis	malik	QB	Active	TEN
9229	Anthony Richardson	Richardson	Anthony	anthonyrichardson	richardson	anthony	QB	Active	IND
4741	Dan Arnold	Arnold	Dan	danarnold	arnold	dan	TE	Active	\N
7568	Brevin Jordan	Jordan	Brevin	brevinjordan	jordan	brevin	TE	Active	HOU
2450	Brett Hundley	Hundley	Brett	bretthundley	hundley	brett	QB	Active	\N
4381	Taysom Hill	Hill	Taysom	taysomhill	hill	taysom	TE	Active	NO
2093	Ryan Grant	Grant	Ryan	ryangrant	grant	ryan	WR	Active	\N
5918	Rodney Anderson	Anderson	Rodney	rodneyanderson	anderson	rodney	RB	Inactive	\N
7593	Trey Sermon	Sermon	Trey	treysermon	sermon	trey	RB	Active	PHI
5903	Will Grier	Grier	Will	willgrier	grier	will	QB	Active	CIN
8051	Josh Johnson	Johnson	Josh	joshjohnson	johnson	josh	RB	Inactive	\N
10232	Michael Wilson	Wilson	Michael	michaelwilson	wilson	michael	WR	Active	ARI
5096	Ray-Ray McCloud	McCloud	Ray-Ray	rayraymccloud	mccloud	rayray	WR	Active	SF
7926	Carl Tucker	Tucker	Carl	carltucker	tucker	carl	TE	Active	\N
8146	Garrett Wilson	Wilson	Garrett	garrettwilson	wilson	garrett	WR	Active	NYJ
2325	Nelson Agholor	Agholor	Nelson	nelsonagholor	agholor	nelson	WR	Active	BAL
7527	Mac Jones	Jones	Mac	macjones	jones	mac	QB	Active	NE
3204	C.J. Prosise	Prosise	C.J.	cjprosise	prosise	cj	RB	Active	\N
4602	Robert Tonyan	Tonyan	Robert	roberttonyan	tonyan	robert	TE	Active	CHI
7616	Kai Locksley	Locksley	Kai	kailocksley	locksley	kai	WR	Active	\N
8110	Jake Ferguson	Ferguson	Jake	jakeferguson	ferguson	jake	TE	Active	DAL
7529	Gary Brightwell	Brightwell	Gary	garybrightwell	brightwell	gary	RB	Active	NYG
4806	Brandon Radcliff	Radcliff	Brandon	brandonradcliff	radcliff	brandon	RB	Active	\N
3893	Reece Horn	Horn	Reece	reecehorn	horn	reece	WR	Active	\N
8416	Jalen Virgil	Virgil	Jalen	jalenvirgil	virgil	jalen	WR	Active	DEN
8103	Ryan Willis	Willis	Ryan	ryanwillis	willis	ryan	QB	Active	\N
3357	Brandon Allen	Allen	Brandon	brandonallen	allen	brandon	QB	Active	CIN
2755	Eric Tomlinson	Tomlinson	Eric	erictomlinson	tomlinson	eric	TE	Active	DEN
4613	Shaq Hill	Hill	Shaq	shaqhill	hill	shaq	WR	Active	\N
8656	Tyshaun James	James	Tyshaun	tyshaunjames	james	tyshaun	WR	Active	\N
8621	Garrett Walston	Walston	Garrett	garrettwalston	walston	garrett	TE	Active	\N
8409	Tyler Snead	Snead	Tyler	tylersnead	snead	tyler	WR	Active	\N
4186	T.J. Logan	Logan	T.J.	tjlogan	logan	tj	RB	Active	\N
8226	Greg Bell	Bell	Greg	gregbell	bell	greg	RB	Active	\N
7236	Devwah Whaley	Whaley	Devwah	devwahwhaley	whaley	devwah	RB	Active	\N
5760	Josh Crockett	Crockett	Josh	joshcrockett	crockett	josh	WR	Active	\N
6169	James Williams	Williams	James	jameswilliams	williams	james	RB	Active	\N
6227	Nick Easley	Easley	Nick	nickeasley	easley	nick	WR	Active	\N
5407	Ervin Philips	Philips	Ervin	ervinphilips	philips	ervin	RB	Active	\N
4623	Tim Cook	Cook	Tim	timcook	cook	tim	RB	Active	\N
6236	Travon McMillian	McMillian	Travon	travonmcmillian	mcmillian	travon	RB	Active	\N
5612	Anthony Mahoungou	Mahoungou	Anthony	anthonymahoungou	mahoungou	anthony	WR	Active	\N
7426	Seth Dawkins	Dawkins	Seth	sethdawkins	dawkins	seth	WR	Inactive	\N
8203	Jeremiah Hall	Hall	Jeremiah	jeremiahhall	hall	jeremiah	TE	Active	\N
5403	Peter Pujals	Pujals	Peter	peterpujals	pujals	peter	QB	Active	\N
8429	Levi Lewis	Lewis	Levi	levilewis	lewis	levi	QB	Active	\N
4853	Jerod Evans	Evans	Jerod	jerodevans	evans	jerod	QB	Active	\N
5253	Jordan Franks	Franks	Jordan	jordanfranks	franks	jordan	TE	Inactive	KC
8101	Mark Vital	Vital	Mark	markvital	vital	mark	TE	Active	\N
4305	Tyler Renew	Renew	Tyler	tylerrenew	renew	tyler	RB	Active	\N
5950	Nyqwan Murray	Murray	Nyqwan	nyqwanmurray	murray	nyqwan	WR	Active	\N
7528	Najee Harris	Harris	Najee	najeeharris	harris	najee	RB	Active	PIT
7996	Dillon Stoner	Stoner	Dillon	dillonstoner	stoner	dillon	WR	Inactive	LV
7574	Larry Rountree	Rountree	Larry	larryrountree	rountree	larry	RB	Active	LAC
8799	Zaire Mitchell-Paden	Mitchell-Paden	Zaire	zairemitchellpaden	mitchellpaden	zaire	TE	Active	CLE
4993	Mike Gesicki	Gesicki	Mike	mikegesicki	gesicki	mike	TE	Active	NE
5209	Mike Boone	Boone	Mike	mikeboone	boone	mike	RB	Active	HOU
6964	Sean McKeon	McKeon	Sean	seanmckeon	mckeon	sean	TE	Active	DAL
1099	Randy Bullock	Bullock	Randy	randybullock	bullock	randy	K	Active	\N
7587	Dyami Brown	Brown	Dyami	dyamibrown	brown	dyami	WR	Active	WAS
7729	Dez Fitzpatrick	Fitzpatrick	Dez	dezfitzpatrick	fitzpatrick	dez	WR	Active	PIT
2346	Devin Funchess	Funchess	Devin	devinfunchess	funchess	devin	TE	Active	\N
4227	Harrison Butker	Butker	Harrison	harrisonbutker	butker	harrison	K	Active	KC
4588	Kyle Sloter	Sloter	Kyle	kylesloter	sloter	kyle	QB	Active	\N
7752	Kawaan Baker	Baker	Kawaan	kawaanbaker	baker	kawaan	WR	Active	NO
6037	Brett Rypien	Rypien	Brett	brettrypien	rypien	brett	QB	Active	LAR
7533	Anthony Schwartz	Schwartz	Anthony	anthonyschwartz	schwartz	anthony	WR	Inactive	CLE
8218	Max Borghi	Borghi	Max	maxborghi	borghi	max	RB	Active	\N
6894	Mitchell Wilcox	Wilcox	Mitchell	mitchellwilcox	wilcox	mitchell	TE	Active	CIN
7591	Justin Fields	Fields	Justin	justinfields	fields	justin	QB	Active	CHI
2146	Richard Rodgers	Rodgers	Richard	richardrodgers	rodgers	richard	TE	Inactive	LAC
8253	Deven Thompkins	Thompkins	Deven	deventhompkins	thompkins	deven	WR	Active	TB
8119	Jahan Dotson	Dotson	Jahan	jahandotson	dotson	jahan	WR	Active	WAS
9494	Marvin Mims	Mims	Marvin	marvinmims	mims	marvin	WR	Active	DEN
8745	Lance McCutcheon	McCutcheon	Lance	lancemccutcheon	mccutcheon	lance	WR	Active	LAR
7159	Reid Sinnett	Sinnett	Reid	reidsinnett	sinnett	reid	QB	Active	\N
7571	Rashod Bateman	Bateman	Rashod	rashodbateman	bateman	rashod	WR	Active	BAL
4866	Saquon Barkley	Barkley	Saquon	saquonbarkley	barkley	saquon	RB	Active	NYG
7535	Hunter Long	Long	Hunter	hunterlong	long	hunter	TE	Active	MIA
4183	Nathan Peterman	Peterman	Nathan	nathanpeterman	peterman	nathan	QB	Active	CHI
7597	Kenny Yeboah	Yeboah	Kenny	kennyyeboah	yeboah	kenny	TE	Active	NYJ
232	Frank Gore	Gore	Frank	frankgore	gore	frank	RB	Active	\N
7694	Tommy Tremble	Tremble	Tommy	tommytremble	tremble	tommy	TE	Active	CAR
1034	Brandon Bolden	Bolden	Brandon	brandonbolden	bolden	brandon	RB	Active	LV
6012	Travis Homer	Homer	Travis	travishomer	homer	travis	RB	Inactive	SEA
7933	Alex Kessman	Kessman	Alex	alexkessman	kessman	alex	K	Active	CAR
8026	Landon Rice	Rice	Landon	landonrice	rice	landon	TE	Inactive	\N
8195	Ronnie Rivers	Rivers	Ronnie	ronnierivers	rivers	ronnie	RB	Active	LAR
312	Matthew Slater	Slater	Matthew	matthewslater	slater	matthew	WR	Active	NE
2747	Jason Myers	Myers	Jason	jasonmyers	myers	jason	K	Active	SEA
8150	Kyren Williams	Williams	Kyren	kyrenwilliams	williams	kyren	RB	Active	LAR
8413	Chris Oladokun	Oladokun	Chris	chrisoladokun	oladokun	chris	QB	Active	KC
8130	Trey McBride	McBride	Trey	treymcbride	mcbride	trey	TE	Active	ARI
4863	Josh Rosen	Rosen	Josh	joshrosen	rosen	josh	QB	Active	\N
8131	Isaiah Likely	Likely	Isaiah	isaiahlikely	likely	isaiah	TE	Active	BAL
6372	Xavier Turner	Turner	Xavier	xavierturner	turner	xavier	RB	Active	\N
6155	Jaylen Smith	Smith	Jaylen	jaylensmith	smith	jaylen	WR	Active	\N
7534	Seth Williams	Williams	Seth	sethwilliams	williams	seth	WR	Active	JAX
6032	Keelan Doss	Doss	Keelan	keelandoss	doss	keelan	WR	Active	LAC
2474	Nick Boyle	Boyle	Nick	nickboyle	boyle	nick	TE	Active	\N
3824	Alex Ellis	Ellis	Alex	alexellis	ellis	alex	TE	Active	\N
559	Tim Tebow	Tebow	Tim	timtebow	tebow	tim	TE	Inactive	\N
5217	Jason Reese	Reese	Jason	jasonreese	reese	jason	TE	Active	\N
5751	Austin Roberts	Roberts	Austin	austinroberts	roberts	austin	TE	Active	\N
127	Matt Bryant	Bryant	Matt	mattbryant	bryant	matt	K	Active	\N
7713	Jaelon Darden	Darden	Jaelon	jaelondarden	darden	jaelon	WR	Active	CLE
6626	Isaac Zico	Zico	Isaac	isaaczico	zico	isaac	WR	Active	\N
5385	Alec Bloom	Bloom	Alec	alecbloom	bloom	alec	TE	Active	\N
6629	Brian Burt	Burt	Brian	brianburt	burt	brian	WR	Active	\N
6468	Matthew Eaton	Eaton	Matthew	mattheweaton	eaton	matthew	WR	Active	\N
5462	Christopher Ezeala	Ezeala	Christopher	christopherezeala	ezeala	christopher	RB	Active	\N
4545	Keith Towbridge	Towbridge	Keith	keithtowbridge	towbridge	keith	TE	Active	\N
3333	Temarrick Hemingway	Hemingway	Temarrick	temarrickhemingway	hemingway	temarrick	TE	Active	WAS
812	Lee Smith	Smith	Lee	leesmith	smith	lee	TE	Active	ATL
4678	Tyrone Swoopes	Swoopes	Tyrone	tyroneswoopes	swoopes	tyrone	TE	Active	\N
5207	Marchie Murdock	Murdock	Marchie	marchiemurdock	murdock	marchie	WR	Active	\N
7943	Zach Davidson	Davidson	Zach	zachdavidson	davidson	zach	TE	Active	BUF
5128	Logan Woodside	Woodside	Logan	loganwoodside	woodside	logan	QB	Active	ATL
1793	Trey Burton	Burton	Trey	treyburton	burton	trey	TE	Inactive	\N
5134	Keith Kirkwood	Kirkwood	Keith	keithkirkwood	kirkwood	keith	WR	Active	NO
3916	David Watford	Watford	David	davidwatford	watford	david	WR	Active	\N
8166	Dontario Drummond	Drummond	Dontario	dontariodrummond	drummond	dontario	WR	Active	DAL
3514	Jake McGee	McGee	Jake	jakemcgee	mcgee	jake	TE	Active	\N
4252	Isaiah Ford	Ford	Isaiah	isaiahford	ford	isaiah	WR	Active	\N
7522	Hunter Thedford	Thedford	Hunter	hunterthedford	thedford	hunter	TE	Active	DEN
4727	Mitchell Paige	Paige	Mitchell	mitchellpaige	paige	mitchell	WR	Active	\N
5428	Ricky Jeune	Jeune	Ricky	rickyjeune	jeune	ricky	WR	Active	\N
1170	Alfred Morris	Morris	Alfred	alfredmorris	morris	alfred	RB	Active	\N
5775	Jared Murphy	Murphy	Jared	jaredmurphy	murphy	jared	WR	Active	\N
8173	ZaQuandre White	White	ZaQuandre	zaquandrewhite	white	zaquandre	RB	Active	\N
167	Tom Brady	Brady	Tom	tombrady	brady	tom	QB	Active	\N
5892	David Montgomery	Montgomery	David	davidmontgomery	montgomery	david	RB	Active	DET
7613	Jonathan Adams	Adams	Jonathan	jonathanadams	adams	jonathan	WR	Active	\N
8182	Chase Allen	Allen	Chase	chaseallen	allen	chase	TE	Active	CHI
4029	Dalvin Cook	Cook	Dalvin	dalvincook	cook	dalvin	RB	Active	NYJ
8760	Dre Miller	Miller	Dre	dremiller	miller	dre	TE	Active	\N
6371	Drew Anderson	Anderson	Drew	drewanderson	anderson	drew	QB	Active	\N
7734	Bruno Labelle	Labelle	Bruno	brunolabelle	labelle	bruno	TE	Active	\N
7103	Tavien Feaster	Feaster	Tavien	tavienfeaster	feaster	tavien	RB	Active	ARI
8438	Corey Sutton	Sutton	Corey	coreysutton	sutton	corey	WR	Injured Reserve	\N
2216	Mike Evans	Evans	Mike	mikeevans	evans	mike	WR	Active	TB
6115	Wes Hills	Hills	Wes	weshills	hills	wes	RB	Inactive	\N
8204	Bo Melton	Melton	Bo	bomelton	melton	bo	WR	Active	GB
8149	Master Teague	Teague	Master	masterteague	teague	master	RB	Active	PIT
7949	Trevon Grimes	Grimes	Trevon	trevongrimes	grimes	trevon	WR	Inactive	\N
1244	Josh Gordon	Gordon	Josh	joshgordon	gordon	josh	WR	Active	\N
4137	James Conner	Conner	James	jamesconner	conner	james	RB	Active	ARI
10226	Andrei Iosivas	Iosivas	Andrei	andreiiosivas	iosivas	andrei	WR	Active	CIN
6847	Devin Duvernay	Duvernay	Devin	devinduvernay	duvernay	devin	WR	Active	BAL
6945	Antonio Gibson	Gibson	Antonio	antoniogibson	gibson	antonio	RB	Active	WAS
8254	Julius Chestnut	Chestnut	Julius	juliuschestnut	chestnut	julius	RB	Active	TEN
8431	Chase Garbers	Garbers	Chase	chasegarbers	garbers	chase	QB	Active	LV
6450	David Blough	Blough	David	davidblough	blough	david	QB	Active	\N
1333	Russell Shepard	Shepard	Russell	russellshepard	shepard	russell	WR	Active	\N
3391	Dwayne Washington	Washington	Dwayne	dwaynewashington	washington	dwayne	RB	Inactive	NO
2378	Tevin Coleman	Coleman	Tevin	tevincoleman	coleman	tevin	RB	Active	SF
10212	Josh Whyle	Whyle	Josh	joshwhyle	whyle	josh	TE	Active	TEN
9757	Kendre Miller	Miller	Kendre	kendremiller	miller	kendre	RB	Active	NO
3496	Stephen Anderson	Anderson	Stephen	stephenanderson	anderson	stephen	TE	Active	ARI
8193	E.J. Perry	Perry	E.J.	ejperry	perry	ej	QB	Active	JAX
6794	Justin Jefferson	Jefferson	Justin	justinjefferson	jefferson	justin	WR	Active	MIN
5974	Trace McSorley	McSorley	Trace	tracemcsorley	mcsorley	trace	QB	Active	\N
5987	Alexander Mattison	Mattison	Alexander	alexandermattison	mattison	alexander	RB	Active	MIN
7956	Cade Johnson	Johnson	Cade	cadejohnson	johnson	cade	WR	Active	SEA
5199	Byron Pringle	Pringle	Byron	byronpringle	pringle	byron	WR	Active	CHI
1987	Marqise Lee	Lee	Marqise	marqiselee	lee	marqise	WR	Inactive	\N
7581	Kellen Mond	Mond	Kellen	kellenmond	mond	kellen	QB	Active	CLE
7149	Tommy Stevens	Stevens	Tommy	tommystevens	stevens	tommy	TE	Active	NYG
6018	Zach Gentry	Gentry	Zach	zachgentry	gentry	zach	TE	Active	\N
4309	Scott Orndoff	Orndoff	Scott	scottorndoff	orndoff	scott	TE	Active	\N
6380	Davion Davis	Davis	Davion	daviondavis	davis	davion	WR	Active	\N
8747	Roger Carter	Carter	Roger	rogercarter	carter	roger	TE	Active	LAR
8775	Andrew Mevis	Mevis	Andrew	andrewmevis	mevis	andrew	K	Active	\N
6755	Tavonn Salter	Salter	Tavonn	tavonnsalter	salter	tavonn	WR	Inactive	\N
6932	Charlie Taumoepeau	Taumoepeau	Charlie	charlietaumoepeau	taumoepeau	charlie	TE	Active	\N
6148	Preston Williams	Williams	Preston	prestonwilliams	williams	preston	WR	Active	CAR
7483	Farrod Green	Green	Farrod	farrodgreen	green	farrod	TE	Active	\N
4926	Nick Schuessler	Schuessler	Nick	nickschuessler	schuessler	nick	QB	Active	PIT
6469	Davis Koppenhaver	Koppenhaver	Davis	daviskoppenhaver	koppenhaver	davis	TE	Active	\N
6263	Trevor Wood	Wood	Trevor	trevorwood	wood	trevor	TE	Active	\N
8441	Justin Hall	Hall	Justin	justinhall	hall	justin	WR	Active	\N
5013	Anthony Miller	Miller	Anthony	anthonymiller	miller	anthony	WR	Active	PIT
7378	Kyle Markway	Markway	Kyle	kylemarkway	markway	kyle	TE	Active	\N
4497	Tony Stevens	Stevens	Tony	tonystevens	stevens	tony	WR	Active	\N
8690	Jake Herslow	Herslow	Jake	jakeherslow	herslow	jake	WR	Active	\N
6728	Jackson Harris	Harris	Jackson	jacksonharris	harris	jackson	TE	Active	\N
6358	Kahlil Lewis	Lewis	Kahlil	kahlillewis	lewis	kahlil	WR	Active	\N
3503	Geronimo Allison	Allison	Geronimo	geronimoallison	allison	geronimo	WR	Active	\N
4831	Justice Liggins	Liggins	Justice	justiceliggins	liggins	justice	WR	Active	\N
7218	Cam Sutton	Sutton	Cam	camsutton	sutton	cam	TE	Active	\N
4929	Ahmad Fulwood	Fulwood	Ahmad	ahmadfulwood	fulwood	ahmad	WR	Active	\N
5252	Ray Lawry	Lawry	Ray	raylawry	lawry	ray	RB	Active	\N
3548	Jamal Robinson	Robinson	Jamal	jamalrobinson	robinson	jamal	WR	Active	\N
3568	Marken Michel	Michel	Marken	markenmichel	michel	marken	WR	Active	WAS
6370	Damion Jeanpiere	Jeanpiere	Damion	damionjeanpiere	jeanpiere	damion	WR	Active	\N
7157	Josh Love	Love	Josh	joshlove	love	josh	QB	Active	\N
6136	Jarrett Stidham	Stidham	Jarrett	jarrettstidham	stidham	jarrett	QB	Active	LV
4367	Monty Madaris	Madaris	Monty	montymadaris	madaris	monty	WR	Active	\N
5140	Jaelon Acklin	Acklin	Jaelon	jaelonacklin	acklin	jaelon	WR	Active	\N
7056	Darrell Stewart	Stewart	Darrell	darrellstewart	stewart	darrell	WR	Inactive	\N
4917	Daryl Virgies	Virgies	Daryl	darylvirgies	virgies	daryl	RB	Active	\N
8217	Leddie Brown	Brown	Leddie	leddiebrown	brown	leddie	RB	Active	\N
4520	Travin Dural	Dural	Travin	travindural	dural	travin	WR	Active	\N
9224	Chase Brown	Brown	Chase	chasebrown	brown	chase	RB	Active	CIN
8938	Nathan Rourke	Rourke	Nathan	nathanrourke	rourke	nathan	QB	Active	JAX
7771	Jake Funk	Funk	Jake	jakefunk	funk	jake	RB	Active	IND
4068	Mike Williams	Williams	Mike	mikewilliams	williams	mike	WR	Active	LAC
8127	Charlie Kolar	Kolar	Charlie	charliekolar	kolar	charlie	TE	Active	BAL
2549	Trevor Siemian	Siemian	Trevor	trevorsiemian	siemian	trevor	QB	Active	\N
3321	Tyreek Hill	Hill	Tyreek	tyreekhill	hill	tyreek	WR	Active	MIA
7087	Jonathan Ward	Ward	Jonathan	jonathanward	ward	jonathan	RB	Active	TEN
2082	Xavier Grimble	Grimble	Xavier	xaviergrimble	grimble	xavier	TE	Active	\N
6823	Jacob Eason	Eason	Jacob	jacobeason	eason	jacob	QB	Active	CAR
7789	Jalen Camp	Camp	Jalen	jalencamp	camp	jalen	WR	Active	\N
6107	Emmanuel Butler	Butler	Emmanuel	emmanuelbutler	butler	emmanuel	WR	Inactive	\N
7548	Tyler Vaughns	Vaughns	Tyler	tylervaughns	vaughns	tyler	WR	Active	\N
5272	Greg Joseph	Joseph	Greg	gregjoseph	joseph	greg	K	Active	MIN
8090	Daniel Crawford	Crawford	Daniel	danielcrawford	crawford	daniel	TE	Active	\N
8536	Caleb Shudak	Shudak	Caleb	calebshudak	shudak	caleb	K	Active	TEN
7605	Kyle Trask	Trask	Kyle	kyletrask	trask	kyle	QB	Active	TB
2307	Marcus Mariota	Mariota	Marcus	marcusmariota	mariota	marcus	QB	Active	PHI
2431	Mike Davis	Davis	Mike	mikedavis	davis	mike	RB	Active	\N
8583	Stone Smartt	Smartt	Stone	stonesmartt	smartt	stone	TE	Active	LAC
4038	John Ross	Ross	John	johnross	ross	john	WR	Injured Reserve	\N
4943	Sam Darnold	Darnold	Sam	samdarnold	darnold	sam	QB	Active	SF
3319	Trevor Davis	Davis	Trevor	trevordavis	davis	trevor	WR	Active	\N
964	Lance Kendricks	Kendricks	Lance	lancekendricks	kendricks	lance	TE	Active	\N
6996	JaMycal Hasty	Hasty	JaMycal	jamycalhasty	hasty	jamycal	RB	Active	JAX
2004	Cody Latimer	Latimer	Cody	codylatimer	latimer	cody	WR	Inactive	\N
8219	Jelani Woods	Woods	Jelani	jelaniwoods	woods	jelani	TE	Inactive	IND
10228	Charlie Jones	Jones	Charlie	charliejones	jones	charlie	WR	Active	CIN
5395	Shaun Wilson	Wilson	Shaun	shaunwilson	wilson	shaun	RB	Active	\N
8175	Reggie Roberson	Roberson	Reggie	reggieroberson	roberson	reggie	WR	Active	\N
6973	J.J. Taylor	Taylor	J.J.	jjtaylor	taylor	jj	RB	Active	\N
7436	Mason Kinsey	Kinsey	Mason	masonkinsey	kinsey	mason	WR	Active	TEN
8005	Tarik Black	Black	Tarik	tarikblack	black	tarik	WR	Active	\N
627	Andre Roberts	Roberts	Andre	andreroberts	roberts	andre	WR	Active	CAR
3371	Darius Jackson	Jackson	Darius	dariusjackson	jackson	darius	RB	Active	\N
9485	Marshon Ford	Ford	Marshon	marshonford	ford	marshon	TE	Active	\N
5549	Darrel Williams	Williams	Darrel	darrelwilliams	williams	darrel	RB	Active	\N
2114	Senorise Perry	Perry	Senorise	senoriseperry	perry	senorise	RB	Inactive	\N
1408	Le'Veon Bell	Bell	Le'Veon	leveonbell	bell	leveon	RB	Active	TB
6137	Tommy Sweeney	Sweeney	Tommy	tommysweeney	sweeney	tommy	TE	Active	BUF
5590	Jordan Smallwood	Smallwood	Jordan	jordansmallwood	smallwood	jordan	WR	Active	\N
4744	Barrett Burns	Burns	Barrett	barrettburns	burns	barrett	TE	Active	BAL
5278	Jarvion Franklin	Franklin	Jarvion	jarvionfranklin	franklin	jarvion	RB	Active	\N
4641	Keeon Johnson	Johnson	Keeon	keeonjohnson	johnson	keeon	WR	Active	\N
8602	Danny Davis	Davis	Danny	dannydavis	davis	danny	WR	Active	\N
6359	C.J. Worton	Worton	C.J.	cjworton	worton	cj	WR	Active	\N
4997	Mark Walton	Walton	Mark	markwalton	walton	mark	RB	Active	\N
4364	Karel Hamilton	Hamilton	Karel	karelhamilton	hamilton	karel	WR	Active	\N
5094	Ryan Izzo	Izzo	Ryan	ryanizzo	izzo	ryan	TE	Active	\N
7244	Ja'Marcus Bradley	Bradley	Ja'Marcus	jamarcusbradley	bradley	jamarcus	WR	Active	PIT
7720	Kene Nwangwu	Nwangwu	Kene	kenenwangwu	nwangwu	kene	RB	Active	MIN
3440	Josh Woodrum	Woodrum	Josh	joshwoodrum	woodrum	josh	QB	Active	\N
3561	Bryce Williams	Williams	Bryce	brycewilliams	williams	bryce	TE	Active	\N
7396	Devin Phelps	Phelps	Devin	devinphelps	phelps	devin	WR	Active	\N
4401	Damore'ea Stringfellow	Stringfellow	Damore'ea	damoreeastringfellow	stringfellow	damoreea	WR	Active	\N
5269	Codey McElroy	McElroy	Codey	codeymcelroy	mcelroy	codey	TE	Active	\N
333	Ryan Fitzpatrick	Fitzpatrick	Ryan	ryanfitzpatrick	fitzpatrick	ryan	QB	Active	\N
3464	Marquez North	North	Marquez	marqueznorth	north	marquez	WR	Active	\N
5176	Davon Grayson	Grayson	Davon	davongrayson	grayson	davon	WR	Active	\N
6362	Dredrick Snelson	Snelson	Dredrick	dredricksnelson	snelson	dredrick	WR	Inactive	\N
6293	Cullen Gillaspia	Gillaspia	Cullen	cullengillaspia	gillaspia	cullen	RB	Inactive	SEA
7573	Damon Hazelton	Hazelton	Damon	damonhazelton	hazelton	damon	WR	Active	\N
4569	Brian Brown	Brown	Brian	brianbrown	brown	brian	WR	Active	\N
6237	Wilton Speight	Speight	Wilton	wiltonspeight	speight	wilton	QB	Active	\N
5558	Marcus Martin	Martin	Marcus	marcusmartin	martin	marcus	RB	Active	\N
5941	Felton Davis	Davis	Felton	feltondavis	davis	felton	WR	Active	\N
8921	Maurice Alexander	Alexander	Maurice	mauricealexander	alexander	maurice	WR	Active	DET
6323	Andrew Beck	Beck	Andrew	andrewbeck	beck	andrew	TE	Active	HOU
2382	Duke Johnson	Johnson	Duke	dukejohnson	johnson	duke	RB	Active	\N
2412	Justin Hardy	Hardy	Justin	justinhardy	hardy	justin	WR	Active	\N
4326	Bug Howard	Howard	Bug	bughoward	howard	bug	TE	Inactive	\N
7203	Antonio Williams	Williams	Antonio	antoniowilliams	williams	antonio	RB	Active	\N
7794	Chris Evans	Evans	Chris	chrisevans	evans	chris	RB	Active	CIN
6920	Isaiah Hodgins	Hodgins	Isaiah	isaiahhodgins	hodgins	isaiah	WR	Active	NYG
4127	C.J. Beathard	Beathard	C.J.	cjbeathard	beathard	cj	QB	Active	JAX
8143	Jerome Ford	Ford	Jerome	jeromeford	ford	jerome	RB	Active	CLE
8581	Trevon Bradford	Bradford	Trevon	trevonbradford	bradford	trevon	WR	Active	\N
6943	Gabe Davis	Davis	Gabe	gabedavis	davis	gabe	WR	Active	BUF
7335	Bryce Perkins	Perkins	Bryce	bryceperkins	perkins	bryce	QB	Active	LAR
5985	Foster Moreau	Moreau	Foster	fostermoreau	moreau	foster	TE	Active	NO
1535	Cordarrelle Patterson	Patterson	Cordarrelle	cordarrellepatterson	patterson	cordarrelle	RB	Active	ATL
3774	Jason Vander Laan	Vander Laan	Jason	jasonvanderlaan	vanderlaan	jason	TE	Inactive	\N
6147	Clayton Thorson	Thorson	Clayton	claytonthorson	thorson	clayton	QB	Active	NYG
6819	Michael Pittman	Pittman	Michael	michaelpittman	pittman	michael	WR	Active	IND
7518	Taylor Russolino	Russolino	Taylor	taylorrussolino	russolino	taylor	K	Active	\N
4651	Corey Clement	Clement	Corey	coreyclement	clement	corey	RB	Active	ARI
5322	James Looney	Looney	James	jameslooney	looney	james	TE	Active	\N
9231	Jaren Hall	Hall	Jaren	jarenhall	hall	jaren	QB	Active	\N
8162	Sam Howell	Howell	Sam	samhowell	howell	sam	QB	Active	WAS
6081	Kendall Blanton	Blanton	Kendall	kendallblanton	blanton	kendall	TE	Active	\N
8258	Cade York	York	Cade	cadeyork	york	cade	K	Active	\N
8230	Ty Chandler	Chandler	Ty	tychandler	chandler	ty	RB	Active	MIN
9226	De'Von Achane	Achane	De'Von	devonachane	achane	devon	RB	Active	MIA
6163	Alex Wesley	Wesley	Alex	alexwesley	wesley	alex	WR	Inactive	\N
6016	Dax Raymond	Raymond	Dax	daxraymond	raymond	dax	TE	Active	PIT
4491	Marcus Kemp	Kemp	Marcus	marcuskemp	kemp	marcus	WR	Active	\N
1992	Allen Robinson	Robinson	Allen	allenrobinson	robinson	allen	WR	Active	PIT
7599	Jermar Jefferson	Jefferson	Jermar	jermarjefferson	jefferson	jermar	RB	Active	\N
8197	Peyton Hendershot	Hendershot	Peyton	peytonhendershot	hendershot	peyton	TE	Active	DAL
8206	Skylar Thompson	Thompson	Skylar	skylarthompson	thompson	skylar	QB	Active	MIA
8220	Sincere McCormick	McCormick	Sincere	sinceremccormick	mccormick	sincere	RB	Active	LV
5844	T.J. Hockenson	Hockenson	T.J.	tjhockenson	hockenson	tj	TE	Active	MIN
10211	Camerun Peoples	Peoples	Camerun	camerunpeoples	peoples	camerun	RB	Active	\N
5460	Kaare Vedvik	Vedvik	Kaare	kaarevedvik	vedvik	kaare	K	Active	\N
4153	Jordan Leggett	Leggett	Jordan	jordanleggett	leggett	jordan	TE	Inactive	\N
4131	Kenny Golladay	Golladay	Kenny	kennygolladay	golladay	kenny	WR	Active	\N
6857	Collin Johnson	Johnson	Collin	collinjohnson	johnson	collin	WR	Active	\N
5828	Diontae Spencer	Spencer	Diontae	diontaespencer	spencer	diontae	WR	Inactive	NYJ
6130	Devin Singletary	Singletary	Devin	devinsingletary	singletary	devin	RB	Active	HOU
7614	Darius Clark	Clark	Darius	dariusclark	clark	darius	RB	Active	\N
5131	Justin Jackson	Jackson	Justin	justinjackson	jackson	justin	RB	Active	DET
1592	Darren Fells	Fells	Darren	darrenfells	fells	darren	TE	Active	TB
5786	Marcus Peterson	Peterson	Marcus	marcuspeterson	peterson	marcus	WR	Active	\N
8589	Marcus Santos-Silva	Santos-Silva	Marcus	marcussantossilva	santossilva	marcus	TE	Active	\N
3418	Mekale McKay	McKay	Mekale	mekalemckay	mckay	mekale	WR	Active	\N
3920	Harvey Binford	Binford	Harvey	harveybinford	binford	harvey	WR	Inactive	\N
4314	Johnny Mundt	Mundt	Johnny	johnnymundt	mundt	johnny	TE	Active	MIN
3397	Keith Marshall	Marshall	Keith	keithmarshall	marshall	keith	RB	Active	\N
8783	Kendric Pryor	Pryor	Kendric	kendricpryor	pryor	kendric	WR	Active	JAX
6049	Tyre Brady	Brady	Tyre	tyrebrady	brady	tyre	WR	Active	\N
2373	Clive Walford	Walford	Clive	clivewalford	walford	clive	TE	Active	\N
6364	Papi White	White	Papi	papiwhite	white	papi	WR	Active	\N
6164	Kahale Warring	Warring	Kahale	kahalewarring	warring	kahale	TE	Active	\N
6002	Qadree Ollison	Ollison	Qadree	qadreeollison	ollison	qadree	RB	Active	DAL
7107	Jason Huntley	Huntley	Jason	jasonhuntley	huntley	jason	RB	Active	PIT
1619	Demetrius Harris	Harris	Demetrius	demetriusharris	harris	demetrius	TE	Active	\N
6290	Scotty Miller	Miller	Scotty	scottymiller	miller	scotty	WR	Active	TB
4463	Tyler McCloskey	McCloskey	Tyler	tylermccloskey	mccloskey	tyler	RB	Active	\N
8824	Samson Nacua	Nacua	Samson	samsonnacua	nacua	samson	WR	Active	\N
3515	K.J. Maye	Maye	K.J.	kjmaye	maye	kj	WR	Active	\N
4108	Carlos Henderson	Henderson	Carlos	carloshenderson	henderson	carlos	WR	Active	\N
6712	Marcus Simms	Simms	Marcus	marcussimms	simms	marcus	WR	Inactive	\N
3505	Dom Williams	Williams	Dom	domwilliams	williams	dom	WR	Active	\N
3407	Beau Sandland	Sandland	Beau	beausandland	sandland	beau	TE	Active	\N
3516	Mitch Mathews	Mathews	Mitch	mitchmathews	mathews	mitch	WR	Active	\N
5136	Josh Adams	Adams	Josh	joshadams	adams	josh	RB	Active	\N
7460	Jake Burt	Burt	Jake	jakeburt	burt	jake	TE	Active	\N
5550	John David Moore	Moore	John David	johndavidmoore	moore	johndavid	RB	Active	\N
7990	Garrett Groshek	Groshek	Garrett	garrettgroshek	groshek	garrett	RB	Active	\N
2229	Garrett Gilbert	Gilbert	Garrett	garrettgilbert	gilbert	garrett	QB	Active	NE
7537	Jaret Patterson	Patterson	Jaret	jaretpatterson	patterson	jaret	RB	Active	WAS
8572	Andrew Parchment	Parchment	Andrew	andrewparchment	parchment	andrew	WR	Active	\N
7618	Micah Simon	Simon	Micah	micahsimon	simon	micah	WR	Active	CAR
9511	Keaton Mitchell	Mitchell	Keaton	keatonmitchell	mitchell	keaton	RB	Active	BAL
3177	Corey Coleman	Coleman	Corey	coreycoleman	coleman	corey	WR	Active	\N
8177	Grant Calcaterra	Calcaterra	Grant	grantcalcaterra	calcaterra	grant	TE	Active	PHI
8040	Quinn Nordin	Nordin	Quinn	quinnnordin	nordin	quinn	K	Active	\N
5220	Godwin Igwebuike	Igwebuike	Godwin	godwinigwebuike	igwebuike	godwin	RB	Active	ATL
4273	Chris Carson	Carson	Chris	chriscarson	carson	chris	RB	Active	\N
7499	Paul Quessenberry	Quessenberry	Paul	paulquessenberry	quessenberry	paul	TE	Active	\N
5154	Trent Sherfield	Sherfield	Trent	trentsherfield	sherfield	trent	WR	Active	BUF
7562	Tutu Atwell	Atwell	Tutu	tutuatwell	atwell	tutu	WR	Active	LAR
1234	Russell Wilson	Wilson	Russell	russellwilson	wilson	russell	QB	Active	DEN
4421	Jacob Hollister	Hollister	Jacob	jacobhollister	hollister	jacob	TE	Active	\N
8152	Kennedy Brooks	Brooks	Kennedy	kennedybrooks	brooks	kennedy	RB	Active	PHI
8523	Nick Muse	Muse	Nick	nickmuse	muse	nick	TE	Active	MIN
5699	Matt Fleming	Fleming	Matt	mattfleming	fleming	matt	WR	Active	\N
6591	Charles Jones	Jones	Charles	charlesjones	jones	charles	TE	Inactive	\N
8571	Ra'Shaun Henry	Henry	Ra'Shaun	rashaunhenry	henry	rashaun	WR	Active	ATL
5878	N'Keal Harry	Harry	N'Keal	nkealharry	harry	nkeal	WR	Active	\N
8570	Derek Wright	Wright	Derek	derekwright	wright	derek	WR	Active	CAR
10214	Davis Allen	Allen	Davis	davisallen	allen	davis	TE	Active	LAR
5374	Justin Watson	Watson	Justin	justinwatson	watson	justin	WR	Active	KC
7983	Collin Hill	Hill	Collin	collinhill	hill	collin	QB	Inactive	\N
1601	Spencer Ware	Ware	Spencer	spencerware	ware	spencer	RB	Inactive	\N
8249	Lucas Krull	Krull	Lucas	lucaskrull	krull	lucas	TE	Active	\N
8931	Josh Ali	Ali	Josh	joshali	ali	josh	WR	Active	ATL
3163	Jared Goff	Goff	Jared	jaredgoff	goff	jared	QB	Active	DET
3208	Kenneth Dixon	Dixon	Kenneth	kennethdixon	dixon	kenneth	RB	Active	\N
1262	Alex Tanney	Tanney	Alex	alextanney	tanney	alex	QB	Injured Reserve	\N
4169	Jehu Chesson	Chesson	Jehu	jehuchesson	chesson	jehu	WR	Inactive	\N
1911	Willie Snead	Snead	Willie	williesnead	snead	willie	WR	Active	SF
7746	Austin Trammell	Trammell	Austin	austintrammell	trammell	austin	WR	Active	LAR
2602	Darius Jennings	Jennings	Darius	dariusjennings	jennings	darius	WR	Active	\N
5010	Will Dissly	Dissly	Will	willdissly	dissly	will	TE	Active	SEA
331	Philip Rivers	Rivers	Philip	philiprivers	rivers	philip	QB	Injured Reserve	\N
4443	Pharaoh Brown	Brown	Pharaoh	pharaohbrown	brown	pharaoh	TE	Active	NE
6797	Justin Herbert	Herbert	Justin	justinherbert	herbert	justin	QB	Active	LAC
8134	Khalil Shakir	Shakir	Khalil	khalilshakir	shakir	khalil	WR	Active	BUF
\.


--
-- Data for Name: posts; Type: TABLE DATA; Schema: public; Owner: postgres
--

COPY public.posts (id, title, content, date_posted, slug, poster_id) FROM stdin;
\.


--
-- Data for Name: roster_player; Type: TABLE DATA; Schema: public; Owner: postgres
--

COPY public.roster_player (id, player_id, team_id, season, salary, unadjusted_salary, date_added, date_removed, date_updated, is_franchised, is_ir, open_transaction_id, close_transaction_id, note, "is_Taxi") FROM stdin;
6075	956	10	2022	0	63	2022-09-01 00:00:00	2022-11-02 09:05:55.395	\N	t	f	\N	893381544994258944	\N	\N
6087	1049	10	2022	8	\N	2022-09-01 00:00:00	2022-11-03 09:06:03.959	\N	f	f	\N	893462705015586816	\N	\N
6001	8161	6	2022	1	\N	2022-09-01 00:00:00	2022-11-06 10:05:43.686	\N	f	f	\N	894656395524366336	\N	\N
6094	6694	11	2022	5	\N	2022-09-01 00:00:00	2022-11-09 10:05:51.859	\N	f	f	\N	895541952144662528	\N	\N
6080	1945	10	2022	6	\N	2022-09-01 00:00:00	2022-11-10 10:05:57.4	\N	f	f	\N	896289557946060800	\N	\N
6050	8168	8	2022	10	\N	2022-09-01 00:00:00	2022-11-16 10:05:43.671	\N	f	f	\N	897990298620334080	\N	\N
6036	7543	7	2022	22	\N	2022-09-01 00:00:00	2022-11-17 15:44:06.792	2023-01-30 18:55:03.649931	f	f	\N	898995758894993408	\N	\N
6049	7538	8	2022	8	\N	2022-09-01 00:00:00	2022-11-23 10:06:07.137	\N	f	f	\N	900859334232309760	\N	\N
6088	4033	10	2022	9	\N	2022-09-01 00:00:00	2022-11-28 21:02:20.889	2023-01-30 18:55:03.975287	f	f	\N	902943263529611264	\N	\N
6083	5955	10	2022	6	\N	2022-09-01 00:00:00	2022-12-08 01:18:24.69	\N	f	f	\N	906388236199411712	\N	\N
5995	1339	5	2022	11	\N	2022-09-01 00:00:00	2022-12-08 10:06:15.918	\N	f	f	\N	906183850470875136	\N	\N
5927	4866	1	2022	37	\N	2022-09-01 00:00:00	2023-07-16 21:31:28.37896	2023-07-16 21:31:28.37896	f	f	\N	\N	\N	\N
6067	8144	9	2022	10	\N	2022-09-01 00:00:00	2023-07-16 21:31:28.783889	2023-07-16 21:31:28.783889	f	f	\N	\N	\N	\N
5926	4018	1	2022	32	\N	2022-09-01 00:00:00	2023-07-16 21:31:28.395847	2023-07-16 21:31:28.395847	f	f	\N	\N	\N	\N
5921	5916	1	2022	9	\N	2022-09-01 00:00:00	2023-07-16 21:31:28.401981	2023-07-16 21:31:28.401981	f	f	\N	\N	\N	\N
5922	6783	1	2022	9	22	2022-09-01 00:00:00	2023-07-16 21:31:28.404423	2023-07-16 21:31:28.404423	t	f	\N	\N	\N	\N
5918	5967	1	2022	7	\N	2022-09-01 00:00:00	2023-07-16 21:31:28.407453	2023-07-16 21:31:28.407453	f	f	\N	\N	\N	\N
6017	5045	6	2022	14	\N	2022-09-01 00:00:00	2023-07-16 21:31:28.649222	2023-07-16 21:31:28.649222	f	f	\N	\N	\N	\N
6016	3321	6	2022	12	\N	2022-09-01 00:00:00	2023-07-16 21:31:28.650634	2023-07-16 21:31:28.650634	f	f	\N	\N	\N	\N
6011	6955	6	2022	6	\N	2022-09-01 00:00:00	2023-07-16 21:31:28.660195	2023-07-16 21:31:28.660195	f	f	\N	\N	\N	\N
6007	7569	6	2022	5	\N	2022-09-01 00:00:00	2023-07-16 21:31:28.667391	2023-07-16 21:31:28.667391	f	f	\N	\N	\N	\N
6004	4981	6	2022	2	\N	2022-09-01 00:00:00	2023-07-16 21:31:28.677498	2023-07-16 21:31:28.677498	f	f	\N	\N	\N	\N
6037	4983	7	2022	25	\N	2022-09-01 00:00:00	2023-07-16 21:31:28.685352	2023-07-16 21:31:28.685352	f	f	\N	\N	\N	\N
6034	7523	7	2022	17	\N	2022-09-01 00:00:00	2023-07-16 21:31:28.692337	2023-07-16 21:31:28.692337	f	f	\N	\N	\N	\N
6033	5848	7	2022	13	\N	2022-09-01 00:00:00	2023-07-16 21:31:28.69437	2023-07-16 21:31:28.69437	f	f	\N	\N	\N	\N
6031	2749	7	2022	12	\N	2022-09-01 00:00:00	2023-07-16 21:31:28.697028	2023-07-16 21:31:28.697028	f	f	\N	\N	\N	\N
6029	3451	7	2022	7	\N	2022-09-01 00:00:00	2023-07-16 21:31:28.700034	2023-07-16 21:31:28.700034	f	f	\N	\N	\N	\N
6026	4068	7	2022	6	\N	2022-09-01 00:00:00	2023-07-16 21:31:28.706446	2023-07-16 21:31:28.706446	f	f	\N	\N	\N	\N
6025	24	7	2022	6	\N	2022-09-01 00:00:00	2023-07-16 21:31:28.708445	2023-07-16 21:31:28.708445	f	f	\N	\N	\N	\N
6024	8119	7	2022	5	\N	2022-09-01 00:00:00	2023-07-16 21:31:28.710522	2023-07-16 21:31:28.710522	f	f	\N	\N	\N	\N
6021	8221	7	2022	1	\N	2022-09-01 00:00:00	2023-07-16 21:31:28.716699	2023-07-16 21:31:28.716699	f	f	\N	\N	\N	\N
6055	6813	8	2022	26	\N	2022-09-01 00:00:00	2023-07-16 21:31:28.726392	2023-07-16 21:31:28.726392	f	f	\N	\N	\N	\N
6054	5937	8	2022	25	\N	2022-09-01 00:00:00	2023-07-16 21:31:28.7284	2023-07-16 21:31:28.7284	f	f	\N	\N	\N	\N
6053	2216	8	2022	22	\N	2022-09-01 00:00:00	2023-07-16 21:31:28.734772	2023-07-16 21:31:28.734772	f	f	\N	\N	\N	\N
6048	6904	8	2022	8	\N	2022-09-01 00:00:00	2023-07-16 21:31:28.746096	2023-07-16 21:31:28.746096	f	f	\N	\N	\N	\N
6042	5022	8	2022	6	\N	2022-09-01 00:00:00	2023-07-16 21:31:28.748098	2023-07-16 21:31:28.748098	f	f	\N	\N	\N	\N
6045	7596	8	2022	6	\N	2022-09-01 00:00:00	2023-07-16 21:31:28.750661	2023-07-16 21:31:28.750661	f	f	\N	\N	\N	\N
6073	3969	9	2022	24	\N	2022-09-01 00:00:00	2023-07-16 21:31:28.77254	2023-07-16 21:31:28.77254	f	f	\N	\N	\N	\N
6072	6794	9	2022	21	\N	2022-09-01 00:00:00	2023-07-16 21:31:28.774744	2023-07-16 21:31:28.774744	f	f	\N	\N	\N	\N
6071	1166	9	2022	17	\N	2022-09-01 00:00:00	2023-07-16 21:31:28.776062	2023-07-16 21:31:28.776062	f	f	\N	\N	\N	\N
6070	4017	9	2022	15	\N	2022-09-01 00:00:00	2023-07-16 21:31:28.778073	2023-07-16 21:31:28.778073	f	f	\N	\N	\N	\N
6085	421	10	2022	7	\N	2022-09-01 00:00:00	2023-07-16 21:31:28.82208	2023-07-16 21:31:28.82208	f	f	\N	\N	\N	\N
6064	4217	9	2022	8	\N	2022-09-01 00:00:00	2023-07-16 21:31:28.7859	2023-07-16 21:31:28.7859	f	f	\N	\N	\N	\N
6065	4663	9	2022	8	\N	2022-09-01 00:00:00	2023-07-16 21:31:28.789714	2023-07-16 21:31:28.789714	f	f	\N	\N	\N	\N
6060	3225	9	2022	5	\N	2022-09-01 00:00:00	2023-07-16 21:31:28.794909	2023-07-16 21:31:28.794909	f	f	\N	\N	\N	\N
6061	5095	9	2022	5	\N	2022-09-01 00:00:00	2023-07-16 21:31:28.796913	2023-07-16 21:31:28.796913	f	f	\N	\N	\N	\N
6058	5844	9	2022	4	24	2022-09-01 00:00:00	2023-07-16 21:31:28.802834	2023-07-16 21:31:28.802834	t	f	\N	\N	\N	\N
6089	1479	10	2022	10	\N	2022-09-01 00:00:00	2023-07-16 21:31:28.816303	2023-07-16 21:31:28.816303	f	f	\N	\N	\N	\N
6084	1264	10	2022	6	\N	2022-09-01 00:00:00	2023-07-16 21:31:28.829428	2023-07-16 21:31:28.829428	f	f	\N	\N	\N	\N
6082	5917	10	2022	6	\N	2022-09-01 00:00:00	2023-07-16 21:31:28.833438	2023-07-16 21:31:28.833438	f	f	\N	\N	\N	\N
6078	4082	10	2022	5	\N	2022-09-01 00:00:00	2023-07-16 21:31:28.838523	2023-07-16 21:31:28.838523	f	f	\N	\N	\N	\N
6079	8211	10	2022	5	\N	2022-09-01 00:00:00	2023-07-16 21:31:28.841583	2023-07-16 21:31:28.841583	f	f	\N	\N	\N	\N
6076	3202	10	2022	5	\N	2022-09-01 00:00:00	2023-07-16 21:31:28.843608	2023-07-16 21:31:28.843608	f	f	\N	\N	\N	\N
6069	7610	9	2022	11	\N	2022-09-01 00:00:00	2023-07-16 21:31:28.781984	2023-07-16 21:31:28.781984	f	f	\N	\N	\N	\N
5912	3214	1	2022	5	\N	2022-09-01 00:00:00	2022-09-14 09:06:05.505	\N	f	f	\N	875536744668426240	\N	\N
5948	367	3	2022	5	\N	2022-09-01 00:00:00	2022-09-14 09:06:05.505	\N	f	f	\N	875527658275061760	\N	\N
5930	7527	2	2022	1	\N	2022-09-01 00:00:00	2022-09-14 09:06:05.505	\N	f	f	\N	875417089022844928	\N	\N
5933	7568	2	2022	3	\N	2022-09-01 00:00:00	2022-09-14 09:06:05.505	\N	f	f	\N	875416300288176128	\N	\N
5949	2378	3	2022	5	\N	2022-09-01 00:00:00	2022-09-14 09:06:05.505	\N	f	f	\N	875379613575114752	\N	\N
5992	4993	5	2022	7	\N	2022-09-01 00:00:00	2022-09-14 09:06:05.505	\N	f	f	\N	875373971149897728	\N	\N
5967	6814	4	2022	1	\N	2022-09-01 00:00:00	2022-09-14 09:06:05.505	\N	f	f	\N	875193377745268736	\N	\N
5925	6786	1	2022	26	\N	2022-09-01 00:00:00	2022-09-15 00:19:17.408	2023-01-30 18:55:00.384214	f	f	\N	875594224609992704	\N	\N
5961	7564	3	2022	17	\N	2022-09-01 00:00:00	2022-09-15 01:51:54.275	2023-01-30 18:55:00.545722	f	f	\N	875955819286503424	\N	\N
5981	7528	4	2022	28	\N	2022-09-01 00:00:00	2022-09-15 01:51:54.275	2023-01-30 18:55:00.550494	f	f	\N	875955819286503424	\N	\N
5971	6801	4	2022	6	\N	2022-09-01 00:00:00	2022-09-15 01:51:54.275	2023-01-30 18:55:00.554102	f	f	\N	875955819286503424	\N	\N
5958	4199	3	2022	8	\N	2022-09-01 00:00:00	2022-09-15 01:51:54.275	2023-01-30 18:55:00.55858	f	f	\N	875955819286503424	\N	\N
5954	1476	3	2022	6	\N	2022-09-01 00:00:00	2022-09-15 01:52:51.371	\N	f	f	\N	875956323777462272	\N	\N
5950	2391	3	2022	5	\N	2022-09-01 00:00:00	2022-09-15 09:05:26.073	\N	f	f	\N	875974674335563776	\N	\N
5959	1386	3	2022	10	\N	2022-09-01 00:00:00	2022-09-15 09:05:26.073	\N	f	f	\N	875733682663624704	\N	\N
5934	3242	2	2022	3	\N	2022-09-01 00:00:00	2022-09-23 09:05:50.629	\N	f	f	\N	878884939683475456	\N	\N
5936	6826	2	2022	5	\N	2022-09-01 00:00:00	2022-09-23 09:05:50.629	\N	f	f	\N	878649679767027712	\N	\N
5913	6845	1	2022	5	\N	2022-09-01 00:00:00	2022-09-29 09:05:24.492	\N	f	f	\N	881058625144188928	\N	\N
5983	830	5	2022	5	\N	2022-09-01 00:00:00	2022-09-29 09:05:24.492	\N	f	f	\N	880817727592546304	\N	\N
5984	1535	5	2022	5	\N	2022-09-01 00:00:00	2022-10-05 01:18:42.876	\N	f	f	\N	883195489078824960	\N	\N
5960	5872	3	2022	10	\N	2022-09-01 00:00:00	2022-10-05 02:08:01.246	2023-01-30 18:55:01.64515	f	f	\N	883207665801666560	\N	\N
5964	1433	4	2022	1	\N	2022-09-01 00:00:00	2022-10-05 09:06:09.384	\N	f	f	\N	883206854656983040	\N	\N
5957	1067	3	2022	8	\N	2022-09-01 00:00:00	2022-10-05 09:06:09.384	\N	f	f	\N	883166338523353088	\N	\N
5987	2306	5	2022	5	\N	2022-09-01 00:00:00	2022-10-05 09:06:09.384	\N	f	f	\N	883114336913141760	\N	\N
5986	5122	5	2022	5	\N	2022-09-01 00:00:00	2022-10-05 09:06:09.384	\N	f	f	\N	883112787852025856	\N	\N
5972	5927	4	2022	9	\N	2022-09-01 00:00:00	2022-10-08 12:30:10.046	2023-01-30 18:55:01.896188	f	f	\N	884451393078038528	\N	\N
5929	8258	2	2022	1	\N	2022-09-01 00:00:00	2022-10-12 09:05:38.466	\N	f	f	\N	885760777980825600	\N	\N
5932	4951	2	2022	2	\N	2022-09-01 00:00:00	2022-10-14 09:05:57.014	\N	f	f	\N	886314013397704704	\N	\N
5955	3664	3	2022	6	\N	2022-09-01 00:00:00	2022-10-19 09:05:43.054	\N	f	f	\N	888153491636637696	\N	\N
5944	6790	2	2022	26	\N	2022-09-01 00:00:00	2022-10-21 20:29:27.995	2023-01-30 18:55:02.511492	f	f	\N	889273562530390016	\N	\N
5919	5347	1	2022	7	\N	2022-09-01 00:00:00	2022-10-23 09:05:25.081	\N	f	f	\N	889755564203454464	\N	\N
5915	8131	1	2022	5	\N	2022-09-01 00:00:00	2022-10-26 09:05:36.136	\N	f	f	\N	890436941936881664	\N	\N
5924	96	1	2022	18	\N	2022-09-01 00:00:00	2022-11-12 23:09:36.979	\N	f	f	\N	897296127190253568	\N	\N
5991	6083	5	2022	6	\N	2022-09-01 00:00:00	2022-11-17 10:06:15.435	\N	f	f	\N	898608769678868480	\N	\N
5977	7561	4	2022	19	\N	2022-09-01 00:00:00	2022-11-17 15:44:06.792	2023-01-30 18:55:03.648977	f	f	\N	898995758894993408	\N	\N
5931	1825	2	2022	1	\N	2022-09-01 00:00:00	2022-11-23 10:06:07.137	\N	f	f	\N	900996092752281600	\N	\N
5963	1234	3	2022	34	\N	2022-09-01 00:00:00	2022-11-23 10:06:07.137	\N	f	f	\N	900867393969201152	\N	\N
5962	8112	3	2022	20	\N	2022-09-01 00:00:00	2023-07-16 21:31:28.51339	2023-07-16 21:31:28.51339	f	f	\N	\N	\N	\N
5956	2309	3	2022	7	50	2022-09-01 00:00:00	2023-07-16 21:31:28.522406	2023-07-16 21:31:28.522406	t	f	\N	\N	\N	\N
5952	8139	3	2022	5	\N	2022-09-01 00:00:00	2023-07-16 21:31:28.531076	2023-07-16 21:31:28.531076	f	f	\N	\N	\N	\N
6139	8228	3	2022	5	\N	2022-09-15 01:51:54.275	2023-07-16 21:31:28.538096	2023-07-16 21:31:28.538096	f	f	875955819286503424	\N	\N	\N
5946	7594	3	2022	1	\N	2022-09-01 00:00:00	2023-07-16 21:31:28.546101	2023-07-16 21:31:28.546101	f	f	\N	\N	\N	\N
5947	5947	3	2022	1	\N	2022-09-01 00:00:00	2023-07-16 21:31:28.548101	2023-07-16 21:31:28.548101	f	f	\N	\N	\N	\N
6138	6786	4	2022	26	\N	2022-09-15 00:19:17.408	2023-07-16 21:31:28.557572	2023-07-16 21:31:28.557572	f	f	875594224609992704	\N	\N	\N
5980	6770	4	2022	24	\N	2022-09-01 00:00:00	2023-07-16 21:31:28.559571	2023-07-16 21:31:28.560571	f	f	\N	\N	\N	\N
6140	7564	4	2022	17	\N	2022-09-15 01:51:54.275	2023-07-16 21:31:28.56782	2023-07-16 21:31:28.56782	f	f	875955819286503424	\N	\N	\N
5976	5185	4	2022	11	\N	2022-09-01 00:00:00	2023-07-16 21:31:28.570821	2023-07-16 21:31:28.570821	f	f	\N	\N	\N	\N
5975	7526	4	2022	11	\N	2022-09-01 00:00:00	2023-07-16 21:31:28.573968	2023-07-16 21:31:28.573968	f	f	\N	\N	\N	\N
5974	8137	4	2022	10	\N	2022-09-01 00:00:00	2023-07-16 21:31:28.575444	2023-07-16 21:31:28.575444	f	f	\N	\N	\N	\N
5968	6768	4	2022	5	\N	2022-09-01 00:00:00	2023-07-16 21:31:28.583038	2023-07-16 21:31:28.583038	f	f	\N	\N	\N	\N
5970	7670	4	2022	5	\N	2022-09-01 00:00:00	2023-07-16 21:31:28.58505	2023-07-16 21:31:28.58505	f	f	\N	\N	\N	\N
5965	4149	4	2022	1	\N	2022-09-01 00:00:00	2023-07-16 21:31:28.586893	2023-07-16 21:31:28.586893	f	f	\N	\N	\N	\N
5966	8126	4	2022	1	\N	2022-09-01 00:00:00	2023-07-16 21:31:28.590085	2023-07-16 21:31:28.590085	f	f	\N	\N	\N	\N
6136	4089	5	2022	1	\N	2022-09-14 09:06:05.505	2023-07-16 21:31:28.623834	2023-07-16 21:31:28.623834	\N	f	875373971149897728	\N	\N	\N
5982	8205	5	2022	1	\N	2022-09-01 00:00:00	2023-07-16 21:31:28.625835	2023-07-16 21:31:28.625835	f	f	\N	\N	\N	\N
6108	3164	11	2022	39	\N	2022-09-01 00:00:00	2023-07-16 21:31:28.860053	2023-07-16 21:31:28.860053	f	f	\N	\N	\N	\N
6107	8151	11	2022	15	\N	2022-09-01 00:00:00	2023-07-16 21:31:28.86205	2023-07-16 21:31:28.86205	f	f	\N	\N	\N	\N
6105	7525	11	2022	11	\N	2022-09-01 00:00:00	2023-07-16 21:31:28.865051	2023-07-16 21:31:28.865051	f	f	\N	\N	\N	\N
6104	1689	11	2022	11	\N	2022-09-01 00:00:00	2023-07-16 21:31:28.867314	2023-07-16 21:31:28.867314	f	f	\N	\N	\N	\N
6103	4046	11	2022	9	\N	2022-09-01 00:00:00	2023-07-16 21:31:28.869792	2023-07-16 21:31:28.869792	f	f	\N	\N	\N	\N
6101	2028	11	2022	6	\N	2022-09-01 00:00:00	2023-07-16 21:31:28.87531	2023-07-16 21:31:28.87531	f	f	\N	\N	\N	\N
6096	7606	11	2022	5	\N	2022-09-01 00:00:00	2023-07-16 21:31:28.882848	2023-07-16 21:31:28.882848	f	f	\N	\N	\N	\N
6097	7608	11	2022	5	\N	2022-09-01 00:00:00	2023-07-16 21:31:28.884969	2023-07-16 21:31:28.884969	f	f	\N	\N	\N	\N
6098	8130	11	2022	5	\N	2022-09-01 00:00:00	2023-07-16 21:31:28.88669	2023-07-16 21:31:28.88669	f	f	\N	\N	\N	\N
6125	6130	12	2022	16	\N	2022-09-01 00:00:00	2023-07-16 21:31:28.897942	2023-07-16 21:31:28.897942	f	f	\N	\N	\N	\N
6120	8146	12	2022	10	\N	2022-09-01 00:00:00	2023-07-16 21:31:28.902444	2023-07-16 21:31:28.902444	f	f	\N	\N	\N	\N
6121	8148	12	2022	10	\N	2022-09-01 00:00:00	2023-07-16 21:31:28.905843	2023-07-16 21:31:28.905843	f	f	\N	\N	\N	\N
6117	2505	12	2022	9	\N	2022-09-01 00:00:00	2023-07-17 01:55:14.749045	2023-07-17 01:55:14.749045	f	f	\N	\N	\N	\N
6119	5859	12	2022	9	\N	2022-09-01 00:00:00	2023-07-16 21:31:28.911839	2023-07-16 21:31:28.911839	f	f	\N	\N	\N	\N
6115	6797	12	2022	6	\N	2022-09-01 00:00:00	2023-07-16 21:31:28.918188	2023-07-16 21:31:28.918188	f	f	\N	\N	\N	\N
6109	4950	12	2022	5	\N	2022-09-01 00:00:00	2023-07-16 21:31:28.919188	2023-07-16 21:31:28.919188	f	f	\N	\N	\N	\N
6112	7611	12	2022	5	\N	2022-09-01 00:00:00	2023-07-16 21:31:28.924235	2023-07-16 21:31:28.924235	f	f	\N	\N	\N	\N
6113	8136	12	2022	5	\N	2022-09-01 00:00:00	2023-07-16 21:31:28.926242	2023-07-16 21:31:28.926242	f	f	\N	\N	\N	\N
6126	7042	12	2022	5	\N	2022-09-01 00:00:00	2023-07-16 21:31:28.927224	2023-07-16 21:31:28.927224	f	f	\N	\N	\N	\N
6014	4988	6	2022	10	\N	2022-09-01 00:00:00	2022-09-16 01:30:48.54	2023-01-30 18:55:00.812358	f	f	\N	876312957599088640	\N	\N
6144	4036	3	2022	0	\N	2022-09-15 09:05:26.073	2022-09-17 09:05:21.211	2023-01-30 18:55:00.614283	\N	f	875974674335563776	876499316573913088	\N	\N
6160	7602	3	2022	0	\N	2022-09-17 09:05:21.211	2022-09-22 09:05:40.833	2023-01-30 18:55:00.974446	\N	f	876499316573913088	878455307121352704	\N	\N
6133	2307	2	2022	1	\N	2022-09-14 09:06:05.505	2022-09-22 09:05:40.833	2023-01-30 18:55:00.247675	\N	f	875417089022844928	878418729782931456	\N	\N
6159	5880	8	2022	0	\N	2022-09-17 09:05:21.211	2022-09-22 09:05:40.833	2023-01-30 18:55:00.951053	\N	f	876613752911540224	878286481742053376	\N	\N
6046	6945	8	2022	7	\N	2022-09-01 00:00:00	2022-09-26 18:47:48.769	2023-01-30 18:55:01.310903	f	f	\N	880116937353539584	\N	\N
6154	2251	6	2022	0	\N	2022-09-16 09:05:32.438	2022-09-28 09:05:52.543	2023-01-30 18:55:00.880238	\N	f	876319100610383872	880659381405184000	\N	\N
6146	8171	1	2022	0	\N	2022-09-15 09:05:26.073	2022-09-28 09:05:52.543	2023-01-30 18:55:00.677218	\N	f	875935432871915520	880641141790564352	\N	\N
6131	4381	1	2022	15	\N	2022-09-14 09:06:05.505	2022-09-28 09:05:52.543	2023-01-30 18:55:00.205826	\N	f	875536744668426240	880640768157679616	\N	\N
6170	4144	8	2022	13	\N	2022-09-26 18:47:48.769	2022-09-28 09:05:52.543	2023-01-30 18:55:01.332023	f	f	880116937353539584	880304027731591168	\N	\N
6129	6824	1	2022	6	\N	2022-09-14 09:06:05.505	2022-09-30 09:05:49.301	2023-01-30 18:55:00.162064	\N	f	875580752425807872	881427150648238080	\N	\N
6165	5549	2	2022	0	\N	2022-09-23 09:05:50.629	2022-10-01 09:05:55.751	2023-01-30 18:55:01.237047	\N	f	878884939683475456	881671260802048000	\N	\N
6350	4866	1	2023	41	0	2023-07-16 21:31:28.380882	\N	2023-07-17 01:55:14.196076	f	f	\N	\N	Offseason processing July 2023	\N
6177	4197	1	2022	0	\N	2022-09-30 09:05:49.301	2022-10-01 09:05:55.751	2023-01-30 18:55:01.559065	\N	f	881427150648238080	881548198144270336	\N	\N
5999	4039	5	2022	29	\N	2022-09-01 00:00:00	2022-10-04 03:29:35.754	2023-01-30 18:55:01.604663	f	f	\N	882865779169943552	\N	\N
6128	3161	6	2022	6	\N	2022-09-14 09:06:05.505	2022-10-05 09:06:09.384	2023-01-30 18:55:00.143384	\N	f	875627093252284416	883213950744100864	\N	\N
6161	4080	4	2022	0	\N	2022-09-18 09:06:01.628	2022-10-05 09:06:09.384	2023-01-30 18:55:01.008153	\N	f	876921875559788544	883193979100053504	\N	\N
6147	4195	8	2022	0	\N	2022-09-15 09:05:26.073	2022-10-08 09:06:01.273	2023-01-30 18:55:00.694699	\N	f	875844568866783232	884227788306087936	\N	\N
6127	5086	12	2022	2	\N	2022-09-01 00:00:00	2022-10-12 09:05:38.466	\N	f	f	\N	885753796352049152	\N	\N
6171	8225	6	2022	0	\N	2022-09-28 09:05:52.543	2022-10-12 09:05:38.466	2023-01-30 18:55:01.345428	\N	f	880659381405184000	885739085342466048	\N	\N
6162	8408	3	2022	1	\N	2022-09-22 09:05:40.833	2022-10-12 09:05:38.466	2023-01-30 18:55:01.159055	\N	f	878455307121352704	885730576177586176	\N	\N
6134	5284	2	2022	17	\N	2022-09-14 09:06:05.505	2022-10-21 09:06:14.699	2023-01-30 18:55:00.279615	\N	f	875416300288176128	889032975034433536	\N	\N
6124	6938	12	2022	21	\N	2022-09-01 00:00:00	2022-10-21 09:06:14.699	\N	f	f	\N	888855367260631040	\N	\N
6149	7045	3	2022	0	\N	2022-09-15 09:05:26.073	2022-10-21 09:06:14.699	2023-01-30 18:55:00.7469	\N	f	875733682663624704	888798395073130496	\N	\N
6172	5133	1	2022	2	\N	2022-09-28 09:05:52.543	2022-10-23 09:05:25.081	2023-01-30 18:55:01.359461	\N	f	880641141790564352	889734821767835648	\N	\N
6099	8153	11	2022	5	\N	2022-09-01 00:00:00	2022-11-02 09:05:55.395	\N	f	f	\N	893362832832446464	\N	\N
6114	5000	12	2022	6	\N	2022-09-01 00:00:00	2022-11-06 10:05:43.686	\N	f	f	\N	894872111557087232	\N	\N
6166	4066	2	2022	0	\N	2022-09-23 09:05:50.629	2023-07-16 21:31:28.500013	2023-07-16 21:31:28.500013	\N	f	878649679767027712	\N	\N	\N
6141	7528	3	2022	28	\N	2022-09-15 01:51:54.275	2023-07-16 21:31:28.510387	2023-07-16 21:31:28.510387	f	f	875955819286503424	\N	\N	\N
6142	6801	3	2022	6	\N	2022-09-15 01:51:54.275	2023-07-16 21:31:28.52696	2023-07-16 21:31:28.52696	f	f	875955819286503424	\N	\N	\N
6182	7090	3	2022	6	\N	2022-10-05 02:08:01.246	2023-07-16 21:31:28.529003	2023-07-16 21:31:28.529003	f	f	883207665801666560	\N	\N	\N
6143	4199	4	2022	8	\N	2022-09-15 01:51:54.275	2023-07-16 21:31:28.581446	2023-07-16 21:31:28.581446	f	f	875955819286503424	\N	\N	\N
6193	1373	5	2022	0	\N	2022-10-06 09:06:00.778	2023-07-16 21:31:28.629835	2023-07-16 21:31:28.629835	\N	f	883356719315644416	\N	\N	\N
6194	5248	5	2022	0	\N	2022-10-07 09:05:30.579	2023-07-16 21:31:28.631844	2023-07-16 21:31:28.631844	\N	f	883354046621396992	\N	\N	\N
6156	5849	6	2022	22	\N	2022-09-17 02:03:35.833	2023-07-16 21:31:28.641671	2023-07-16 21:31:28.641671	f	f	876679191284842496	\N	\N	\N
6151	5849	6	2022	22	\N	2022-09-16 01:30:48.54	2023-07-16 21:31:28.642808	2023-07-16 21:31:28.642808	f	f	876312957599088640	\N	\N	\N
6207	8135	6	2022	14	\N	2022-10-14 09:05:57.014	2023-07-16 21:31:28.646543	2023-07-16 21:31:28.646543	\N	f	885876543610634240	\N	\N	\N
6183	5872	6	2022	10	\N	2022-10-05 02:08:01.246	2023-07-16 21:31:28.65271	2023-07-16 21:31:28.65271	f	f	883207665801666560	\N	\N	\N
6150	5890	6	2022	6	\N	2022-09-16 01:30:48.54	2023-07-16 21:31:28.662197	2023-07-16 21:31:28.662197	f	f	876312957599088640	\N	\N	\N
6155	5890	6	2022	6	\N	2022-09-17 02:03:35.833	2023-07-16 21:31:28.665373	2023-07-16 21:31:28.665373	f	f	876679191284842496	\N	\N	\N
6056	5052	9	2022	1	\N	2022-09-01 00:00:00	2022-09-15 09:05:26.073	\N	f	f	\N	875768947335634944	\N	\N
6189	8160	6	2022	4	\N	2022-10-05 09:06:09.384	2023-07-16 21:31:28.669391	2023-07-16 21:31:28.669391	\N	f	883115634442207232	\N	\N	\N
6168	6945	7	2022	7	\N	2022-09-26 18:47:48.769	2023-07-16 21:31:28.702445	2023-07-16 21:31:28.702445	f	f	880116937353539584	\N	\N	\N
6208	503	7	2022	0	\N	2022-10-15 09:06:06.089	2023-07-16 21:31:28.718691	2023-07-16 21:31:28.718691	\N	f	886739045731229696	\N	\N	\N
6158	3294	8	2022	23	\N	2022-09-17 02:03:35.833	2023-07-16 21:31:28.729769	2023-07-16 21:31:28.729769	f	f	876679191284842496	\N	\N	\N
6153	3294	8	2022	23	\N	2022-09-16 01:30:48.54	2023-07-16 21:31:28.731811	2023-07-16 21:31:28.731811	f	f	876312957599088640	\N	\N	\N
6157	4988	8	2022	10	\N	2022-09-17 02:03:00	2023-07-16 21:31:28.744501	2023-07-16 21:31:28.744501	f	f	876679191284842496	\N	\N	\N
6164	8142	8	2022	0	\N	2022-09-22 09:05:40.833	2023-07-16 21:31:28.764459	2023-07-16 21:31:28.764459	\N	f	878286481742053376	\N	\N	\N
6148	5857	9	2022	1	\N	2022-09-15 09:05:26.073	2023-07-16 21:31:28.805438	2023-07-16 21:31:28.805438	\N	f	875768947335634944	\N	\N	\N
6013	4037	6	2022	8	\N	2022-09-01 00:00:00	2022-10-21 20:29:27.995	2023-01-30 18:55:02.514014	f	f	\N	889273562530390016	\N	\N
6335	96	2	2022	0	\N	2022-12-15 10:06:17.727	2023-07-16 21:31:28.504823	2023-07-16 21:31:28.504823	\N	f	908735630081916928	\N	\N	\N
6272	6290	1	2022	0	\N	2022-11-13 10:05:52.66	2022-11-16 10:05:43.671	2023-01-30 18:55:03.400094	\N	f	897340817289707520	898480898008330240	\N	\N
6077	3976	10	2022	5	\N	2022-09-01 00:00:00	2022-11-17 10:06:15.435	\N	f	f	\N	898565955016527872	\N	\N
6176	2161	5	2022	1	\N	2022-09-29 09:05:24.492	2022-11-19 10:05:28.808	2023-01-30 18:55:01.54186	\N	f	880817727592546304	899327355938631680	\N	\N
6286	7066	5	2022	1	\N	2022-11-19 10:05:28.808	2022-11-20 10:05:37.569	2023-01-30 18:55:03.671508	\N	f	899327355938631680	899837251595436032	\N	\N
6287	6820	12	2022	5	\N	2022-11-20 10:05:37.569	2022-11-23 10:06:07.137	2023-01-30 18:55:03.680332	\N	f	899942237788766208	900966668342423552	\N	\N
6271	5985	12	2022	3	\N	2022-11-12 10:05:44.964	2022-11-23 10:06:07.137	2023-01-30 18:55:03.370949	\N	f	896866113022136320	900965571397660672	\N	\N
6267	5000	9	2022	0	\N	2022-11-10 10:05:57.4	2022-11-23 10:06:07.137	2023-01-30 18:55:03.330457	\N	f	896185718324572160	900868350316777472	\N	\N
6275	1433	4	2022	1	\N	2022-11-16 10:05:43.671	2022-11-23 10:06:07.137	2023-01-30 18:55:03.42723	\N	f	898376389231976448	900167402296840192	\N	\N
6281	2750	5	2022	4	\N	2022-11-17 10:06:15.435	2022-11-24 10:06:16.649	2023-01-30 18:55:03.621113	\N	f	898608769678868480	901120662905769984	\N	\N
6256	8255	1	2022	3	\N	2022-11-09 10:05:51.859	2022-11-25 10:05:26.711	2023-01-30 18:55:03.097367	\N	f	895944264952172544	901607393430360064	\N	\N
6246	3286	1	2022	0	\N	2022-11-02 09:05:55.395	2023-07-16 21:31:28.444107	2023-07-16 21:31:28.444107	\N	f	893352871603695616	\N	\N	\N
6273	6149	1	2022	0	\N	2022-11-16 10:05:43.671	2023-07-16 21:31:28.447693	2023-07-16 21:31:28.447693	\N	f	898480898008330240	\N	\N	\N
6227	4037	2	2022	8	\N	2022-10-21 20:29:27.995	2023-07-16 21:31:28.485474	2023-07-16 21:31:28.485474	f	f	889273562530390016	\N	\N	\N
6258	6826	3	2022	4	\N	2022-11-09 10:05:51.859	2023-07-16 21:31:28.542091	2023-07-16 21:31:28.542091	\N	f	895905287066959872	\N	\N	\N
6276	7839	3	2022	2	\N	2022-11-16 10:05:43.671	2023-07-16 21:31:28.544101	2023-07-16 21:31:28.544101	\N	f	898320615893893120	\N	\N	\N
6232	6938	3	2022	0	\N	2022-10-23 09:05:25.081	2023-07-16 21:31:28.552248	2023-07-16 21:31:28.552248	\N	f	889168309017513984	\N	\N	\N
6284	7543	4	2022	22	\N	2022-11-17 15:44:06.792	2023-07-16 21:31:28.561571	2023-07-16 21:31:28.561571	f	f	898995758894993408	\N	\N	\N
6295	2747	4	2022	1	\N	2022-11-23 10:06:07.137	2023-07-16 21:31:28.592084	2023-07-16 21:31:28.592084	\N	f	900167402296840192	\N	\N	\N
6297	4080	5	2022	3	\N	2022-11-24 10:06:16.649	2023-07-16 21:31:28.618475	2023-07-16 21:31:28.618475	\N	f	901120662905769984	\N	\N	\N
6226	6790	6	2022	26	\N	2022-10-21 20:29:27.995	2023-07-16 21:31:28.638654	2023-07-16 21:31:28.638654	f	f	889273562530390016	\N	\N	\N
6270	6694	6	2022	0	\N	2022-11-12 10:05:44.964	2023-07-16 21:31:28.682352	2023-07-16 21:31:28.682352	\N	f	897007006446329856	\N	\N	\N
6283	7561	7	2022	19	\N	2022-11-17 15:44:06.792	2023-07-16 21:31:28.69029	2023-07-16 21:31:28.69029	f	f	898995758894993408	\N	\N	\N
6240	7757	7	2022	0	\N	2022-10-28 09:05:23.416	2023-07-16 21:31:28.720977	2023-07-16 21:31:28.720977	\N	f	891510730837655552	\N	\N	\N
6241	4993	7	2022	0	\N	2022-10-28 09:05:23.416	2023-07-16 21:31:28.7228	2023-07-16 21:31:28.7228	\N	f	891510431859437568	\N	\N	\N
6248	5284	8	2022	12	\N	2022-11-02 09:05:55.395	2023-07-16 21:31:28.739782	2023-07-16 21:31:28.739782	\N	f	893344158365097984	\N	\N	\N
6278	6853	8	2022	5	\N	2022-11-16 10:05:43.671	2023-07-16 21:31:28.754482	2023-07-16 21:31:28.754482	\N	f	897990298620334080	\N	\N	\N
6235	5086	9	2022	4	\N	2022-10-26 09:05:36.136	2023-07-16 21:31:28.800828	2023-07-16 21:31:28.800828	\N	f	890659519695343616	\N	\N	\N
6282	2307	10	2022	0	\N	2022-11-17 10:06:15.435	2023-07-16 21:31:28.849943	2023-07-16 21:31:28.849943	\N	f	898565955016527872	\N	\N	\N
6269	4197	10	2022	0	\N	2022-11-11 10:05:38.437	2023-07-16 21:31:28.85151	2023-07-16 21:31:28.85151	\N	f	896563619406618624	\N	\N	\N
6243	6012	10	2022	0	\N	2022-11-02 09:05:55.395	2023-07-16 21:31:28.857523	2023-07-16 21:31:28.857523	\N	f	893381544994258944	\N	\N	\N
6261	4958	11	2022	2	\N	2022-11-09 10:05:51.859	2023-07-16 21:31:28.888711	2023-07-16 21:31:28.888711	\N	f	895541952144662528	\N	\N	\N
6274	1476	11	2022	2	\N	2022-11-16 10:05:43.671	2023-07-16 21:31:28.890766	2023-07-16 21:31:28.890766	\N	f	898406865481076736	\N	\N	\N
6290	8168	12	2022	7	\N	2022-11-23 10:06:07.137	2023-07-16 21:31:28.91619	2023-07-16 21:31:28.91619	\N	f	900966668342423552	\N	\N	\N
6285	6886	12	2022	5	\N	2022-11-18 10:05:21.765	2023-07-16 21:31:28.930056	2023-07-16 21:31:28.930056	\N	f	898669746227232768	\N	\N	\N
6279	7002	8	2022	4	\N	2022-11-16 10:05:43.671	2022-12-02 10:05:26.845	2023-01-30 18:55:03.477304	\N	f	897894374166700032	904206709713829888	\N	\N
6296	4177	5	2022	3	\N	2022-11-24 10:06:16.649	2022-12-02 10:05:26.845	2023-01-30 18:55:03.891996	\N	f	901120965537370112	903650936067620864	\N	\N
6263	7565	8	2022	4	\N	2022-11-09 10:05:51.859	2022-12-04 10:05:45.119	2023-01-30 18:55:03.172192	\N	f	895453234276278272	904960347633582080	\N	\N
6268	1837	2	2022	3	\N	2022-11-10 10:05:57.4	2022-12-07 10:06:07.514	2023-01-30 18:55:03.340429	\N	f	896066029724282880	906040863011028992	\N	\N
6311	8131	8	2022	2	\N	2022-12-02 10:05:26.845	2022-12-07 10:06:07.514	2023-01-30 18:55:04.223164	\N	f	904206709713829888	906017482563887104	\N	\N
6092	2320	10	2022	33	\N	2022-09-01 00:00:00	2022-12-07 10:06:07.514	\N	f	f	\N	905958368550776832	\N	\N
6288	5133	5	2022	2	\N	2022-11-20 10:05:37.569	2022-12-07 10:06:07.514	2023-01-30 18:55:03.691586	\N	f	899837251595436032	903650725987749888	\N	\N
6298	7335	1	2022	0	\N	2022-11-25 10:05:26.711	2022-12-08 10:06:15.918	2023-01-30 18:55:03.922678	\N	f	901607393430360064	906366910382600192	\N	\N
6262	1737	5	2022	3	\N	2022-11-09 10:05:51.859	2022-12-08 10:06:15.918	2023-01-30 18:55:03.165239	\N	f	895476143145496576	906182458947796992	\N	\N
6313	6850	4	2022	2	\N	2022-12-03 10:05:35.433	2022-12-09 10:05:25.831	2023-01-30 18:55:04.251824	\N	f	904463522728304640	906698630571028480	\N	\N
6292	4152	9	2022	1	\N	2022-11-23 10:06:07.137	2022-12-09 10:05:25.831	2023-01-30 18:55:03.739285	\N	f	900868350316777472	906639691254939648	\N	\N
6325	3242	9	2022	1	\N	2022-12-09 10:05:25.831	2022-12-11 10:05:39.76	2023-01-30 18:55:04.574548	\N	f	906639691254939648	907500915358175232	\N	\N
6260	4195	6	2022	0	\N	2022-11-09 10:05:51.859	2022-12-14 10:06:08.532	2023-01-30 18:55:03.141008	\N	f	895743406280908800	908600074458865664	\N	\N
6289	7551	2	2022	0	\N	2022-11-23 10:06:07.137	2022-12-14 10:06:08.532	2023-01-30 18:55:03.703245	\N	f	900996092752281600	908591594268184576	\N	\N
6291	8118	12	2022	5	\N	2022-11-23 10:06:07.137	2022-12-14 10:06:08.532	2023-01-30 18:55:03.72452	\N	f	900965571397660672	908578081277861888	\N	\N
6277	4973	12	2022	4	\N	2022-11-16 10:05:43.671	2022-12-20 19:31:49.687	2023-01-30 18:55:03.450731	\N	f	898311549792456704	911012057888145408	\N	\N
6280	3214	8	2022	0	\N	2022-11-17 10:06:15.435	2022-12-21 10:06:06.473	2023-01-30 18:55:03.606284	\N	f	898675329521229824	910664153323409408	\N	\N
6259	49	2	2022	0	\N	2022-11-09 10:05:51.859	2022-12-21 10:06:06.473	2023-01-30 18:55:03.132464	\N	f	895877857375612928	910557159954530304	\N	\N
6294	5119	8	2022	1	\N	2022-11-23 10:06:07.137	2022-12-21 10:06:06.473	2023-01-30 18:55:03.759757	\N	f	900859334232309760	910343806560907264	\N	\N
6323	8111	5	2022	0	\N	2022-12-08 10:06:15.918	2022-12-28 10:05:55.087	2023-01-30 18:55:04.551822	\N	f	906182458947796992	913669288404463616	\N	\N
6309	5089	3	2022	1	\N	2022-11-30 10:06:11.053	2022-12-29 10:06:00.884	2023-01-30 18:55:04.041531	\N	f	903387558967558144	913877531198242816	\N	\N
5945	1466	2	2022	48	\N	2022-09-01 00:00:00	2023-07-16 21:31:28.453444	2023-07-16 21:31:28.453444	f	f	\N	\N	\N	\N
6228	4034	2	2022	32	\N	2022-10-21 20:29:27.995	2023-07-16 21:31:28.458606	2023-07-16 21:31:28.458606	f	f	889273562530390016	\N	\N	\N
6316	8210	8	2022	2	\N	2022-12-07 10:06:07.514	2023-07-16 21:31:28.762459	2023-07-16 21:31:28.762459	\N	f	906017482563887104	\N	\N	\N
5923	6828	1	2022	10	\N	2022-09-01 00:00:00	2023-07-16 21:31:28.399846	2023-07-16 21:31:28.399846	f	f	\N	\N	\N	\N
6464	4983	7	2023	28	0	2023-07-16 21:31:28.685352	\N	2023-07-17 01:55:14.510196	f	f	\N	\N	Offseason processing July 2023	\N
6465	5987	7	2023	23	0	2023-07-16 21:31:28.688351	\N	2023-07-17 01:55:14.512273	f	f	\N	\N	Offseason processing July 2023	\N
6467	7523	7	2023	19	0	2023-07-16 21:31:28.692337	\N	2023-07-17 01:55:14.516207	f	f	\N	\N	Offseason processing July 2023	\N
6476	5906	7	2023	6	0	2023-07-16 21:31:28.712603	\N	2023-07-17 01:55:14.533972	f	f	\N	\N	Offseason processing July 2023	\N
6475	8119	7	2023	6	0	2023-07-16 21:31:28.710522	\N	2023-07-17 01:55:14.535528	f	f	\N	\N	Offseason processing July 2023	\N
6179	6824	1	2022	1	\N	2022-10-01 09:05:55.751	2023-07-16 21:31:28.417944	2023-07-16 21:31:28.417944	\N	f	881548198144270336	\N	\N	\N
6802	1535	5	2023	6	\N	2023-07-18 10:32:00	2023-08-27 03:14:33.996	\N	\N	\N	\N	1001363088374816768	Added by commissioner	\N
6020	8117	7	2022	1	\N	2022-09-01 00:00:00	2022-10-28 09:05:23.416	\N	f	f	\N	891510730837655552	\N	\N
6320	8259	1	2022	0	\N	2022-12-08 10:06:15.918	2023-07-16 21:31:28.428362	2023-07-16 21:31:28.428362	\N	f	906367354362200064	\N	\N	\N
6321	7527	1	2022	0	\N	2022-12-08 10:06:15.918	2023-07-16 21:31:28.43071	2023-07-16 21:31:28.43071	\N	f	906366910382600192	\N	\N	\N
6483	5937	8	2023	28	0	2023-07-16 21:31:28.7284	\N	2023-07-17 01:55:14.549433	f	f	\N	\N	Offseason processing July 2023	\N
6236	5880	1	2022	0	\N	2022-10-26 09:05:36.136	2023-07-16 21:31:28.438958	2023-07-16 21:31:28.438958	\N	f	890436941936881664	\N	\N	\N
6486	2216	8	2023	24	0	2023-07-16 21:31:28.734772	\N	2023-07-17 01:55:14.555805	f	f	\N	\N	Offseason processing July 2023	\N
6490	4988	8	2023	11	0	2023-07-16 21:31:28.744501	\N	2023-07-17 01:55:14.5669	f	f	\N	\N	Offseason processing July 2023	\N
6222	4111	2	2022	11	\N	2022-10-21 09:06:14.699	2023-07-16 21:31:28.464322	2023-07-16 21:31:28.464322	\N	f	889032975034433536	\N	\N	\N
6491	6904	8	2023	9	0	2023-07-16 21:31:28.746096	\N	2023-07-17 01:55:14.569909	f	f	\N	\N	Offseason processing July 2023	\N
6492	5022	8	2023	7	0	2023-07-16 21:31:28.748098	\N	2023-07-17 01:55:14.574659	f	f	\N	\N	Offseason processing July 2023	\N
6494	7547	8	2023	7	0	2023-07-16 21:31:28.752479	\N	2023-07-17 01:55:14.576671	f	f	\N	\N	Offseason processing July 2023	\N
6315	8183	2	2022	0	\N	2022-12-07 10:06:07.514	2023-07-16 21:31:28.501237	2023-07-16 21:31:28.501237	\N	f	906040863011028992	\N	\N	\N
6299	1234	3	2022	8	\N	2022-11-25 10:05:26.711	2023-07-16 21:31:28.519408	2023-07-16 21:31:28.519408	\N	f	901135464881516544	\N	\N	\N
6306	8122	3	2022	6	\N	2022-11-30 10:06:11.053	2023-07-16 21:31:28.524467	2023-07-16 21:31:28.524467	\N	f	903509919142178816	\N	\N	\N
6305	6996	3	2022	5	\N	2022-11-30 10:06:11.053	2023-07-16 21:31:28.535097	2023-07-16 21:31:28.535097	\N	f	903510102097756160	\N	\N	\N
6301	5985	3	2022	0	\N	2022-11-27 10:05:42.646	2023-07-16 21:31:28.550667	2023-07-16 21:31:28.550667	\N	f	902303374345728000	\N	\N	\N
6324	5133	4	2022	0	\N	2022-12-09 10:05:25.831	2023-07-16 21:31:28.594077	2023-07-16 21:31:28.594077	\N	f	906698630571028480	\N	\N	\N
6312	2078	5	2022	4	\N	2022-12-02 10:05:26.845	2023-07-16 21:31:28.615966	2023-07-16 21:31:28.615966	\N	f	903650936067620864	\N	\N	\N
6319	650	5	2022	3	\N	2022-12-07 10:06:07.514	2023-07-16 21:31:28.621834	2023-07-16 21:31:28.621834	\N	f	903650725987749888	\N	\N	\N
6318	4951	9	2022	5	\N	2022-12-07 10:06:07.514	2023-07-16 21:31:28.798828	2023-07-16 21:31:28.798828	\N	f	905211715875282944	\N	\N	\N
6326	2161	9	2022	0	\N	2022-12-11 10:05:39.76	2023-07-16 21:31:28.809071	2023-07-16 21:31:28.809071	\N	f	907500915358175232	\N	\N	\N
6304	3271	10	2022	12	\N	2022-11-28 21:02:20.889	2023-07-16 21:31:28.814062	2023-07-16 21:31:28.814062	f	f	902943263529611264	\N	\N	\N
6317	1049	10	2022	4	\N	2022-12-07 10:06:07.514	2023-07-16 21:31:28.845608	2023-07-16 21:31:28.845608	\N	f	905958368550776832	\N	\N	\N
6307	5854	11	2022	1	\N	2022-11-30 10:06:11.053	2023-07-16 21:31:28.891767	2023-07-16 21:31:28.891767	\N	f	903464404748865536	\N	\N	\N
6308	8123	11	2022	1	\N	2022-11-30 10:06:11.053	2023-07-16 21:31:28.893351	2023-07-16 21:31:28.893351	\N	f	903464304580583424	\N	\N	\N
6327	6820	6	2022	4	\N	2022-12-14 10:06:08.532	2023-07-16 21:31:28.67353	2023-07-16 21:31:28.67353	\N	f	908601384717557760	\N	\N	\N
6521	2374	10	2023	17	0	2023-07-16 21:31:28.812063	\N	2023-07-17 01:55:14.642741	f	f	\N	\N	Offseason processing July 2023	\N
5973	6151	4	2022	9	58	2022-09-01 00:00:00	2023-07-16 21:31:28.577446	2023-07-16 21:31:28.577446	t	f	\N	\N	\N	\N
6522	3271	10	2023	13	0	2023-07-16 21:31:28.814062	\N	2023-07-17 01:55:14.645739	f	f	\N	\N	Offseason processing July 2023	\N
6303	4033	4	2022	9	\N	2022-11-28 21:02:20.889	2023-07-16 21:31:28.579447	2023-07-16 21:31:28.579447	f	f	902943263529611264	\N	\N	\N
6523	1479	10	2023	11	0	2023-07-16 21:31:28.816303	\N	2023-07-17 01:55:14.649065	f	f	\N	\N	Offseason processing July 2023	\N
6524	5927	10	2023	10	0	2023-07-16 21:31:28.820073	\N	2023-07-17 01:55:14.651135	f	f	\N	\N	Offseason processing July 2023	\N
6527	1264	10	2023	7	0	2023-07-16 21:31:28.829428	\N	2023-07-17 01:55:14.659806	f	f	\N	\N	Offseason processing July 2023	\N
6529	5917	10	2023	7	0	2023-07-16 21:31:28.833438	\N	2023-07-17 01:55:14.665217	f	f	\N	\N	Offseason processing July 2023	\N
6530	7601	10	2023	6	0	2023-07-16 21:31:28.836537	\N	2023-07-17 01:55:14.667253	f	f	\N	\N	Offseason processing July 2023	\N
6531	4082	10	2023	6	0	2023-07-16 21:31:28.838523	\N	2023-07-17 01:55:14.669421	f	f	\N	\N	Offseason processing July 2023	\N
6533	3202	10	2023	6	0	2023-07-16 21:31:28.843608	\N	2023-07-17 01:55:14.673462	f	f	\N	\N	Offseason processing July 2023	\N
5996	2197	5	2022	13	\N	2022-09-01 00:00:00	2023-07-16 21:31:28.608153	2023-07-16 21:31:28.608153	f	f	\N	\N	\N	\N
5985	4147	5	2022	5	\N	2022-09-01 00:00:00	2023-07-16 21:31:28.613877	2023-07-16 21:31:28.613877	f	f	\N	\N	\N	\N
6541	8151	11	2023	17	0	2023-07-16 21:31:28.86205	\N	2023-07-17 01:55:14.695013	f	f	\N	\N	Offseason processing July 2023	\N
6010	5038	6	2022	6	\N	2022-09-01 00:00:00	2023-07-16 21:31:28.655391	2023-07-16 21:31:28.655391	f	f	\N	\N	\N	\N
6052	8155	8	2022	20	\N	2022-09-01 00:00:00	2023-07-16 21:31:28.736771	2023-07-16 21:31:28.736771	f	f	\N	\N	\N	\N
6542	6819	11	2023	13	0	2023-07-16 21:31:28.863059	\N	2023-07-17 01:55:14.697008	f	f	\N	\N	Offseason processing July 2023	\N
6543	7525	11	2023	12	0	2023-07-16 21:31:28.865051	\N	2023-07-17 01:55:14.69901	f	f	\N	\N	Offseason processing July 2023	\N
6545	4046	11	2023	10	0	2023-07-16 21:31:28.869792	\N	2023-07-17 01:55:14.702009	f	f	\N	\N	Offseason processing July 2023	\N
6548	7600	11	2023	7	0	2023-07-16 21:31:28.877309	\N	2023-07-17 01:55:14.708631	f	f	\N	\N	Offseason processing July 2023	\N
6552	8130	11	2023	6	0	2023-07-16 21:31:28.88669	\N	2023-07-17 01:55:14.714403	f	f	\N	\N	Offseason processing July 2023	\N
6549	6804	11	2023	6	0	2023-07-16 21:31:28.879856	\N	2023-07-17 01:55:14.716402	f	f	\N	\N	Offseason processing July 2023	\N
6550	7606	11	2023	6	0	2023-07-16 21:31:28.882848	\N	2023-07-17 01:55:14.718402	f	f	\N	\N	Offseason processing July 2023	\N
5938	4881	2	2022	8	\N	2022-09-01 00:00:00	2023-07-16 21:31:28.482683	2023-07-16 21:31:28.482683	f	f	\N	\N	\N	\N
6310	8408	2	2022	2	\N	2022-11-30 10:06:11.053	2023-07-16 21:31:28.492146	2023-07-16 21:31:28.492146	\N	f	903164340457562112	\N	\N	\N
5928	8159	2	2022	1	\N	2022-09-01 00:00:00	2023-07-16 21:31:28.494259	2023-07-16 21:31:28.494259	f	f	\N	\N	\N	\N
6567	6797	12	2023	7	0	2023-07-16 21:31:28.918188	\N	2023-07-17 01:55:14.757463	f	f	\N	\N	Offseason processing July 2023	\N
6569	5870	12	2023	6	0	2023-07-16 21:31:28.922223	\N	2023-07-17 01:55:14.760894	f	f	\N	\N	Offseason processing July 2023	\N
6570	7611	12	2023	6	0	2023-07-16 21:31:28.924235	\N	2023-07-17 01:55:14.762894	f	f	\N	\N	Offseason processing July 2023	\N
6571	8136	12	2023	6	0	2023-07-16 21:31:28.926242	\N	2023-07-17 01:55:14.766387	f	f	\N	\N	Offseason processing July 2023	\N
6568	4950	12	2023	6	0	2023-07-16 21:31:28.919188	\N	2023-07-17 01:55:14.76888	f	f	\N	\N	Offseason processing July 2023	\N
6009	5001	6	2022	6	\N	2022-09-01 00:00:00	2023-07-16 21:31:28.65839	2023-07-16 21:31:28.65839	f	f	\N	\N	\N	\N
6473	4068	7	2023	7	0	2023-07-16 21:31:28.706446	\N	2023-07-17 01:55:14.5279	f	f	\N	\N	Offseason processing July 2023	\N
6375	4035	2	2023	10	0	2023-07-16 21:31:28.478485	\N	2023-07-17 01:55:14.281871	f	f	\N	\N	Offseason processing July 2023	\N
6526	4098	10	2023	8	0	2023-07-16 21:31:28.824079	2023-08-04 13:58:58.974	2023-07-17 01:55:14.656654	f	f	\N	993190340137881600	Offseason processing July 2023	\N
6566	8168	12	2023	8	0	2023-07-16 21:31:28.91619	2023-08-09 02:53:37.741	2023-08-30 02:50:47.503333	f	f	\N	994834343354847232	Offseason processing July 2023	\N
6528	3423	10	2023	7	0	2023-07-16 21:31:28.831428	2023-08-11 20:31:13.491	2023-07-17 01:55:14.662012	f	f	\N	995825766115872768	Offseason processing July 2023	\N
6573	6886	12	2023	6	0	2023-07-16 21:31:28.930056	2023-08-13 02:10:14.542	2023-07-17 01:55:14.772046	f	f	\N	996273470533140480	Offseason processing July 2023	\N
6489	7607	8	2023	12	0	2023-07-16 21:31:28.742393	2023-08-23 00:22:24.55	2023-07-17 01:55:14.563818	f	f	\N	999870212075728896	Offseason processing July 2023	\N
6353	5916	1	2023	10	0	2023-07-16 21:31:28.401981	2023-08-23 17:44:53.085	2023-07-17 01:55:14.222791	f	f	\N	1000132559646273536	Offseason processing July 2023	\N
6495	6853	8	2023	6	0	2023-07-16 21:31:28.754482	2023-08-27 17:48:01.257	2023-07-17 01:55:14.579667	f	f	\N	1001582900359258112	Offseason processing July 2023	\N
6496	7066	8	2023	5	0	2023-07-16 21:31:28.756485	2023-08-27 17:48:06.689	2023-07-17 01:55:14.582963	f	f	\N	1001582923142717440	Offseason processing July 2023	\N
6482	6813	8	2023	29	0	2023-07-16 21:31:28.726392	\N	2023-07-17 01:55:14.54654	f	t	\N	\N	Offseason processing July 2023	\N
6540	3164	11	2023	1	43	2023-07-16 21:31:28.860053	\N	2023-07-17 01:55:14.693501	t	f	\N	\N	Added by commissioner	\N
6477	1426	7	2023	2	74	2023-07-16 21:31:00	\N	2023-07-17 01:55:14.507195	t	f	\N	\N	Added by commissioner	\N
6484	3294	8	2023	2	25	2023-07-16 21:31:28.729769	\N	2023-07-17 01:55:14.551702	t	f	\N	\N	Added by commissioner	\N
6187	7741	2	2022	3	\N	2022-10-05 09:06:09.384	2022-11-27 10:05:42.646	2023-01-30 18:55:01.691039	\N	f	883186845578768384	902442791874170880	\N	\N
6463	6694	6	2023	5	0	2023-07-16 21:31:28.682352	2023-08-27 02:58:37.521	2023-07-17 01:55:14.503204	f	f	\N	1001359076627898368	Offseason processing July 2023	\N
6354	6783	1	2023	9	22	2023-07-16 21:31:00	\N	2023-07-17 01:55:14.21584	t	f	\N	\N	Added by commissioner	\N
6245	650	11	2022	2	\N	2022-11-02 09:05:55.395	2022-11-30 10:06:11.053	2023-01-30 18:55:02.843919	\N	f	893361375215378432	903464404748865536	\N	\N
6293	96	3	2022	3	\N	2022-11-23 10:06:07.137	2022-11-30 10:06:11.053	2023-01-30 18:55:03.747122	\N	f	900867393969201152	903387558967558144	\N	\N
6300	2161	2	2022	0	\N	2022-11-27 10:05:42.646	2022-11-30 10:06:11.053	2023-01-30 18:55:03.944812	\N	f	902442791874170880	903164340457562112	\N	\N
6265	8153	6	2022	1	\N	2022-11-10 10:05:57.4	2023-07-16 21:31:28.679848	2023-07-16 21:31:28.679848	\N	f	896293327237070848	\N	\N	\N
6411	7564	4	2023	19	0	2023-07-16 21:31:28.56782	\N	2023-07-17 01:55:14.376645	f	f	\N	\N	Offseason processing July 2023	\N
6035	5987	7	2022	21	\N	2022-09-01 00:00:00	2023-07-16 21:31:28.688351	2023-07-16 21:31:28.688351	f	f	\N	\N	\N	\N
6432	4147	5	2023	6	0	2023-07-16 21:31:28.613877	\N	2023-07-17 01:55:14.432624	f	f	\N	\N	Offseason processing July 2023	\N
6551	7608	11	2023	6	0	2023-07-16 21:31:28.884969	\N	2023-07-17 01:55:14.710713	f	f	\N	\N	Offseason processing July 2023	\N
6030	1352	7	2022	9	\N	2022-09-01 00:00:00	2023-07-16 21:31:28.699	2023-07-16 21:31:28.699	f	f	\N	\N	\N	\N
6791	3198	12	2023	9	0	2023-07-17 01:55:14.752191	\N	2023-07-17 01:55:14.752191	f	f	\N	\N	Offseason processing July 2023	\N
6169	5906	7	2022	5	\N	2022-09-26 18:47:48.769	2023-07-16 21:31:28.712603	2023-07-16 21:31:28.712603	f	f	880116937353539584	\N	\N	\N
6022	1426	7	2022	2	74	2022-09-01 00:00:00	2023-07-16 21:31:28.714691	2023-07-16 21:31:28.714691	t	f	\N	\N	\N	\N
6478	8221	7	2023	5	0	2023-07-16 21:31:28.716699	\N	2023-07-17 01:55:14.537529	f	f	\N	\N	Offseason processing July 2023	\N
6497	4985	8	2023	5	0	2023-07-16 21:31:28.758456	\N	2023-07-17 01:55:14.585937	f	f	\N	\N	Offseason processing July 2023	\N
6499	8210	8	2023	5	0	2023-07-16 21:31:28.762459	\N	2023-07-17 01:55:14.591488	f	f	\N	\N	Offseason processing July 2023	\N
6516	5086	9	2023	5	0	2023-07-16 21:31:28.800828	\N	2023-07-17 01:55:14.633685	f	f	\N	\N	Offseason processing July 2023	\N
6520	2161	9	2023	5	0	2023-07-16 21:31:28.809071	\N	2023-07-17 01:55:14.637685	f	f	\N	\N	Offseason processing July 2023	\N
6051	7607	8	2022	11	\N	2022-09-01 00:00:00	2023-07-16 21:31:28.742393	2023-07-16 21:31:28.742393	f	f	\N	\N	\N	\N
6534	1049	10	2023	5	0	2023-07-16 21:31:28.845608	\N	2023-07-17 01:55:14.675018	f	f	\N	\N	Offseason processing July 2023	\N
6537	4197	10	2023	5	0	2023-07-16 21:31:28.85151	\N	2023-07-17 01:55:14.682551	f	f	\N	\N	Offseason processing July 2023	\N
6369	4034	2	2023	35	0	2023-07-16 21:31:28.458606	\N	2023-07-17 01:55:14.265187	f	f	\N	\N	Offseason processing July 2023	\N
6370	2449	2	2023	26	0	2023-07-16 21:31:28.462137	\N	2023-07-17 01:55:14.269795	f	f	\N	\N	Offseason processing July 2023	\N
6420	4149	4	2023	5	0	2023-07-16 21:31:28.586893	\N	2023-07-17 01:55:14.407582	f	f	\N	\N	Offseason processing July 2023	\N
6359	6824	1	2023	5	0	2023-07-16 21:31:28.417944	\N	2023-07-17 01:55:14.237185	f	f	\N	\N	Offseason processing July 2023	\N
6360	8121	1	2023	5	0	2023-07-16 21:31:28.422047	\N	2023-07-17 01:55:14.239014	f	f	\N	\N	Offseason processing July 2023	\N
6361	4381	1	2023	5	0	2023-07-16 21:31:28.424488	\N	2023-07-17 01:55:14.242129	f	f	\N	\N	Offseason processing July 2023	\N
5917	5846	1	2022	7	\N	2022-09-01 00:00:00	2023-07-16 21:31:28.409452	2023-07-16 21:31:28.409452	f	f	\N	\N	\N	\N
5916	7591	1	2022	6	\N	2022-09-01 00:00:00	2023-07-16 21:31:28.412382	2023-07-16 21:31:28.412382	f	f	\N	\N	\N	\N
5914	8132	1	2022	5	\N	2022-09-01 00:00:00	2023-07-16 21:31:28.414383	2023-07-16 21:31:28.414383	f	f	\N	\N	\N	\N
5910	8121	1	2022	1	\N	2022-09-01 00:00:00	2023-07-16 21:31:28.421047	2023-07-16 21:31:28.421047	f	f	\N	\N	\N	\N
6365	5880	1	2023	5	0	2023-07-16 21:31:28.438958	\N	2023-07-17 01:55:14.25281	f	f	\N	\N	Offseason processing July 2023	\N
6367	6149	1	2023	5	0	2023-07-16 21:31:28.447693	\N	2023-07-17 01:55:14.258146	f	f	\N	\N	Offseason processing July 2023	\N
6525	421	10	2023	8	0	2023-07-16 21:31:28.82208	\N	2023-07-17 01:55:14.653872	f	f	\N	\N	Offseason processing July 2023	\N
6508	7610	9	2023	12	0	2023-07-16 21:31:28.781984	\N	2023-07-17 01:55:14.615111	f	f	\N	\N	Offseason processing July 2023	\N
6554	1476	11	2023	5	0	2023-07-16 21:31:28.890766	2023-08-26 22:29:47.686	2023-07-17 01:55:14.720938	f	f	\N	1001291423196438528	Offseason processing July 2023	\N
6804	2359	12	2023	4	\N	2023-07-18 13:41:00	2023-07-18 13:44:00	\N	\N	\N	\N	\N	Added by commissioner	\N
6805	8168	3	2023	8	\N	2023-08-09 02:53:37.741	\N	2023-08-30 02:50:47.510858	f	\N	994834343354847232	\N	\N	\N
6574	7002	12	2023	5	0	2023-07-16 21:31:28.933561	2023-08-11 15:41:36.158	2023-07-17 01:55:14.781066	f	f	\N	995752880298553344	Offseason processing July 2023	\N
6575	5230	12	2023	5	0	2023-07-16 21:31:28.935735	2023-08-11 15:41:48.547	2023-07-17 01:55:14.777903	f	f	\N	995752932261785600	Offseason processing July 2023	\N
6424	4195	4	2023	5	0	2023-07-16 21:31:28.595624	2023-08-11 16:51:19.142	2023-07-17 01:55:14.411933	f	f	\N	995770425005076480	Offseason processing July 2023	\N
6519	1433	9	2023	5	0	2023-07-16 21:31:28.807059	2023-08-11 19:45:35.868	2023-07-17 01:55:14.639685	f	f	\N	995814283692773376	Offseason processing July 2023	\N
6518	5857	9	2023	5	0	2023-07-16 21:31:28.805438	2023-08-11 19:46:30.237	2023-07-17 01:55:14.635685	f	f	\N	995814511732887552	Offseason processing July 2023	\N
6480	7757	7	2023	5	0	2023-07-16 21:31:28.720977	2023-08-11 22:07:38.887	2023-07-17 01:55:14.541528	f	f	\N	995850031825555456	Offseason processing July 2023	\N
6479	503	7	2023	5	0	2023-07-16 21:31:28.718691	2023-08-11 22:08:53.362	2023-07-17 01:55:14.539528	f	f	\N	995850344196345856	Offseason processing July 2023	\N
6466	7561	7	2023	21	0	2023-07-16 21:31:28.69029	2023-08-13 16:20:58.997	2023-07-17 01:55:14.513195	f	f	\N	996487566494924800	Offseason processing July 2023	\N
6362	8259	1	2023	5	0	2023-07-16 21:31:28.428362	2023-08-14 00:02:01.134	2023-07-17 01:55:14.246126	f	f	\N	996603589906792448	Offseason processing July 2023	\N
6498	7565	8	2023	5	0	2023-07-16 21:31:28.760459	2023-08-17 20:10:03.989	2023-07-17 01:55:14.587937	f	f	\N	997994768632168448	Offseason processing July 2023	\N
6501	8161	8	2023	5	0	2023-07-16 21:31:28.766145	2023-08-23 00:22:08.797	2023-07-17 01:55:14.596161	f	f	\N	999870146002857984	Offseason processing July 2023	\N
6572	7042	12	2023	6	0	2023-07-16 21:31:28.927224	2023-08-24 21:48:01.351	2023-07-17 01:55:14.775343	f	f	\N	1000556135134322688	Offseason processing July 2023	\N
6363	7527	1	2023	5	0	2023-07-16 21:31:28.43071	2023-08-25 03:08:14.449	2023-07-17 01:55:14.248126	f	f	\N	1000636720708116480	Offseason processing July 2023	\N
6500	8142	8	2023	5	0	2023-07-16 21:31:28.764459	2023-08-26 01:04:00.387	2023-07-17 01:55:14.593158	f	f	\N	1000967843971653632	Offseason processing July 2023	\N
6401	7594	3	2023	5	0	2023-07-16 21:31:28.546101	2023-08-26 13:21:20.166	2023-07-17 01:55:14.338781	f	f	\N	1001153399053672448	Offseason processing July 2023	\N
6555	5854	11	2023	5	0	2023-07-16 21:31:28.891767	2023-08-26 19:49:31.276	2023-07-17 01:55:14.725419	f	f	\N	1001251089049509888	Offseason processing July 2023	\N
6553	4958	11	2023	5	0	2023-07-16 21:31:28.888711	2023-08-26 19:50:08.366	2023-07-17 01:55:14.722292	f	f	\N	1001251244616245248	Offseason processing July 2023	\N
6556	8123	11	2023	5	0	2023-07-16 21:31:28.893351	2023-08-26 19:50:39.638	2023-07-17 01:55:14.727419	f	f	\N	1001251375780519936	Offseason processing July 2023	\N
6557	947	11	2023	67	0	2023-07-16 21:31:28.895354	2023-08-26 19:50:53.46	2023-07-17 01:55:14.691341	f	f	\N	1001251433754189824	Offseason processing July 2023	\N
6535	6268	10	2023	5	0	2023-07-16 21:31:28.847601	2023-08-04 13:58:21.809	2023-07-17 01:55:14.678018	f	f	\N	993190184256573440	Offseason processing July 2023	\N
6371	4111	2	2023	12	0	2023-07-16 21:31:28.464322	2023-08-27 21:35:32.905	2023-07-17 01:55:14.27209	f	f	\N	1001640159521071104	Offseason processing July 2023	\N
6561	8148	12	2023	11	0	2023-07-16 21:31:28.905843	2023-08-27 21:37:38.301	2023-07-17 01:55:14.738226	f	f	\N	1001640685470015488	Offseason processing July 2023	\N
6366	3286	1	2023	5	0	2023-07-16 21:31:28.444107	2023-08-28 02:00:17.347	2023-07-17 01:55:14.255143	f	f	\N	1001706783699689472	Offseason processing July 2023	\N
6538	6011	10	2023	5	0	2023-07-16 21:31:28.854516	2023-08-28 03:21:17.054	2023-07-17 01:55:14.68501	f	f	\N	1001727166788198400	Offseason processing July 2023	\N
6539	6012	10	2023	5	0	2023-07-16 21:31:28.857523	2023-08-28 03:23:22.981	2023-07-17 01:55:14.68801	f	f	\N	1001727694964318208	Offseason processing July 2023	\N
6536	2307	10	2023	5	0	2023-07-16 21:31:28.849943	2023-08-04 13:57:07.756	2023-07-17 01:55:14.680121	f	f	\N	993189873655779328	Offseason processing July 2023	\N
6355	5967	1	2023	8	0	2023-07-16 21:31:28.407453	\N	2023-07-17 01:55:14.225183	f	f	\N	\N	Offseason processing July 2023	\N
6181	7588	3	2022	11	\N	2022-10-05 02:08:01.246	2023-07-16 21:31:28.516479	2023-07-16 21:31:28.516479	f	f	883207665801666560	\N	\N	\N
6514	5095	9	2023	6	0	2023-07-16 21:31:28.796913	\N	2023-07-17 01:55:14.628412	f	f	\N	\N	Offseason processing July 2023	\N
6502	4029	9	2023	4	35	2023-07-16 21:31:28.769539	\N	2023-07-17 01:55:14.599612	t	f	\N	\N	Added by commissioner	\N
5951	3163	3	2022	5	\N	2022-09-01 00:00:00	2023-07-16 21:31:28.540096	2023-07-16 21:31:28.540096	f	f	\N	\N	\N	\N
6380	8408	2	2023	5	0	2023-07-16 21:31:28.492146	2023-08-27 21:33:25.303	2023-07-17 01:55:14.290513	f	f	\N	1001639624319492096	Offseason processing July 2023	\N
6504	6794	9	2023	23	0	2023-07-16 21:31:28.774744	\N	2023-07-17 01:55:14.606304	f	f	\N	\N	Offseason processing July 2023	\N
6505	1166	9	2023	19	0	2023-07-16 21:31:28.776062	\N	2023-07-17 01:55:14.608152	f	f	\N	\N	Offseason processing July 2023	\N
6506	4017	9	2023	17	0	2023-07-16 21:31:28.778073	\N	2023-07-17 01:55:14.610155	f	f	\N	\N	Offseason processing July 2023	\N
6378	6943	2	2023	8	0	2023-07-16 21:31:28.487389	2023-08-27 21:34:48.451	2023-07-17 01:55:14.288504	f	f	\N	1001639973067481088	Offseason processing July 2023	\N
6509	8144	9	2023	11	0	2023-07-16 21:31:28.783889	\N	2023-07-17 01:55:14.618193	f	f	\N	\N	Offseason processing July 2023	\N
6511	4663	9	2023	9	0	2023-07-16 21:31:28.789714	\N	2023-07-17 01:55:14.621194	f	f	\N	\N	Offseason processing July 2023	\N
6510	4217	9	2023	9	0	2023-07-16 21:31:28.7859	\N	2023-07-17 01:55:14.623203	f	f	\N	\N	Offseason processing July 2023	\N
6513	3225	9	2023	6	0	2023-07-16 21:31:28.794909	\N	2023-07-17 01:55:14.626202	f	f	\N	\N	Offseason processing July 2023	\N
6515	4951	9	2023	6	0	2023-07-16 21:31:28.798828	\N	2023-07-17 01:55:14.629683	f	f	\N	\N	Offseason processing July 2023	\N
5978	6806	4	2022	22	\N	2022-09-01 00:00:00	2023-07-16 21:31:28.564571	2023-07-16 21:31:28.564571	f	f	\N	\N	\N	\N
6512	8154	9	2023	6	0	2023-07-16 21:31:28.792825	\N	2023-07-17 01:55:14.63173	f	f	\N	\N	Offseason processing July 2023	\N
6434	4080	5	2023	5	0	2023-07-16 21:31:28.619834	\N	2023-07-17 01:55:14.43661	f	f	\N	\N	Offseason processing July 2023	\N
6437	8205	5	2023	5	0	2023-07-16 21:31:28.625835	\N	2023-07-17 01:55:14.442723	f	f	\N	\N	Offseason processing July 2023	\N
6074	4029	9	2022	32	\N	2022-09-01 00:00:00	2023-07-16 21:31:28.769539	2023-07-16 21:31:28.769539	f	f	\N	\N	\N	\N
6436	4089	5	2023	5	0	2023-07-16 21:31:28.623834	\N	2023-07-17 01:55:14.444189	f	f	\N	\N	Offseason processing July 2023	\N
6438	4227	5	2023	5	0	2023-07-16 21:31:28.627844	\N	2023-07-17 01:55:14.44747	f	f	\N	\N	Offseason processing July 2023	\N
6439	1373	5	2023	5	0	2023-07-16 21:31:28.629835	\N	2023-07-17 01:55:14.449472	f	f	\N	\N	Offseason processing July 2023	\N
6440	5248	5	2023	5	0	2023-07-16 21:31:28.631844	\N	2023-07-17 01:55:14.451219	f	f	\N	\N	Offseason processing July 2023	\N
6441	1266	5	2023	5	0	2023-07-16 21:31:28.632834	\N	2023-07-17 01:55:14.453255	f	f	\N	\N	Offseason processing July 2023	\N
6068	167	9	2022	11	\N	2022-09-01 00:00:00	2023-07-16 21:31:28.780064	2023-07-16 21:31:28.780064	f	f	\N	\N	\N	\N
6457	8160	6	2023	5	0	2023-07-16 21:31:28.669391	\N	2023-07-17 01:55:14.4911	f	f	\N	\N	Offseason processing July 2023	\N
6461	4981	6	2023	5	0	2023-07-16 21:31:28.677498	\N	2023-07-17 01:55:14.497102	f	f	\N	\N	Offseason processing July 2023	\N
6063	8154	9	2022	5	\N	2022-09-01 00:00:00	2023-07-16 21:31:28.792825	2023-07-16 21:31:28.792825	f	f	\N	\N	\N	\N
6091	2374	10	2022	15	\N	2022-09-01 00:00:00	2023-07-16 21:31:28.812063	2023-07-16 21:31:28.812063	f	f	\N	\N	\N	\N
6196	5927	10	2022	9	\N	2022-10-08 12:30:10.046	2023-07-16 21:31:28.820073	2023-07-16 21:31:28.820073	f	f	884451393078038528	\N	\N	\N
6081	3423	10	2022	6	\N	2022-09-01 00:00:00	2023-07-16 21:31:28.831428	2023-07-16 21:31:28.831428	f	f	\N	\N	\N	\N
6302	7601	10	2022	5	\N	2022-11-28 21:02:20.889	2023-07-16 21:31:28.836537	2023-07-16 21:31:28.836537	f	f	902943263529611264	\N	\N	\N
6266	6268	10	2022	1	\N	2022-11-10 10:05:57.4	2023-07-16 21:31:28.847601	2023-07-16 21:31:28.847601	\N	f	896289557946060800	\N	\N	\N
6095	6804	11	2022	5	\N	2022-09-01 00:00:00	2023-07-16 21:31:28.879856	2023-07-16 21:31:28.879856	f	f	\N	\N	\N	\N
6387	7528	3	2023	31	0	2023-07-16 21:31:28.510387	\N	2023-07-17 01:55:14.307933	f	f	\N	\N	Offseason processing July 2023	\N
6393	6801	3	2023	7	0	2023-07-16 21:31:28.52696	\N	2023-07-17 01:55:14.319273	f	f	\N	\N	Offseason processing July 2023	\N
6394	7090	3	2023	7	0	2023-07-16 21:31:28.529003	\N	2023-07-17 01:55:14.320909	f	f	\N	\N	Offseason processing July 2023	\N
6093	947	11	2022	0	61	2022-09-01 00:00:00	2023-07-16 21:31:28.895354	2023-07-16 21:31:28.895354	t	f	\N	\N	\N	\N
6122	6803	12	2022	12	\N	2022-09-01 00:00:00	2023-07-16 21:31:28.899444	2023-07-16 21:31:28.899444	f	f	\N	\N	\N	\N
6433	2078	5	2023	5	0	2023-07-16 21:31:28.615966	\N	2023-07-17 01:55:14.43461	f	f	\N	\N	Offseason processing July 2023	\N
6507	167	9	2023	12	0	2023-07-16 21:31:28.780064	2023-07-18 14:13:11.573	2023-07-17 01:55:14.612507	f	f	\N	987033322482073600	Offseason processing July 2023	\N
6118	5012	12	2022	9	\N	2022-09-01 00:00:00	2023-07-16 21:31:28.910823	2023-07-16 21:31:28.910823	f	f	\N	\N	\N	\N
6435	650	5	2023	5	0	2023-07-16 21:31:28.621834	2023-08-11 16:47:17.823	2023-07-17 01:55:14.439168	f	f	\N	995769412839829504	Offseason processing July 2023	\N
6392	8122	3	2023	7	0	2023-07-16 21:31:28.524467	2023-08-15 21:20:20.796	2023-07-17 01:55:14.323376	f	f	\N	997287679471419392	Offseason processing July 2023	\N
6503	3969	9	2023	26	0	2023-07-16 21:31:28.77254	2023-08-21 02:09:02.104	2023-07-17 01:55:14.604304	f	f	\N	999172269630955520	Offseason processing July 2023	\N
6391	2309	3	2023	55	0	2023-07-16 21:31:28.522406	2023-08-23 17:58:46.178	2023-07-17 01:55:14.304916	f	f	\N	1000136053891575808	Offseason processing July 2023	\N
6481	4993	7	2023	5	0	2023-07-16 21:31:28.7228	2023-08-26 13:54:41.799	2023-07-17 01:55:14.543536	f	f	\N	1001161794510970880	Offseason processing July 2023	\N
6544	1689	11	2023	12	0	2023-07-16 21:31:28.867314	2023-08-26 19:50:21.276	2023-07-17 01:55:14.701009	f	f	\N	1001251298764709888	Offseason processing July 2023	\N
6389	7588	3	2023	12	0	2023-07-16 21:31:28.516479	\N	2023-07-17 01:55:14.314656	f	f	\N	\N	Offseason processing July 2023	\N
6462	8153	6	2023	5	0	2023-07-16 21:31:28.679848	2023-08-27 02:57:58.72	2023-07-17 01:55:14.501023	f	f	\N	1001358913884708864	Offseason processing July 2023	\N
6460	8150	6	2023	5	0	2023-07-16 21:31:28.675327	2023-08-27 02:58:21.492	2023-07-17 01:55:14.499023	f	f	\N	1001359009397399552	Offseason processing July 2023	\N
6458	8225	6	2023	5	0	2023-07-16 21:31:28.672405	2023-08-27 02:59:07.5	2023-07-17 01:55:14.492814	f	f	\N	1001359202368937984	Offseason processing July 2023	\N
6532	8211	10	2023	6	0	2023-07-16 21:31:28.841583	2023-08-28 03:21:30.506	2023-07-17 01:55:14.671423	f	f	\N	1001727223209975808	Offseason processing July 2023	\N
6459	6820	6	2023	5	0	2023-07-16 21:31:28.67353	2023-08-27 21:53:51.024	2023-07-17 01:55:14.495099	f	f	\N	1001644765365985280	Offseason processing July 2023	\N
6517	5844	9	2023	24	0	2023-07-16 21:31:00	\N	2023-07-17 01:55:14.602272	f	f	\N	\N	Offseason processing July 2023	\N
6388	8112	3	2023	6	22	2023-07-16 21:31:28.51339	\N	2023-07-17 01:55:14.310975	t	f	\N	\N	Added by commissioner	\N
6356	5846	1	2023	8	0	2023-07-16 21:31:28.409452	\N	2023-07-17 01:55:14.229406	f	f	\N	\N	Offseason processing July 2023	\N
6471	3451	7	2023	8	0	2023-07-16 21:31:28.700034	2023-08-11 22:02:51.912	2023-07-17 01:55:14.525891	f	f	\N	995848828165165056	Offseason processing July 2023	\N
6559	6803	12	2023	13	0	2023-07-16 21:31:28.899444	\N	2023-07-17 01:55:14.733162	f	f	\N	\N	Offseason processing July 2023	\N
6560	8146	12	2023	11	0	2023-07-16 21:31:28.902444	\N	2023-07-17 01:55:14.735629	f	f	\N	\N	Offseason processing July 2023	\N
6221	1266	5	2022	0	\N	2022-10-20 09:05:28.085	2023-07-16 21:31:28.632834	2023-07-16 21:31:28.632834	\N	f	888424688198721536	\N	\N	\N
6564	5859	12	2023	10	0	2023-07-16 21:31:28.911839	\N	2023-07-17 01:55:14.741504	f	f	\N	\N	Offseason processing July 2023	\N
6563	5012	12	2023	10	0	2023-07-16 21:31:28.910823	\N	2023-07-17 01:55:14.745015	f	f	\N	\N	Offseason processing July 2023	\N
6383	4066	2	2023	5	0	2023-07-16 21:31:28.500013	\N	2023-07-17 01:55:14.296489	f	f	\N	\N	Offseason processing July 2023	\N
6385	96	2	2023	5	0	2023-07-16 21:31:28.504823	\N	2023-07-17 01:55:14.300345	f	f	\N	\N	Offseason processing July 2023	\N
6110	5870	12	2022	5	\N	2022-09-01 00:00:00	2023-07-16 21:31:28.922223	2023-07-16 21:31:28.922223	f	f	\N	\N	\N	\N
6180	4039	5	2022	29	\N	2022-10-04 03:29:35.754	2023-07-16 21:31:28.598629	2023-07-16 21:31:28.598629	f	f	882865779169943552	\N	\N	\N
6397	8228	3	2023	6	0	2023-07-16 21:31:28.538096	\N	2023-07-17 01:55:14.326489	f	f	\N	\N	Offseason processing July 2023	\N
6398	3163	3	2023	6	0	2023-07-16 21:31:28.540096	\N	2023-07-17 01:55:14.328518	f	f	\N	\N	Offseason processing July 2023	\N
6395	8139	3	2023	6	0	2023-07-16 21:31:28.531076	\N	2023-07-17 01:55:14.331497	f	f	\N	\N	Offseason processing July 2023	\N
6468	5848	7	2023	14	0	2023-07-16 21:31:28.69437	\N	2023-07-17 01:55:14.517892	f	f	\N	\N	Offseason processing July 2023	\N
6472	6945	7	2023	8	0	2023-07-16 21:31:28.703446	\N	2023-07-17 01:55:14.523878	f	f	\N	\N	Offseason processing July 2023	\N
6255	6849	6	2022	0	\N	2022-11-06 10:05:43.686	2022-11-09 10:05:51.859	2023-01-30 18:55:03.086131	\N	f	894656395524366336	895918625247178752	\N	\N
6340	8143	2	2022	0	\N	2022-12-21 10:06:06.473	2023-07-16 21:31:28.506903	2023-07-16 21:31:28.506903	\N	f	910560054263463936	\N	\N	\N
6348	1837	3	2022	0	\N	2022-12-29 10:06:00.884	2023-07-16 21:31:28.55425	2023-07-16 21:31:28.55425	\N	f	913877531198242816	\N	\N	\N
6336	4195	4	2022	0	\N	2022-12-16 10:05:25.116	2023-07-16 21:31:28.595624	2023-07-16 21:31:28.595624	\N	f	909257133504532480	\N	\N	\N
6314	5209	8	2022	4	\N	2022-12-04 10:05:45.119	2022-12-14 10:06:08.532	2023-01-30 18:55:04.2586	\N	f	904960347633582080	908484974725079040	\N	\N
6192	3678	9	2022	0	\N	2022-10-06 09:06:00.778	2022-12-15 10:06:17.727	2023-01-30 18:55:01.850499	\N	f	883500344024526848	908880801884704768	\N	\N
6330	8116	2	2022	1	\N	2022-12-14 10:06:08.532	2022-12-15 10:06:17.727	2023-01-30 18:55:04.63081	\N	f	908591594268184576	908735630081916928	\N	\N
6337	8188	6	2022	0	\N	2022-12-16 10:05:25.116	2022-12-18 10:05:38.811	2023-01-30 18:55:04.81431	\N	f	909137659149053952	909474782322843648	\N	\N
6329	4666	2	2022	2	\N	2022-12-14 10:06:08.532	2022-12-21 10:06:06.473	2023-01-30 18:55:04.620557	\N	f	908591876377063424	910560054263463936	\N	\N
6333	1387	8	2022	5	\N	2022-12-14 10:06:08.532	2022-12-21 10:06:06.473	2023-01-30 18:55:04.669091	\N	f	908484974725079040	910344596843134976	\N	\N
6322	4036	5	2022	3	\N	2022-12-08 10:06:15.918	2022-12-28 10:05:55.087	2023-01-30 18:55:04.541071	\N	f	906183850470875136	913671634480021504	\N	\N
6343	7538	8	2022	4	\N	2022-12-21 10:06:06.473	2022-12-29 10:06:00.884	2023-01-30 18:55:04.882471	\N	f	910343806560907264	913848061766639616	\N	\N
6412	5185	4	2023	12	0	2023-07-16 21:31:28.570821	2023-08-11 15:49:00.813	2023-07-17 01:55:14.380017	f	f	\N	995754745316798464	Offseason processing July 2023	\N
6347	4227	5	2022	0	\N	2022-12-28 10:05:55.087	2023-07-16 21:31:28.627844	2023-07-16 21:31:28.627844	\N	f	913669288404463616	\N	\N	\N
6346	4973	5	2022	0	\N	2022-12-28 10:05:55.087	2023-07-16 21:31:28.635485	2023-07-16 21:31:28.635485	\N	f	913671634480021504	\N	\N	\N
6328	8225	6	2022	4	\N	2022-12-14 10:06:08.532	2023-07-16 21:31:28.672405	2023-07-16 21:31:28.672405	\N	f	908600074458865664	\N	\N	\N
6338	8150	6	2022	2	\N	2022-12-18 10:05:38.811	2023-07-16 21:31:28.675327	2023-07-16 21:31:28.675327	\N	f	909474782322843648	\N	\N	\N
6344	7066	8	2022	4	\N	2022-12-21 10:06:06.473	2023-07-16 21:31:28.756485	2023-07-16 21:31:28.756485	\N	f	910343689032105984	\N	\N	\N
6342	4985	8	2022	4	\N	2022-12-21 10:06:06.473	2023-07-16 21:31:28.758456	2023-07-16 21:31:28.758456	\N	f	910344596843134976	\N	\N	\N
6339	7565	8	2022	3	\N	2022-12-21 10:06:06.473	2023-07-16 21:31:28.760459	2023-07-16 21:31:28.760459	\N	f	910664153323409408	\N	\N	\N
6349	8161	8	2022	0	\N	2022-12-29 10:06:00.884	2023-07-16 21:31:28.766145	2023-07-16 21:31:28.766145	\N	f	913848061766639616	\N	\N	\N
6334	1433	9	2022	0	\N	2022-12-15 10:06:17.727	2023-07-16 21:31:28.807059	2023-07-16 21:31:28.807059	\N	f	908880801884704768	\N	\N	\N
6345	6011	10	2022	0	\N	2022-12-23 10:06:17.755	2023-07-16 21:31:28.854516	2023-07-16 21:31:28.854516	\N	f	911774805958078464	\N	\N	\N
6331	7002	12	2022	4	\N	2022-12-14 10:06:08.532	2023-07-16 21:31:28.933561	2023-07-16 21:31:28.933561	\N	f	908578403127554048	\N	\N	\N
6332	5230	12	2022	4	\N	2022-12-14 10:06:08.532	2023-07-16 21:31:28.935735	2023-07-16 21:31:28.935735	\N	f	908578081277861888	\N	\N	\N
6547	2028	11	2023	7	0	2023-07-16 21:31:28.87531	\N	2023-07-17 01:55:14.707227	f	f	\N	\N	Offseason processing July 2023	\N
6351	4018	1	2023	35	0	2023-07-16 21:31:28.395847	\N	2023-07-17 01:55:14.210697	f	f	\N	\N	Offseason processing July 2023	\N
6352	6828	1	2023	11	0	2023-07-16 21:31:28.399846	\N	2023-07-17 01:55:14.218839	f	f	\N	\N	Offseason processing July 2023	\N
6406	6786	4	2023	29	0	2023-07-16 21:31:28.557572	\N	2023-07-17 01:55:14.359824	f	f	\N	\N	Offseason processing July 2023	\N
6407	6770	4	2023	26	0	2023-07-16 21:31:28.560571	\N	2023-07-17 01:55:14.363551	f	f	\N	\N	Offseason processing July 2023	\N
6409	6806	4	2023	24	0	2023-07-16 21:31:28.564571	\N	2023-07-17 01:55:14.373123	f	f	\N	\N	Offseason processing July 2023	\N
6413	7526	4	2023	12	0	2023-07-16 21:31:28.573968	\N	2023-07-17 01:55:14.384951	f	f	\N	\N	Offseason processing July 2023	\N
6414	8137	4	2023	11	0	2023-07-16 21:31:28.575444	\N	2023-07-17 01:55:14.388471	f	f	\N	\N	Offseason processing July 2023	\N
6417	4199	4	2023	9	0	2023-07-16 21:31:28.581446	\N	2023-07-17 01:55:14.394672	f	f	\N	\N	Offseason processing July 2023	\N
6423	5133	4	2023	5	0	2023-07-16 21:31:28.594077	2023-08-11 15:49:15.305	2023-07-17 01:55:14.410398	f	f	\N	995754806100652032	Offseason processing July 2023	\N
6558	6130	12	2023	18	0	2023-07-16 21:31:28.898444	2023-08-11 21:01:43.668	2023-07-17 01:55:14.731162	f	f	\N	995833442434617344	Offseason processing July 2023	\N
6474	24	7	2023	7	0	2023-07-16 21:31:28.708445	2023-08-11 22:03:19.014	2023-07-17 01:55:14.531421	f	f	\N	995848941839192064	Offseason processing July 2023	\N
6396	6996	3	2023	6	0	2023-07-16 21:31:28.535097	2023-08-15 02:04:09.222	2023-07-17 01:55:14.324017	f	f	\N	996996714001100800	Offseason processing July 2023	\N
6421	8126	4	2023	5	0	2023-07-16 21:31:28.590085	2023-08-20 22:47:01.58	2023-07-17 01:55:14.402236	f	f	\N	999121432468660224	Offseason processing July 2023	\N
6469	2749	7	2023	13	0	2023-07-16 21:31:28.697028	2023-08-23 02:29:33.24	2023-07-17 01:55:14.519424	f	f	\N	999902209120710656	Offseason processing July 2023	\N
6470	1352	7	2023	10	0	2023-07-16 21:31:28.699	2023-08-26 14:01:46.669	2023-07-17 01:55:14.521426	f	f	\N	1001163576544911360	Offseason processing July 2023	\N
6451	5038	6	2023	7	0	2023-07-16 21:31:28.655391	2023-08-27 03:00:07.901	2023-07-17 01:55:14.47937	f	f	\N	1001359455709093888	Offseason processing July 2023	\N
6415	6151	4	2023	64	0	2023-07-16 21:31:28.577446	2023-08-27 03:08:34.411	2023-07-17 01:55:14.35662	f	f	\N	1001361580166012928	Offseason processing July 2023	\N
6416	4033	4	2023	10	0	2023-07-16 21:31:28.579447	2023-08-27 03:10:21.196	2023-07-17 01:55:14.391506	f	f	\N	1001362028054765568	Offseason processing July 2023	\N
6381	8159	2	2023	5	0	2023-07-16 21:31:28.494259	2023-08-27 21:32:55.889	2023-07-17 01:55:14.292512	f	f	\N	1001639500948234240	Offseason processing July 2023	\N
6386	8143	2	2023	5	0	2023-07-16 21:31:28.506903	2023-08-27 21:33:15.34	2023-07-17 01:55:14.302515	f	f	\N	1001639582531641344	Offseason processing July 2023	\N
6382	7567	2	2023	5	0	2023-07-16 21:31:28.498012	2023-08-27 21:35:14.455	2023-07-17 01:55:14.293513	f	f	\N	1001640082136162304	Offseason processing July 2023	\N
6442	4973	5	2023	5	0	2023-07-16 21:31:28.635485	2023-08-27 23:03:36.291	2023-07-17 01:55:14.455238	f	f	\N	1001662319648104448	Offseason processing July 2023	\N
6546	1992	11	2023	9	0	2023-07-16 21:31:28.872794	2023-08-26 19:51:37.257	2023-07-17 01:55:14.704009	f	f	\N	1001251617452122112	Offseason processing July 2023	\N
6422	2747	4	2023	5	0	2023-07-16 21:31:28.592084	2023-08-02 19:16:12.88	2023-07-17 01:55:14.404583	f	f	\N	992545398394753024	Offseason processing July 2023	\N
6384	8183	2	2023	0	5	2023-07-16 21:31:28.501237	\N	2023-07-17 01:55:14.298338	t	f	\N	\N	Added by commissioner	\N
5935	3199	2	2022	4	28	2022-09-01 00:00:00	2023-07-16 21:31:28.49039	2023-07-16 21:31:28.49039	t	f	\N	\N	\N	\N
5979	7553	4	2022	22	\N	2022-09-01 00:00:00	2023-07-16 21:31:28.565818	2023-07-16 21:31:28.565818	f	f	\N	\N	\N	\N
5990	7571	5	2022	6	\N	2022-09-01 00:00:00	2023-07-16 21:31:28.611875	2023-07-16 21:31:28.611875	f	f	\N	\N	\N	\N
5988	5248	5	2022	6	\N	2022-09-01 00:00:00	2022-10-05 01:51:11.649	\N	f	f	\N	883203662825213952	\N	\N
6357	7591	1	2023	7	0	2023-07-16 21:31:28.412382	\N	2023-07-17 01:55:14.231415	f	f	\N	\N	Offseason processing July 2023	\N
6358	8132	1	2023	6	0	2023-07-16 21:31:28.414383	\N	2023-07-17 01:55:14.234825	f	f	\N	\N	Offseason processing July 2023	\N
6809	9754	6	2023	15	\N	2023-08-01 05:00:46.949	\N	2023-08-31 04:07:13.521316	\N	f	\N	\N	added in rookie draft 2023 with pick 4	\N
5920	5857	1	2022	8	\N	2022-09-01 00:00:00	2022-09-14 09:06:05.505	\N	f	f	\N	875580752425807872	\N	\N
6810	9753	11	2023	15	\N	2023-08-01 05:00:46.949	\N	2023-08-31 04:07:13.699596	\N	f	\N	\N	added in rookie draft 2023 with pick 5	\N
6811	9756	1	2023	10	\N	2023-08-01 05:00:46.949	\N	2023-08-31 04:07:13.867852	\N	f	\N	\N	added in rookie draft 2023 with pick 6	\N
5911	650	1	2022	1	\N	2022-09-01 00:00:00	2022-09-14 09:06:05.505	\N	f	f	\N	875537479799885824	\N	\N
6812	9997	8	2023	10	\N	2023-08-01 05:00:46.949	\N	2023-08-31 04:07:14.03285	\N	f	\N	\N	added in rookie draft 2023 with pick 7	\N
6813	9229	5	2023	10	\N	2023-08-01 05:00:46.949	\N	2023-08-31 04:07:14.195651	\N	f	\N	\N	added in rookie draft 2023 with pick 8	\N
6814	10236	12	2023	10	\N	2023-08-01 05:00:46.949	\N	2023-08-31 04:07:14.348784	\N	f	\N	\N	added in rookie draft 2023 with pick 9	\N
6815	10859	11	2023	10	\N	2023-08-01 05:00:46.949	\N	2023-08-31 04:07:14.522575	\N	f	\N	\N	added in rookie draft 2023 with pick 10	\N
6816	9757	7	2023	10	\N	2023-08-01 05:00:46.949	\N	2023-08-31 04:07:14.69213	\N	f	\N	\N	added in rookie draft 2023 with pick 11	\N
6253	8111	12	2022	0	\N	2022-11-06 10:05:43.686	2022-11-12 10:05:44.964	2023-01-30 18:55:03.064165	\N	f	894872111557087232	896866113022136320	\N	\N
6211	2747	4	2022	0	\N	2022-10-15 09:06:06.089	2022-11-16 10:05:43.671	2023-01-30 18:55:02.196563	\N	f	886637215479046144	898376389231976448	\N	\N
6252	4602	3	2022	0	\N	2022-11-05 09:05:36.806	2022-11-16 10:05:43.671	2023-01-30 18:55:03.042075	\N	f	894233737414586368	898320615893893120	\N	\N
6250	5133	8	2022	4	\N	2022-11-02 09:05:55.395	2022-11-16 10:05:43.671	2023-01-30 18:55:02.903682	\N	f	893288130181066752	897894374166700032	\N	\N
6213	7551	8	2022	2	\N	2022-10-16 09:05:15.374	2022-11-17 10:06:15.435	2023-01-30 18:55:02.214114	\N	f	887063775168352256	898675329521229824	\N	\N
6199	6951	12	2022	11	\N	2022-10-12 09:05:38.466	2022-11-20 10:05:37.569	2023-01-30 18:55:01.914736	\N	f	885753796352049152	899942237788766208	\N	\N
6197	3271	4	2022	12	\N	2022-10-08 12:30:10.046	2022-11-28 21:02:20.889	2023-01-30 18:55:03.977364	f	f	884451393078038528	902943263529611264	\N	\N
6251	8195	10	2022	0	\N	2022-11-03 09:06:03.959	2022-11-29 18:01:57.56	2023-01-30 18:55:03.027817	\N	f	893462705015586816	903379296490500096	\N	\N
6217	3242	3	2022	2	\N	2022-10-19 09:05:43.054	2022-11-30 10:06:11.053	2023-01-30 18:55:02.26719	\N	f	888153491636637696	903510102097756160	\N	\N
6225	2078	3	2022	0	\N	2022-10-21 09:06:14.699	2022-11-30 10:06:11.053	2023-01-30 18:55:02.494816	\N	f	888798395073130496	903509919142178816	\N	\N
6244	8131	11	2022	5	\N	2022-11-02 09:05:55.395	2022-11-30 10:06:11.053	2023-01-30 18:55:02.834124	\N	f	893362832832446464	903464304580583424	\N	\N
6219	8188	9	2022	3	\N	2022-10-19 09:05:43.054	2022-12-07 10:06:07.514	2023-01-30 18:55:02.289034	\N	f	887754683496923136	905211715875282944	\N	\N
6247	5536	6	2022	2	\N	2022-11-02 09:05:55.395	2022-12-14 10:06:08.532	2023-01-30 18:55:02.862823	\N	f	893347508598861824	908601384717557760	\N	\N
6234	5347	12	2022	17	\N	2022-10-26 09:05:36.136	2022-12-14 10:06:08.532	2023-01-30 18:55:02.602284	\N	f	890732765413314560	908578403127554048	\N	\N
6218	8150	4	2022	2	\N	2022-10-19 09:05:43.054	2022-12-16 10:05:25.116	2023-01-30 18:55:02.277139	\N	f	888088255885824000	909257133504532480	\N	\N
6239	5119	2	2022	0	\N	2022-10-27 09:05:43.3	2022-11-09 10:05:51.859	2023-01-30 18:55:02.781128	\N	f	890926312011784192	895877857375612928	\N	\N
6008	7839	6	2022	5	\N	2022-09-01 00:00:00	2022-11-09 10:05:51.859	\N	f	f	\N	895743406280908800	\N	\N
6257	8161	6	2022	0	\N	2022-11-09 10:05:51.859	2022-11-10 10:05:57.4	2023-01-30 18:55:03.109595	\N	f	895918625247178752	896294316807487488	\N	\N
6264	8134	6	2022	0	\N	2022-11-10 10:05:57.4	2022-11-12 10:05:44.964	2023-01-30 18:55:03.289098	\N	f	896294316807487488	897007006446329856	\N	\N
6229	5995	6	2022	0	\N	2022-10-22 09:05:17.975	2022-11-13 04:29:18.745	2023-01-30 18:55:02.526028	\N	f	889287510965174272	897376581348114432	\N	\N
5941	2133	2	2022	10	\N	2022-09-01 00:00:00	2023-07-16 21:31:28.468326	2023-07-16 21:31:28.468326	f	f	\N	\N	\N	\N
6368	1466	2	2023	53	0	2023-07-16 21:31:28.453444	\N	2023-07-17 01:55:14.261355	f	f	\N	\N	Offseason processing July 2023	\N
6817	10225	9	2023	10	\N	2023-08-01 05:00:46.949	\N	2023-08-31 04:07:14.859372	\N	f	\N	\N	added in rookie draft 2023 with pick 12	\N
6818	9226	12	2023	5	\N	2023-08-01 05:00:46.949	\N	2023-08-31 04:07:15.019268	\N	f	\N	\N	added in rookie draft 2023 with pick 13	\N
6821	9228	7	2023	5	\N	2023-08-01 05:00:46.949	\N	2023-08-31 04:07:15.54267	\N	f	\N	\N	added in rookie draft 2023 with pick 16	\N
6823	9758	1	2023	5	\N	2023-08-01 05:00:46.949	\N	2023-08-31 04:07:15.873307	\N	f	\N	\N	added in rookie draft 2023 with pick 18	\N
6824	9225	8	2023	5	\N	2023-08-01 05:00:46.949	\N	2023-08-31 04:07:16.031407	\N	f	\N	\N	added in rookie draft 2023 with pick 19	\N
6825	10222	8	2023	5	\N	2023-08-01 05:00:46.949	\N	2023-08-31 04:07:16.193638	\N	f	\N	\N	added in rookie draft 2023 with pick 20	\N
6826	9482	3	2023	5	\N	2023-08-01 05:00:46.949	\N	2023-08-31 04:07:16.3601	\N	f	\N	\N	added in rookie draft 2023 with pick 21	\N
6827	9508	6	2023	5	\N	2023-08-01 05:00:46.949	\N	2023-08-31 04:07:16.531077	\N	f	\N	\N	added in rookie draft 2023 with pick 22	\N
6830	9222	10	2023	1	\N	2023-08-01 05:00:46.949	\N	2023-08-31 04:07:17.035676	\N	f	\N	\N	added in rookie draft 2023 with pick 25	\N
6832	9481	6	2023	1	\N	2023-08-01 05:00:46.949	\N	2023-08-31 04:07:17.366993	\N	f	\N	\N	added in rookie draft 2023 with pick 27	\N
6431	7571	5	2023	7	0	2023-07-16 21:31:28.611875	\N	2023-07-17 01:55:14.430151	f	f	\N	\N	Offseason processing July 2023	\N
6806	9509	6	2023	25	\N	2023-08-01 05:00:46.949	\N	2023-08-31 04:07:13.016961	\N	f	\N	\N	added in rookie draft 2023 with pick 1	\N
6807	9221	3	2023	20	\N	2023-08-01 05:00:46.949	\N	2023-08-31 04:07:13.173137	\N	f	\N	\N	added in rookie draft 2023 with pick 2	\N
6842	9506	10	2023	1	\N	2023-08-01 05:00:46.949	\N	2023-08-31 04:07:18.977778	\N	f	\N	\N	added in rookie draft 2023 with pick 37	\N
6831	9497	12	2023	1	\N	2023-08-01 05:00:46.949	\N	2023-08-31 04:07:17.198253	\N	f	\N	\N	added in rookie draft 2023 with pick 26	t
6838	9490	12	2023	1	\N	2023-08-01 05:00:46.949	\N	2023-08-31 04:07:18.378786	\N	f	\N	\N	added in rookie draft 2023 with pick 33	t
6834	10444	11	2023	1	\N	2023-08-01 05:00:46.949	\N	2023-08-31 04:07:17.726214	\N	f	\N	\N	added in rookie draft 2023 with pick 29	t
6822	10235	11	2023	5	\N	2023-08-01 05:00:46.949	\N	2023-08-31 04:07:15.714856	\N	f	\N	\N	added in rookie draft 2023 with pick 17	t
6829	9227	9	2023	5	\N	2023-08-01 05:00:46.949	\N	2023-08-31 04:07:16.868342	\N	f	\N	\N	added in rookie draft 2023 with pick 24	t
6841	9220	9	2023	1	\N	2023-08-01 05:00:46.949	\N	2023-08-31 04:07:18.837368	\N	f	\N	\N	added in rookie draft 2023 with pick 36	t
6836	9512	8	2023	1	\N	2023-08-01 05:00:46.949	\N	2023-08-31 04:07:18.068798	\N	f	\N	\N	added in rookie draft 2023 with pick 31	t
6833	9500	7	2023	1	\N	2023-08-01 05:00:46.949	\N	2023-08-31 04:07:17.549061	\N	f	\N	\N	added in rookie draft 2023 with pick 28	t
6840	10232	6	2023	1	\N	2023-08-01 05:00:46.949	\N	2023-08-31 04:07:18.703564	\N	f	\N	\N	added in rookie draft 2023 with pick 35	t
6819	10229	6	2023	5	\N	2023-08-01 05:00:46.949	\N	2023-08-31 04:07:15.199661	\N	f	\N	\N	added in rookie draft 2023 with pick 14	t
6837	9479	5	2023	1	\N	2023-08-01 05:00:46.949	\N	2023-08-31 04:07:18.224196	\N	f	\N	\N	added in rookie draft 2023 with pick 32	t
6828	9224	4	2023	5	\N	2023-08-01 05:00:46.949	\N	2023-08-31 04:07:16.696993	\N	f	\N	\N	added in rookie draft 2023 with pick 23	t
6839	10871	4	2023	1	\N	2023-08-01 05:00:46.949	\N	2023-08-31 04:07:18.537488	\N	f	\N	\N	added in rookie draft 2023 with pick 34	t
6820	9494	3	2023	5	\N	2023-08-01 05:00:46.949	\N	2023-08-31 04:07:15.373271	\N	f	\N	\N	added in rookie draft 2023 with pick 15	t
6808	9488	3	2023	20	\N	2023-08-01 05:00:46.949	\N	2023-08-31 04:07:13.345987	\N	f	\N	\N	added in rookie draft 2023 with pick 3	t
6372	2133	2	2023	11	0	2023-07-16 21:31:28.468326	\N	2023-07-17 01:55:14.27509	f	f	\N	\N	Offseason processing July 2023	\N
6373	8129	2	2023	11	0	2023-07-16 21:31:28.47133	\N	2023-07-17 01:55:14.27609	f	f	\N	\N	Offseason processing July 2023	\N
6374	8167	2	2023	10	0	2023-07-16 21:31:28.475331	\N	2023-07-17 01:55:14.278089	f	f	\N	\N	Offseason processing July 2023	\N
6376	4881	2	2023	9	0	2023-07-16 21:31:28.482683	\N	2023-07-17 01:55:14.284395	f	f	\N	\N	Offseason processing July 2023	\N
6390	1234	3	2023	9	0	2023-07-16 21:31:28.519408	\N	2023-07-17 01:55:14.317274	f	f	\N	\N	Offseason processing July 2023	\N
6408	7543	4	2023	24	0	2023-07-16 21:31:28.561571	\N	2023-07-17 01:55:14.370937	f	f	\N	\N	Offseason processing July 2023	\N
6106	6819	11	2022	12	\N	2022-09-01 00:00:00	2023-07-16 21:31:28.863059	2023-07-16 21:31:28.863059	f	f	\N	\N	\N	\N
6844	10937	6	2023	1	\N	2023-08-01 05:00:46.949	\N	2023-08-31 04:10:54.138267	\N	f	\N	\N	added in rookie draft 2023 with pick 38	\N
6377	4037	2	2023	9	0	2023-07-16 21:31:28.485474	\N	2023-07-17 01:55:14.28642	f	f	\N	\N	Offseason processing July 2023	\N
6364	8172	1	2023	5	0	2023-07-16 21:31:28.435733	\N	2023-07-17 01:55:14.250468	f	f	\N	\N	Offseason processing July 2023	\N
6086	4098	10	2022	7	\N	2022-09-01 00:00:00	2023-07-16 21:31:28.824079	2023-07-16 21:31:28.824079	f	f	\N	\N	\N	\N
6854	11008	9	2023	1	\N	2023-08-01 05:00:46.949	\N	2023-08-31 04:10:55.80599	\N	f	\N	\N	added in rookie draft 2023 with pick 48	\N
6002	6951	6	2022	1	\N	2022-09-01 00:00:00	2022-09-14 09:06:05.505	\N	f	f	\N	875627093252284416	\N	\N
6059	2431	9	2022	5	\N	2022-09-01 00:00:00	2022-09-15 09:05:26.073	\N	f	f	\N	875954214390681600	\N	\N
6047	4227	8	2022	8	\N	2022-09-01 00:00:00	2022-09-15 09:05:26.073	\N	f	f	\N	875844568866783232	\N	\N
6043	5890	8	2022	6	\N	2022-09-01 00:00:00	2022-09-16 01:30:48.54	2023-01-30 18:55:00.802118	f	f	\N	876312957599088640	\N	\N
6038	5849	8	2022	4	22	2022-09-01 00:00:00	2022-09-16 01:30:48.54	2023-01-30 18:55:00.807528	t	f	\N	876312957599088640	\N	\N
6006	3294	6	2022	4	23	2022-09-01 00:00:00	2022-09-16 01:30:48.54	2023-01-30 18:55:00.817555	t	f	\N	876312957599088640	\N	\N
6005	4973	6	2022	3	\N	2022-09-01 00:00:00	2022-09-16 09:05:32.438	\N	f	f	\N	876319100610383872	\N	\N
6041	8142	8	2022	5	\N	2022-09-01 00:00:00	2022-09-17 09:05:21.211	\N	f	f	\N	876613752911540224	\N	\N
6028	7547	7	2022	6	\N	2022-09-01 00:00:00	2022-09-26 18:47:48.769	2023-01-30 18:55:01.30621	f	f	\N	880116937353539584	\N	\N
6040	5906	8	2022	5	\N	2022-09-01 00:00:00	2022-09-26 18:47:48.769	2023-01-30 18:55:01.317791	f	f	\N	880116937353539584	\N	\N
6032	4144	7	2022	13	\N	2022-09-01 00:00:00	2022-09-26 18:47:48.769	2023-01-30 18:55:01.322541	f	f	\N	880116937353539584	\N	\N
6015	7588	6	2022	11	\N	2022-09-01 00:00:00	2022-10-05 02:08:01.246	2023-01-30 18:55:01.641702	f	f	\N	883207665801666560	\N	\N
6012	7090	6	2022	6	\N	2022-09-01 00:00:00	2022-10-05 02:08:01.246	2023-01-30 18:55:01.643039	f	f	\N	883207665801666560	\N	\N
6057	17	9	2022	1	\N	2022-09-01 00:00:00	2022-10-06 09:06:00.778	\N	f	f	\N	883500344024526848	\N	\N
5994	8135	5	2022	10	\N	2022-09-01 00:00:00	2022-10-12 09:05:38.466	\N	f	f	\N	885517767561011200	\N	\N
6027	5230	7	2022	6	\N	2022-09-01 00:00:00	2022-10-15 09:06:06.089	\N	f	f	\N	886739045731229696	\N	\N
6044	6126	8	2022	6	\N	2022-09-01 00:00:00	2022-10-19 09:05:43.054	\N	f	f	\N	888176348768854016	\N	\N
6066	8118	9	2022	8	\N	2022-09-01 00:00:00	2022-10-19 09:05:43.054	\N	f	f	\N	887754683496923136	\N	\N
6019	4034	6	2022	32	\N	2022-09-01 00:00:00	2022-10-21 20:29:27.995	2023-01-30 18:55:02.516007	f	f	\N	889273562530390016	\N	\N
6039	4985	8	2022	5	\N	2022-09-01 00:00:00	2022-10-25 21:53:59.83	\N	f	f	\N	890754115427426304	\N	\N
6062	5110	9	2022	5	\N	2022-09-01 00:00:00	2022-10-26 09:05:36.136	\N	f	f	\N	890659519695343616	\N	\N
6023	6843	7	2022	5	\N	2022-09-01 00:00:00	2022-10-28 09:05:23.416	\N	f	f	\N	891510431859437568	\N	\N
6848	10218	1	2023	1	\N	2023-08-01 05:00:46.949	\N	2023-08-31 04:10:54.800183	\N	f	\N	\N	added in rookie draft 2023 with pick 42	t
6852	10955	2	2023	1	\N	2023-08-01 05:00:46.949	\N	2023-08-31 04:10:55.458257	\N	f	\N	\N	added in rookie draft 2023 with pick 46	t
6850	9501	5	2023	1	\N	2023-08-01 05:00:46.949	\N	2023-08-31 04:10:55.132379	\N	f	\N	\N	added in rookie draft 2023 with pick 44	t
6846	9505	7	2023	1	\N	2023-08-01 05:00:46.949	\N	2023-08-31 04:10:54.483401	\N	f	\N	\N	added in rookie draft 2023 with pick 40	t
5937	6943	2	2022	7	\N	2022-09-01 00:00:00	2023-07-16 21:31:28.487389	2023-07-16 21:31:28.487389	f	f	\N	\N	\N	\N
6000	4040	5	2022	29	\N	2022-09-01 00:00:00	2023-07-16 21:31:28.601627	2023-07-16 21:31:28.601627	f	f	\N	\N	\N	\N
5998	5892	5	2022	26	\N	2022-09-01 00:00:00	2023-07-16 21:31:28.604178	2023-07-16 21:31:28.604178	f	f	\N	\N	\N	\N
5997	5850	5	2022	14	34	2022-09-01 00:00:00	2023-07-16 21:31:28.606153	2023-07-16 21:31:28.606153	t	f	\N	\N	\N	\N
5993	4984	5	2022	8	\N	2022-09-01 00:00:00	2023-07-16 21:31:28.610154	2023-07-16 21:31:28.610154	f	f	\N	\N	\N	\N
6018	4137	6	2022	15	\N	2022-09-01 00:00:00	2023-07-16 21:31:28.644532	2023-07-16 21:31:28.644532	f	f	\N	\N	\N	\N
6847	11533	11	2023	1	\N	2023-08-01 05:00:46.949	\N	2023-08-31 04:10:54.643424	\N	f	\N	\N	added in rookie draft 2023 with pick 41	\N
6853	10223	10	2023	1	\N	2023-08-01 05:00:46.949	\N	2023-08-31 04:10:55.630375	\N	f	\N	\N	added in rookie draft 2023 with pick 47	\N
6851	9489	12	2023	1	\N	2023-08-01 05:00:46.949	2023-08-24 21:50:07.84	2023-08-31 04:10:55.298341	\N	f	\N	1000556665667641344	added in rookie draft 2023 with pick 45	\N
6845	10863	3	2023	1	\N	2023-08-01 05:00:46.949	2023-08-23 17:59:35.061	2023-08-31 04:10:54.311381	\N	f	\N	1000136258921738240	added in rookie draft 2023 with pick 39	\N
6849	9493	8	2023	1	\N	2023-08-01 05:00:46.949	\N	2023-08-31 04:10:54.967495	\N	f	\N	\N	added in rookie draft 2023 with pick 43	t
5989	7567	5	2022	6	\N	2022-09-01 00:00:00	2022-11-24 10:06:16.649	\N	f	f	\N	901120965537370112	\N	\N
5953	391	3	2022	6	\N	2022-09-01 00:00:00	2022-11-25 10:05:26.711	\N	f	f	\N	901135464881516544	\N	\N
5969	7601	4	2022	5	\N	2022-09-01 00:00:00	2022-11-28 21:02:20.889	2023-01-30 18:55:03.974291	f	f	\N	902943263529611264	\N	\N
6003	4892	6	2022	1	\N	2022-09-01 00:00:00	2022-09-07 20:35:45.571	\N	f	f	\N	873339808729251840	\N	\N
6137	8228	4	2022	5	\N	2022-09-14 09:06:05.505	2022-09-15 01:51:54.275	2023-01-30 18:55:00.541726	\N	f	875193377745268736	875955819286503424	\N	\N
5943	2449	2	2022	24	\N	2022-09-01 00:00:00	2023-07-16 21:31:28.462137	2023-07-16 21:31:28.462137	f	f	\N	\N	\N	\N
5942	8129	2	2022	10	\N	2022-09-01 00:00:00	2023-07-16 21:31:28.47133	2023-07-16 21:31:28.47133	f	f	\N	\N	\N	\N
5940	8167	2	2022	9	\N	2022-09-01 00:00:00	2023-07-16 21:31:28.475331	2023-07-16 21:31:28.475331	f	f	\N	\N	\N	\N
5939	4035	2	2022	9	\N	2022-09-01 00:00:00	2023-07-16 21:31:28.478485	2023-07-16 21:31:28.478485	f	f	\N	\N	\N	\N
6855	8138	11	2023	31	\N	2023-08-31 08:45:00	\N	\N	\N	\N	\N	\N	Added by commissioner	\N
6145	1387	9	2022	3	\N	2022-09-15 09:05:26.073	2022-11-10 10:05:57.4	2023-01-30 18:55:00.637535	\N	f	875954214390681600	896185718324572160	\N	\N
6123	6886	12	2022	19	\N	2022-09-01 00:00:00	2022-11-16 10:05:43.671	\N	f	f	\N	898311549792456704	\N	\N
6111	6820	12	2022	5	31	2022-09-01 00:00:00	2022-11-18 10:05:21.765	\N	t	f	\N	898669746227232768	\N	\N
6135	6847	3	2022	4	\N	2022-09-14 09:06:05.505	2022-11-27 10:05:42.646	2023-01-30 18:55:00.302031	\N	f	875379613575114752	902303374345728000	\N	\N
6130	4666	1	2022	3	\N	2022-09-14 09:06:05.505	2022-12-08 10:06:15.918	2023-01-30 18:55:00.183877	\N	f	875537479799885824	906367354362200064	\N	\N
6163	7083	2	2022	2	\N	2022-09-22 09:05:40.833	2022-12-14 10:06:08.532	2023-01-30 18:55:01.187616	\N	f	878418729782931456	908591876377063424	\N	\N
6174	4227	8	2022	2	\N	2022-09-28 09:05:52.543	2022-12-21 10:06:06.473	2023-01-30 18:55:01.384872	\N	f	880304027731591168	910343689032105984	\N	\N
6167	7547	8	2022	6	\N	2022-09-26 18:47:48.769	2023-07-16 21:31:28.752479	2023-07-16 21:31:28.752479	f	f	880116937353539584	\N	\N	\N
6178	5970	2	2022	0	\N	2022-10-01 09:05:55.751	2022-10-05 09:06:09.384	2023-01-30 18:55:01.577343	\N	f	881671260802048000	883186845578768384	\N	\N
6190	1737	5	2022	0	\N	2022-10-05 09:06:09.384	2022-10-06 09:06:00.778	2023-01-30 18:55:01.718595	\N	f	883114336913141760	883356719315644416	\N	\N
6090	3271	10	2022	12	\N	2022-09-01 00:00:00	2022-10-08 12:30:10.046	2023-01-30 18:55:01.898624	f	f	\N	884451393078038528	\N	\N
6195	49	8	2022	0	\N	2022-10-08 09:06:01.273	2022-10-12 09:05:38.466	2023-01-30 18:55:01.883514	\N	f	884227788306087936	885641697047097344	\N	\N
6185	59	4	2022	0	\N	2022-10-05 09:06:09.384	2022-10-13 09:05:47.537	2023-01-30 18:55:01.665708	\N	f	883206854656983040	886101390672580608	\N	\N
6203	928	5	2022	2	\N	2022-10-12 09:05:38.466	2022-10-14 09:05:57.014	2023-01-30 18:55:01.959798	\N	f	885517767561011200	886250253630746624	\N	\N
6184	4958	6	2022	0	\N	2022-10-05 09:06:09.384	2022-10-14 09:05:57.014	2023-01-30 18:55:01.654171	\N	f	883213950744100864	885876543610634240	\N	\N
6202	5272	8	2022	0	\N	2022-10-12 09:05:38.466	2022-10-15 09:06:06.089	2023-01-30 18:55:01.9502	\N	f	885641697047097344	886718538851909632	\N	\N
6186	5010	4	2022	2	\N	2022-10-05 09:06:09.384	2022-10-15 09:06:06.089	2023-01-30 18:55:01.677069	\N	f	883193979100053504	886637215479046144	\N	\N
6209	3214	8	2022	0	\N	2022-10-15 09:06:06.089	2022-10-16 09:05:15.374	2023-01-30 18:55:02.180806	\N	f	886718538851909632	887063775168352256	\N	\N
6173	4177	1	2022	2	\N	2022-09-28 09:05:52.543	2022-10-19 09:05:43.054	2023-01-30 18:55:01.372921	\N	f	880640768157679616	888298311814287360	\N	\N
6212	6931	6	2022	0	\N	2022-10-15 09:06:06.089	2022-10-19 09:05:43.054	2023-01-30 18:55:02.208134	\N	f	886606006384533504	888272261751271424	\N	\N
6204	4195	4	2022	0	\N	2022-10-13 09:05:47.537	2022-10-19 09:05:43.054	2023-01-30 18:55:02.117087	\N	f	886101390672580608	888088255885824000	\N	\N
6206	4197	5	2022	1	\N	2022-10-14 09:05:57.014	2022-10-20 09:05:28.085	2023-01-30 18:55:02.144917	\N	f	886250253630746624	888424688198721536	\N	\N
6210	1837	8	2022	0	\N	2022-10-15 09:06:06.089	2022-10-21 09:06:14.699	2023-01-30 18:55:02.19158	\N	f	886717477835489280	889020554014097408	\N	\N
6341	7567	2	2022	0	\N	2022-12-21 10:06:06.473	2023-07-16 21:31:28.498012	2023-07-16 21:31:28.498012	\N	f	910557159954530304	\N	\N	\N
6102	1992	11	2022	8	\N	2022-09-01 00:00:00	2023-07-16 21:31:28.872794	2023-07-16 21:31:28.872794	f	f	\N	\N	\N	\N
6175	4381	1	2022	1	\N	2022-09-29 09:05:24.492	2023-07-16 21:31:28.424488	2023-07-16 21:31:28.424488	\N	f	881058625144188928	\N	\N	\N
6214	8172	1	2022	0	\N	2022-10-19 09:05:43.054	2023-07-16 21:31:28.435733	2023-07-16 21:31:28.435733	\N	f	888298311814287360	\N	\N	\N
6405	1837	3	2023	5	0	2023-07-16 21:31:28.55425	2023-08-11 15:46:51.708	2023-07-17 01:55:14.35157	f	f	\N	995754203811180544	Offseason processing July 2023	\N
6403	5985	3	2023	5	0	2023-07-16 21:31:28.550667	2023-07-27 12:35:23.169	2023-07-17 01:55:14.343761	f	f	\N	990270199402102784	Offseason processing July 2023	\N
6399	6826	3	2023	5	0	2023-07-16 21:31:28.542091	\N	2023-07-17 01:55:14.333853	f	f	\N	\N	Offseason processing July 2023	\N
6400	7839	3	2023	5	0	2023-07-16 21:31:28.544101	\N	2023-07-17 01:55:14.336781	f	f	\N	\N	Offseason processing July 2023	\N
6402	5947	3	2023	5	0	2023-07-16 21:31:28.548101	\N	2023-07-17 01:55:14.341759	f	f	\N	\N	Offseason processing July 2023	\N
6205	5086	2	2022	8	\N	2022-10-14 09:05:57.014	2022-10-22 11:29:16.874	2023-01-30 18:55:02.135967	\N	f	886314013397704704	889509736918441984	\N	\N
6188	5209	3	2022	0	\N	2022-10-05 09:06:09.384	2022-10-23 09:05:25.081	2023-01-30 18:55:01.701593	\N	f	883166338523353088	889168309017513984	\N	\N
6201	8134	3	2022	0	\N	2022-10-12 09:05:38.466	2022-10-26 05:10:54.215	2023-01-30 18:55:01.938802	\N	f	885730576177586176	890864066527207424	\N	\N
6224	650	12	2022	0	\N	2022-10-21 09:06:14.699	2022-10-26 09:05:36.136	2023-01-30 18:55:02.483169	\N	f	888855367260631040	890732765413314560	\N	\N
6230	8225	1	2022	0	\N	2022-10-23 09:05:25.081	2022-10-26 09:05:36.136	2023-01-30 18:55:02.544615	\N	f	889755564203454464	890436470811602944	\N	\N
6216	7002	8	2022	0	\N	2022-10-19 09:05:43.054	2022-10-26 09:05:36.136	2023-01-30 18:55:02.256722	\N	f	888176348768854016	890267004127420416	\N	\N
6198	1433	2	2022	0	\N	2022-10-12 09:05:38.466	2022-10-27 09:05:43.3	2023-01-30 18:55:01.905592	\N	f	885760777980825600	890926312011784192	\N	\N
6220	4958	11	2022	1	\N	2022-10-20 09:05:28.085	2022-11-02 09:05:55.395	2023-01-30 18:55:02.434059	\N	f	888647582115749888	893361375215378432	\N	\N
6231	8255	1	2022	0	\N	2022-10-23 09:05:25.081	2022-11-02 09:05:55.395	2023-01-30 18:55:02.558453	\N	f	889734821767835648	893352871603695616	\N	\N
6215	8111	6	2022	0	\N	2022-10-19 09:05:43.054	2022-11-02 09:05:55.395	2023-01-30 18:55:02.241205	\N	f	888272261751271424	893347508598861824	\N	\N
6238	4195	8	2022	1	\N	2022-10-26 09:05:36.136	2022-11-02 09:05:55.395	2023-01-30 18:55:02.643942	\N	f	890267004127420416	893344158365097984	\N	\N
6132	4602	3	2022	0	\N	2022-09-14 09:06:05.505	2022-11-02 09:05:55.395	2023-01-30 18:55:00.223833	\N	f	875527658275061760	893320202358595584	\N	\N
6404	6938	3	2023	5	0	2023-07-16 21:31:28.552248	\N	2023-07-17 01:55:14.346839	f	f	\N	\N	Offseason processing July 2023	\N
6223	6126	8	2022	1	\N	2022-10-21 09:06:14.699	2022-11-02 09:05:55.395	2023-01-30 18:55:02.471651	\N	f	889020554014097408	893288130181066752	\N	\N
6242	8134	3	2022	2	\N	2022-10-28 09:05:23.416	2022-11-05 09:05:36.806	2023-01-30 18:55:02.817358	\N	f	891175256839147520	894233737414586368	\N	\N
6191	1476	5	2022	5	\N	2022-10-05 09:06:09.384	2022-11-06 00:31:51.87	2023-01-30 18:55:01.730057	\N	f	883112787852025856	894780110564114432	\N	\N
6237	7583	1	2022	0	\N	2022-10-26 09:05:36.136	2022-11-09 10:05:51.859	2023-01-30 18:55:02.632817	\N	f	890436470811602944	895944264952172544	\N	\N
6249	7891	3	2022	4	\N	2022-11-02 09:05:55.395	2022-11-09 10:05:51.859	2023-01-30 18:55:02.893925	\N	f	893320202358595584	895905287066959872	\N	\N
6233	6996	8	2022	2	\N	2022-10-26 09:05:36.136	2022-11-09 10:05:51.859	2023-01-30 18:55:02.597189	\N	f	890756153045397504	895453234276278272	\N	\N
6200	4973	6	2022	2	\N	2022-10-12 09:05:38.466	2022-11-10 10:05:57.4	2023-01-30 18:55:01.927675	\N	f	885739085342466048	896293327237070848	\N	\N
6254	2307	2	2022	0	\N	2022-11-06 10:05:43.686	2022-11-10 10:05:57.4	2023-01-30 18:55:03.076077	\N	f	894804767283621888	896066029724282880	\N	\N
6835	9502	1	2023	1	\N	2023-08-01 05:00:46.949	\N	2023-08-31 04:07:17.902845	\N	f	\N	\N	added in rookie draft 2023 with pick 30	t
6493	7596	8	2023	7	0	2023-07-16 21:31:28.750661	\N	2023-07-17 01:55:14.572659	f	f	\N	\N	Offseason processing July 2023	\N
6790	2505	12	2023	7	21	2023-07-17 01:55:00	\N	2023-07-17 01:55:14.749045	t	f	\N	\N	Added by commissioner	\N
6100	7600	11	2022	6	\N	2022-09-01 00:00:00	2023-07-16 21:31:28.877309	2023-07-16 21:31:28.877309	f	f	\N	\N	\N	\N
6418	6768	4	2023	6	0	2023-07-16 21:31:28.583038	\N	2023-07-17 01:55:14.399753	f	f	\N	\N	Offseason processing July 2023	\N
6116	3198	12	2022	8	\N	2022-09-01 00:00:00	2023-07-17 01:55:14.752191	2023-07-17 01:55:14.752191	f	f	\N	\N	\N	\N
6425	4039	5	2023	32	0	2023-07-16 21:31:28.599628	\N	2023-07-17 01:55:14.418768	f	f	\N	\N	Offseason processing July 2023	\N
6427	5892	5	2023	29	0	2023-07-16 21:31:28.604178	\N	2023-07-17 01:55:14.422362	f	f	\N	\N	Offseason processing July 2023	\N
6429	2197	5	2023	14	0	2023-07-16 21:31:28.608153	\N	2023-07-17 01:55:14.425587	f	f	\N	\N	Offseason processing July 2023	\N
6430	4984	5	2023	9	0	2023-07-16 21:31:28.610154	\N	2023-07-17 01:55:14.428164	f	f	\N	\N	Offseason processing July 2023	\N
6446	4137	6	2023	17	0	2023-07-16 21:31:28.644532	\N	2023-07-17 01:55:14.465529	f	f	\N	\N	Offseason processing July 2023	\N
6447	8135	6	2023	15	0	2023-07-16 21:31:28.646543	\N	2023-07-17 01:55:14.467532	f	f	\N	\N	Offseason processing July 2023	\N
6448	5045	6	2023	15	0	2023-07-16 21:31:28.649222	\N	2023-07-17 01:55:14.470542	f	f	\N	\N	Offseason processing July 2023	\N
6449	3321	6	2023	13	0	2023-07-16 21:31:28.650634	\N	2023-07-17 01:55:14.472095	f	f	\N	\N	Offseason processing July 2023	\N
6450	5872	6	2023	11	0	2023-07-16 21:31:28.65271	\N	2023-07-17 01:55:14.475314	f	f	\N	\N	Offseason processing July 2023	\N
6426	4040	5	2023	2	32	2023-07-16 21:31:28.601627	\N	2023-07-17 01:55:14.420223	t	f	\N	\N	Added by commissioner	\N
6452	5001	6	2023	7	0	2023-07-16 21:31:28.65839	\N	2023-07-17 01:55:14.482369	f	f	\N	\N	Offseason processing July 2023	\N
6455	5890	6	2023	7	0	2023-07-16 21:31:28.665373	\N	2023-07-17 01:55:14.486946	f	f	\N	\N	Offseason processing July 2023	\N
6456	7569	6	2023	6	0	2023-07-16 21:31:28.667391	\N	2023-07-17 01:55:14.489109	f	f	\N	\N	Offseason processing July 2023	\N
6428	5850	5	2023	34	0	2023-07-16 21:31:00	\N	2023-07-17 01:55:14.415767	f	f	\N	\N	Offseason processing July 2023	\N
6445	5849	6	2023	0	24	2023-07-16 21:31:28.642808	\N	2023-07-17 01:55:14.464328	t	t	\N	\N	Added by commissioner	\N
6419	7670	4	2023	6	0	2023-07-16 21:31:28.58505	2023-08-11 15:49:08.723	2023-07-17 01:55:14.397677	f	f	\N	995754778493743104	Offseason processing July 2023	\N
6488	5284	8	2023	13	0	2023-07-16 21:31:28.739782	2023-08-26 01:02:43.462	2023-07-17 01:55:14.56081	f	f	\N	1000967521324818432	Offseason processing July 2023	\N
6453	6955	6	2023	7	0	2023-07-16 21:31:28.660195	2023-08-27 02:58:14.366	2023-07-17 01:55:14.477369	f	f	\N	1001358979508789248	Offseason processing July 2023	\N
6443	6790	6	2023	29	0	2023-07-16 21:31:28.638654	2023-08-27 21:54:07.209	2023-07-17 01:55:14.459399	f	f	\N	1001644833250795520	Offseason processing July 2023	\N
6487	8155	8	2023	22	0	2023-07-16 21:31:28.736771	\N	2023-07-17 01:55:14.557807	f	f	\N	\N	Offseason processing July 2023	\N
6379	3199	2	2023	31	0	2023-07-16 21:31:28.49039	2023-08-27 21:38:40.894	2023-07-17 01:55:14.267937	f	f	\N	1001640948004085760	Offseason processing July 2023	\N
6410	7553	4	2023	6	24	2023-07-16 21:31:28.565818	\N	2023-07-17 01:55:14.367794	t	f	\N	\N	Added by commissioner	\N
\.


--
-- Data for Name: team; Type: TABLE DATA; Schema: public; Owner: postgres
--

COPY public.team (id, owner_id) FROM stdin;
1	499807936168587264
2	860010058744963072
3	873775956610285568
4	741506726259523584
5	860612709442498560
6	741517785796116480
8	860373364768874496
9	860214724221087744
10	860019033666338816
11	860010803301076992
12	860011165475012608
7	987180308653015040
\.


--
-- Data for Name: trade_transaction; Type: TABLE DATA; Schema: public; Owner: postgres
--

COPY public.trade_transaction (id, transaction_id, roster_id, dropped_player_id, added_player_id, transaction_date) FROM stdin;
479	875594224609992704	4	\N	6786	2022-09-15 00:19:17.408
480	875955819286503424	3	7564	8228	2022-09-15 01:51:54.275
481	875955819286503424	3	4199	7528	2022-09-15 01:51:54.275
482	875955819286503424	3	\N	6801	2022-09-15 01:51:54.275
483	875955819286503424	4	8228	7564	2022-09-15 01:51:54.275
484	875955819286503424	4	7528	4199	2022-09-15 01:51:54.275
485	875955819286503424	4	6801	\N	2022-09-15 01:51:54.275
486	876312957599088640	6	4988	5890	2022-09-16 01:30:48.54
487	876312957599088640	6	3294	5849	2022-09-16 01:30:48.54
488	876312957599088640	8	5890	4988	2022-09-16 01:30:48.54
489	876312957599088640	8	5849	3294	2022-09-16 01:30:48.54
490	876679191284842496	6	4988	5890	2022-09-17 02:03:35.833
491	876679191284842496	6	3294	5849	2022-09-17 02:03:35.833
492	876679191284842496	8	5890	4988	2022-09-17 02:03:35.833
493	876679191284842496	8	5849	3294	2022-09-17 02:03:35.833
494	880116937353539584	8	6945	7547	2022-09-26 18:47:48.769
495	880116937353539584	8	5906	4144	2022-09-26 18:47:48.769
496	880116937353539584	7	7547	6945	2022-09-26 18:47:48.769
497	880116937353539584	7	4144	5906	2022-09-26 18:47:48.769
498	882865779169943552	2	\N	4039	2022-10-04 03:29:35.754
499	883207665801666560	3	5872	7588	2022-10-05 02:08:01.246
500	883207665801666560	3	\N	7090	2022-10-05 02:08:01.246
501	883207665801666560	6	7588	5872	2022-10-05 02:08:01.246
502	883207665801666560	6	7090	\N	2022-10-05 02:08:01.246
503	884451393078038528	10	3271	5927	2022-10-08 12:30:10.046
504	884451393078038528	4	5927	3271	2022-10-08 12:30:10.046
505	889273562530390016	6	4037	6790	2022-10-21 20:29:27.995
506	889273562530390016	6	4034	\N	2022-10-21 20:29:27.995
507	889273562530390016	2	6790	4037	2022-10-21 20:29:27.995
508	889273562530390016	2	\N	4034	2022-10-21 20:29:27.995
509	898995758894993408	7	7543	7561	2022-11-17 15:44:06.792
510	898995758894993408	4	7561	7543	2022-11-17 15:44:06.792
511	902943263529611264	10	4033	7601	2022-11-28 21:02:20.889
512	902943263529611264	10	\N	3271	2022-11-28 21:02:20.889
513	902943263529611264	4	7601	4033	2022-11-28 21:02:20.889
514	902943263529611264	4	3271	\N	2022-11-28 21:02:20.889
515	994834343354847232	3	\N	8168	2023-08-09 02:53:37.741
\.


--
-- Data for Name: transactions; Type: TABLE DATA; Schema: public; Owner: postgres
--

COPY public.transactions (id, transaction_type, roster_id, dropped_player_id, added_player_id, added_salary, transaction_date) FROM stdin;
987033322482073600	free_agent	9	167	\N	0	2023-07-18 14:13:11.573
1001727223209975808	free_agent	10	8211	\N	0	2023-08-28 03:21:30.506
1001727694964318208	free_agent	10	6012	\N	0	2023-08-28 03:23:22.981
993190340137881600	free_agent	10	4098	\N	0	2023-08-04 13:58:58.974
994793631926083585	trade	6	\N	\N	\N	2023-08-09 02:48:37.191
1000556665667641344	free_agent	12	9489	\N	0	2023-08-24 21:50:07.84
992545398394753024	free_agent	4	2747	\N	0	2023-08-02 19:16:12.88
993190184256573440	free_agent	10	6268	\N	0	2023-08-04 13:58:21.809
993189873655779328	free_agent	10	2307	\N	0	2023-08-04 13:57:07.756
1000136258921738240	free_agent	3	10863	\N	0	2023-08-23 17:59:35.061
990270199402102784	free_agent	3	5985	\N	0	2023-07-27 12:35:23.169
872677956500307968	commissioner	11	8638	\N	0	2022-09-06 00:45:47.703
872707648875917312	free_agent	6	\N	\N	0	2022-09-06 02:43:46.917
872716373808300032	free_agent	5	\N	\N	0	2022-09-06 03:18:27.103
872716399003561984	free_agent	5	\N	\N	0	2022-09-06 03:18:33.11
872716417672388608	free_agent	5	\N	\N	0	2022-09-06 03:18:37.561
872881028543516672	free_agent	10	\N	\N	0	2022-09-06 14:12:43.851
872881493809233920	free_agent	10	\N	\N	0	2022-09-06 14:14:34.779
872881513493123072	free_agent	10	\N	\N	0	2022-09-06 14:14:39.472
872881533873278976	free_agent	10	\N	\N	0	2022-09-06 14:14:44.331
873206011706695680	free_agent	11	\N	\N	0	2022-09-07 11:44:05.875
873247087083556864	commissioner	3	\N	\N	0	2022-09-07 14:27:19.008
873247146156183552	commissioner	3	\N	\N	0	2022-09-07 14:27:33.092
873247180654346240	commissioner	3	\N	\N	0	2022-09-07 14:27:41.317
873247224275103744	commissioner	3	\N	\N	0	2022-09-07 14:27:51.717
873247373848154112	commissioner	7	\N	\N	0	2022-09-07 14:28:27.378
873247405917782016	commissioner	7	\N	\N	0	2022-09-07 14:28:35.024
873247433071738880	commissioner	7	\N	\N	0	2022-09-07 14:28:41.498
873247456052305920	commissioner	7	\N	\N	0	2022-09-07 14:28:46.977
873247482317062144	commissioner	7	\N	\N	0	2022-09-07 14:28:53.239
872675285093568512	free_agent	4	\N	\N	0	2022-09-06 00:35:10.79
872675432804311040	free_agent	9	\N	\N	0	2022-09-06 00:35:46.007
872675471605821440	free_agent	9	\N	\N	0	2022-09-06 00:35:55.259
872675594062798848	free_agent	9	\N	\N	0	2022-09-06 00:36:24.454
872676287620259840	free_agent	12	\N	\N	0	2022-09-06 00:39:09.811
872676305865469952	free_agent	12	\N	\N	0	2022-09-06 00:39:14.161
872676326052638720	free_agent	12	\N	\N	0	2022-09-06 00:39:18.974
872676671541694464	free_agent	8	\N	\N	0	2022-09-06 00:40:41.345
872676708367728640	free_agent	8	\N	\N	0	2022-09-06 00:40:50.125
872676740399599616	free_agent	8	\N	\N	0	2022-09-06 00:40:57.762
872676770565046272	free_agent	8	\N	\N	0	2022-09-06 00:41:04.954
872676812688445440	free_agent	8	\N	\N	0	2022-09-06 00:41:14.997
872676840681246720	free_agent	8	\N	\N	0	2022-09-06 00:41:21.671
872677549120094208	free_agent	1	6970	\N	0	2022-09-06 00:44:10.576
872677579117785088	free_agent	1	8624	\N	0	2022-09-06 00:44:17.728
872677624105865216	free_agent	1	8539	\N	0	2022-09-06 00:44:28.454
872677863713927168	commissioner	11	8621	\N	0	2022-09-06 00:45:25.581
872677907401715712	commissioner	11	8436	\N	0	2022-09-06 00:45:35.997
873339808729251840	free_agent	6	4892	\N	0	2022-09-07 20:35:45.571
875627093252284416	waiver	6	6951	3161	6	2022-09-14 09:06:05.505
875580752425807872	waiver	1	5857	6824	6	2022-09-14 09:06:05.505
875537479799885824	waiver	1	650	4666	3	2022-09-14 09:06:05.505
875536744668426240	waiver	1	3214	4381	15	2022-09-14 09:06:05.505
875527658275061760	waiver	3	367	4602	0	2022-09-14 09:06:05.505
875417089022844928	waiver	2	7527	2307	1	2022-09-14 09:06:05.505
875416300288176128	waiver	2	7568	5284	17	2022-09-14 09:06:05.505
875379613575114752	waiver	3	2378	6847	4	2022-09-14 09:06:05.505
875373971149897728	waiver	5	4993	4089	1	2022-09-14 09:06:05.505
875193377745268736	waiver	4	6814	8228	5	2022-09-14 09:06:05.505
875594224609992704	trade	4	\N	\N	\N	2022-09-15 00:19:17.408
875955819286503424	trade	4	\N	\N	\N	2022-09-15 01:51:54.275
875956323777462272	free_agent	3	1476	\N	0	2022-09-15 01:52:51.371
875974674335563776	waiver	3	2391	4036	0	2022-09-15 09:05:26.073
875954214390681600	waiver	9	2431	1387	3	2022-09-15 09:05:26.073
875935432871915520	waiver	1	\N	8171	0	2022-09-15 09:05:26.073
875844568866783232	waiver	8	4227	4195	0	2022-09-15 09:05:26.073
875768947335634944	waiver	9	5052	5857	1	2022-09-15 09:05:26.073
875733682663624704	waiver	3	1386	7045	0	2022-09-15 09:05:26.073
876312957599088640	trade	8	\N	\N	\N	2022-09-16 01:30:48.54
876338139088826368	commissioner	8	5890	\N	0	2022-09-16 03:10:03.235
876338260576903168	commissioner	8	4988	\N	0	2022-09-16 03:10:32.2
876319100610383872	waiver	6	4973	2251	0	2022-09-16 09:05:32.438
876679191284842496	trade	8	\N	\N	\N	2022-09-17 02:03:35.833
876613752911540224	waiver	8	8142	5880	0	2022-09-17 09:05:21.211
876499316573913088	waiver	3	4036	7602	0	2022-09-17 09:05:21.211
876921875559788544	waiver	4	\N	4080	0	2022-09-18 09:06:01.628
878455307121352704	waiver	3	7602	8408	1	2022-09-22 09:05:40.833
878418729782931456	waiver	2	2307	7083	2	2022-09-22 09:05:40.833
878286481742053376	waiver	8	5880	8142	0	2022-09-22 09:05:40.833
878884939683475456	waiver	2	3242	5549	0	2022-09-23 09:05:50.629
878649679767027712	waiver	2	6826	4066	0	2022-09-23 09:05:50.629
880116937353539584	trade	8	\N	\N	\N	2022-09-26 18:47:48.769
880659381405184000	waiver	6	2251	8225	0	2022-09-28 09:05:52.543
880641141790564352	waiver	1	8171	5133	2	2022-09-28 09:05:52.543
880640768157679616	waiver	1	4381	4177	2	2022-09-28 09:05:52.543
880304027731591168	waiver	8	4144	4227	2	2022-09-28 09:05:52.543
881058625144188928	waiver	1	6845	4381	1	2022-09-29 09:05:24.492
880817727592546304	waiver	5	830	2161	1	2022-09-29 09:05:24.492
881427150648238080	waiver	1	6824	4197	0	2022-09-30 09:05:49.301
881671260802048000	waiver	2	5549	5970	0	2022-10-01 09:05:55.751
881548198144270336	waiver	1	4197	6824	1	2022-10-01 09:05:55.751
882865779169943552	trade	5	\N	\N	\N	2022-10-04 03:29:35.754
882907717336051712	commissioner	5	4039	\N	0	2022-10-04 06:15:12.746
883195489078824960	commissioner	5	1535	\N	0	2022-10-05 01:18:42.876
883202747573600256	commissioner	5	\N	\N	0	2022-10-05 01:47:33.436
883203662825213952	free_agent	5	5248	\N	0	2022-10-05 01:51:11.649
883207665801666560	trade	6	\N	\N	\N	2022-10-05 02:08:01.246
883213950744100864	waiver	6	3161	4958	0	2022-10-05 09:06:09.384
883206854656983040	waiver	4	1433	59	0	2022-10-05 09:06:09.384
883193979100053504	waiver	4	4080	5010	2	2022-10-05 09:06:09.384
883186845578768384	waiver	2	5970	7741	3	2022-10-05 09:06:09.384
883166338523353088	waiver	3	1067	5209	0	2022-10-05 09:06:09.384
883115634442207232	waiver	6	\N	8160	4	2022-10-05 09:06:09.384
883114336913141760	waiver	5	2306	1737	0	2022-10-05 09:06:09.384
883112787852025856	waiver	5	5122	1476	5	2022-10-05 09:06:09.384
883500344024526848	waiver	9	17	3678	0	2022-10-06 09:06:00.778
883356719315644416	waiver	5	1737	1373	0	2022-10-06 09:06:00.778
883354046621396992	waiver	5	\N	5248	0	2022-10-07 09:05:30.579
884227788306087936	waiver	8	4195	49	0	2022-10-08 09:06:01.273
884451393078038528	trade	10	\N	\N	\N	2022-10-08 12:30:10.046
885760777980825600	waiver	2	8258	1433	0	2022-10-12 09:05:38.466
885753796352049152	waiver	12	5086	6951	11	2022-10-12 09:05:38.466
885739085342466048	waiver	6	8225	4973	2	2022-10-12 09:05:38.466
885730576177586176	waiver	3	8408	8134	0	2022-10-12 09:05:38.466
885641697047097344	waiver	8	49	5272	0	2022-10-12 09:05:38.466
885517767561011200	waiver	5	8135	928	2	2022-10-12 09:05:38.466
886101390672580608	waiver	4	59	4195	0	2022-10-13 09:05:47.537
886314013397704704	waiver	2	4951	5086	8	2022-10-14 09:05:57.014
886250253630746624	waiver	5	928	4197	1	2022-10-14 09:05:57.014
885876543610634240	waiver	6	4958	8135	14	2022-10-14 09:05:57.014
886739045731229696	waiver	7	5230	503	0	2022-10-15 09:06:06.089
886718538851909632	waiver	8	5272	3214	0	2022-10-15 09:06:06.089
886717477835489280	waiver	8	\N	1837	0	2022-10-15 09:06:06.089
886637215479046144	waiver	4	5010	2747	0	2022-10-15 09:06:06.089
886606006384533504	waiver	6	\N	6931	0	2022-10-15 09:06:06.089
887063775168352256	waiver	8	3214	7551	2	2022-10-16 09:05:15.374
888298311814287360	waiver	1	4177	8172	0	2022-10-19 09:05:43.054
888272261751271424	waiver	6	6931	8111	0	2022-10-19 09:05:43.054
888176348768854016	waiver	8	6126	7002	0	2022-10-19 09:05:43.054
888153491636637696	waiver	3	3664	3242	2	2022-10-19 09:05:43.054
888088255885824000	waiver	4	4195	8150	2	2022-10-19 09:05:43.054
887754683496923136	waiver	9	8118	8188	3	2022-10-19 09:05:43.054
888647582115749888	waiver	11	1348	4958	1	2022-10-20 09:05:28.085
888424688198721536	waiver	5	4197	1266	0	2022-10-20 09:05:28.085
889032975034433536	waiver	2	5284	4111	11	2022-10-21 09:06:14.699
889020554014097408	waiver	8	1837	6126	1	2022-10-21 09:06:14.699
888855367260631040	waiver	12	6938	650	0	2022-10-21 09:06:14.699
888798395073130496	waiver	3	7045	2078	0	2022-10-21 09:06:14.699
889273562530390016	trade	6	\N	\N	\N	2022-10-21 20:29:27.995
889287510965174272	waiver	6	\N	5995	0	2022-10-22 09:05:17.975
889509736918441984	free_agent	2	5086	\N	0	2022-10-22 11:29:16.874
889755564203454464	waiver	1	5347	8225	0	2022-10-23 09:05:25.081
889734821767835648	waiver	1	5133	8255	0	2022-10-23 09:05:25.081
889168309017513984	waiver	3	5209	6938	0	2022-10-23 09:05:25.081
890754115427426304	free_agent	8	4985	\N	0	2022-10-25 21:53:59.83
890864066527207424	free_agent	3	8134	\N	0	2022-10-26 05:10:54.215
890756153045397504	waiver	8	\N	6996	2	2022-10-26 09:05:36.136
890732765413314560	waiver	12	650	5347	17	2022-10-26 09:05:36.136
890659519695343616	waiver	9	5110	5086	4	2022-10-26 09:05:36.136
890436941936881664	waiver	1	8131	5880	0	2022-10-26 09:05:36.136
890436470811602944	waiver	1	8225	7583	0	2022-10-26 09:05:36.136
890267004127420416	waiver	8	7002	4195	1	2022-10-26 09:05:36.136
890926312011784192	waiver	2	1433	5119	0	2022-10-27 09:05:43.3
891510730837655552	waiver	7	8117	7757	0	2022-10-28 09:05:23.416
891510431859437568	waiver	7	6843	4993	0	2022-10-28 09:05:23.416
891175256839147520	waiver	3	\N	8134	2	2022-10-28 09:05:23.416
893381544994258944	waiver	10	956	6012	0	2022-11-02 09:05:55.395
893362832832446464	waiver	11	8153	8131	5	2022-11-02 09:05:55.395
893361375215378432	waiver	11	4958	650	2	2022-11-02 09:05:55.395
893352871603695616	waiver	1	8255	3286	0	2022-11-02 09:05:55.395
893347508598861824	waiver	6	8111	5536	2	2022-11-02 09:05:55.395
893344158365097984	waiver	8	4195	5284	12	2022-11-02 09:05:55.395
893320202358595584	waiver	3	4602	7891	4	2022-11-02 09:05:55.395
893288130181066752	waiver	8	6126	5133	4	2022-11-02 09:05:55.395
893462705015586816	waiver	10	1049	8195	0	2022-11-03 09:06:03.959
894233737414586368	waiver	3	8134	4602	0	2022-11-05 09:05:36.806
894780110564114432	free_agent	5	1476	\N	0	2022-11-06 00:31:51.87
894872111557087232	waiver	12	5000	8111	0	2022-11-06 10:05:43.686
894804767283621888	waiver	2	\N	2307	0	2022-11-06 10:05:43.686
894656395524366336	waiver	6	8161	6849	0	2022-11-06 10:05:43.686
895944264952172544	waiver	1	7583	8255	3	2022-11-09 10:05:51.859
895918625247178752	waiver	6	6849	8161	0	2022-11-09 10:05:51.859
895905287066959872	waiver	3	7891	6826	4	2022-11-09 10:05:51.859
895877857375612928	waiver	2	5119	49	0	2022-11-09 10:05:51.859
895743406280908800	waiver	6	7839	4195	0	2022-11-09 10:05:51.859
895541952144662528	waiver	11	6694	4958	2	2022-11-09 10:05:51.859
895476143145496576	waiver	5	\N	1737	3	2022-11-09 10:05:51.859
895453234276278272	waiver	8	6996	7565	4	2022-11-09 10:05:51.859
896294316807487488	waiver	6	8161	8134	0	2022-11-10 10:05:57.4
896293327237070848	waiver	6	4973	8153	1	2022-11-10 10:05:57.4
896289557946060800	waiver	10	1945	6268	1	2022-11-10 10:05:57.4
896185718324572160	waiver	9	1387	5000	0	2022-11-10 10:05:57.4
896066029724282880	waiver	2	2307	1837	3	2022-11-10 10:05:57.4
896563619406618624	waiver	10	\N	4197	0	2022-11-11 10:05:38.437
897007006446329856	waiver	6	8134	6694	0	2022-11-12 10:05:44.964
896866113022136320	waiver	12	8111	5985	3	2022-11-12 10:05:44.964
897296127190253568	free_agent	1	96	\N	0	2022-11-12 23:09:36.979
897376581348114432	free_agent	6	5995	\N	0	2022-11-13 04:29:18.745
897340817289707520	waiver	1	\N	6290	0	2022-11-13 10:05:52.66
898480898008330240	waiver	1	6290	6149	0	2022-11-16 10:05:43.671
898406865481076736	waiver	11	\N	1476	2	2022-11-16 10:05:43.671
898376389231976448	waiver	4	2747	1433	1	2022-11-16 10:05:43.671
898320615893893120	waiver	3	4602	7839	2	2022-11-16 10:05:43.671
898311549792456704	waiver	12	6886	4973	4	2022-11-16 10:05:43.671
897990298620334080	waiver	8	8168	6853	5	2022-11-16 10:05:43.671
897894374166700032	waiver	8	5133	7002	4	2022-11-16 10:05:43.671
898675329521229824	waiver	8	7551	3214	0	2022-11-17 10:06:15.435
898608769678868480	waiver	5	6083	2750	4	2022-11-17 10:06:15.435
898565955016527872	waiver	10	3976	2307	0	2022-11-17 10:06:15.435
898995758894993408	trade	7	\N	\N	\N	2022-11-17 15:44:06.792
898669746227232768	waiver	12	6820	6886	5	2022-11-18 10:05:21.765
899327355938631680	waiver	5	2161	7066	1	2022-11-19 10:05:28.808
899942237788766208	waiver	12	6951	6820	5	2022-11-20 10:05:37.569
899837251595436032	waiver	5	7066	5133	2	2022-11-20 10:05:37.569
900996092752281600	waiver	2	1825	7551	0	2022-11-23 10:06:07.137
900966668342423552	waiver	12	6820	8168	7	2022-11-23 10:06:07.137
900965571397660672	waiver	12	5985	8118	5	2022-11-23 10:06:07.137
900868350316777472	waiver	9	5000	4152	1	2022-11-23 10:06:07.137
900867393969201152	waiver	3	1234	96	3	2022-11-23 10:06:07.137
900859334232309760	waiver	8	7538	5119	1	2022-11-23 10:06:07.137
900167402296840192	waiver	4	1433	2747	1	2022-11-23 10:06:07.137
901120965537370112	waiver	5	7567	4177	3	2022-11-24 10:06:16.649
901120662905769984	waiver	5	2750	4080	3	2022-11-24 10:06:16.649
901607393430360064	waiver	1	8255	7335	0	2022-11-25 10:05:26.711
901135464881516544	waiver	3	391	1234	8	2022-11-25 10:05:26.711
902442791874170880	waiver	2	7741	2161	0	2022-11-27 10:05:42.646
902303374345728000	waiver	3	6847	5985	0	2022-11-27 10:05:42.646
902943263529611264	trade	10	\N	\N	\N	2022-11-28 21:02:20.889
903379296490500096	free_agent	10	8195	\N	0	2022-11-29 18:01:57.56
903510102097756160	waiver	3	3242	6996	5	2022-11-30 10:06:11.053
903509919142178816	waiver	3	2078	8122	6	2022-11-30 10:06:11.053
903464404748865536	waiver	11	650	5854	1	2022-11-30 10:06:11.053
903464304580583424	waiver	11	8131	8123	1	2022-11-30 10:06:11.053
903387558967558144	waiver	3	96	5089	1	2022-11-30 10:06:11.053
903164340457562112	waiver	2	2161	8408	2	2022-11-30 10:06:11.053
904206709713829888	waiver	8	7002	8131	2	2022-12-02 10:05:26.845
903650936067620864	waiver	5	4177	2078	4	2022-12-02 10:05:26.845
904463522728304640	waiver	4	\N	6850	2	2022-12-03 10:05:35.433
904960347633582080	waiver	8	7565	5209	4	2022-12-04 10:05:45.119
906040863011028992	waiver	2	1837	8183	0	2022-12-07 10:06:07.514
906017482563887104	waiver	8	8131	8210	2	2022-12-07 10:06:07.514
905958368550776832	waiver	10	2320	1049	4	2022-12-07 10:06:07.514
905211715875282944	waiver	9	8188	4951	5	2022-12-07 10:06:07.514
903650725987749888	waiver	5	5133	650	3	2022-12-07 10:06:07.514
906388236199411712	free_agent	10	5955	\N	0	2022-12-08 01:18:24.69
906367354362200064	waiver	1	4666	8259	0	2022-12-08 10:06:15.918
906366910382600192	waiver	1	7335	7527	0	2022-12-08 10:06:15.918
906183850470875136	waiver	5	1339	4036	3	2022-12-08 10:06:15.918
906182458947796992	waiver	5	1737	8111	0	2022-12-08 10:06:15.918
906698630571028480	waiver	4	6850	5133	0	2022-12-09 10:05:25.831
906639691254939648	waiver	9	4152	3242	1	2022-12-09 10:05:25.831
907500915358175232	waiver	9	3242	2161	0	2022-12-11 10:05:39.76
908601384717557760	waiver	6	5536	6820	4	2022-12-14 10:06:08.532
908600074458865664	waiver	6	4195	8225	4	2022-12-14 10:06:08.532
908591876377063424	waiver	2	7083	4666	2	2022-12-14 10:06:08.532
908591594268184576	waiver	2	7551	8116	1	2022-12-14 10:06:08.532
908578403127554048	waiver	12	5347	7002	4	2022-12-14 10:06:08.532
908578081277861888	waiver	12	8118	5230	4	2022-12-14 10:06:08.532
908484974725079040	waiver	8	5209	1387	5	2022-12-14 10:06:08.532
908880801884704768	waiver	9	3678	1433	0	2022-12-15 10:06:17.727
908735630081916928	waiver	2	8116	96	0	2022-12-15 10:06:17.727
909257133504532480	waiver	4	8150	4195	0	2022-12-16 10:05:25.116
909137659149053952	waiver	6	\N	8188	0	2022-12-16 10:05:25.116
909474782322843648	waiver	6	8188	8150	2	2022-12-18 10:05:38.811
911012057888145408	free_agent	12	4973	\N	0	2022-12-20 19:31:49.687
910664153323409408	waiver	8	3214	7565	3	2022-12-21 10:06:06.473
910560054263463936	waiver	2	4666	8143	0	2022-12-21 10:06:06.473
910557159954530304	waiver	2	49	7567	0	2022-12-21 10:06:06.473
910344596843134976	waiver	8	1387	4985	4	2022-12-21 10:06:06.473
910343806560907264	waiver	8	5119	7538	4	2022-12-21 10:06:06.473
910343689032105984	waiver	8	4227	7066	4	2022-12-21 10:06:06.473
911774805958078464	waiver	10	\N	6011	0	2022-12-23 10:06:17.755
913671634480021504	waiver	5	4036	4973	0	2022-12-28 10:05:55.087
913669288404463616	waiver	5	8111	4227	0	2022-12-28 10:05:55.087
913877531198242816	waiver	3	5089	1837	0	2022-12-29 10:06:00.884
913848061766639616	waiver	8	7538	8161	0	2022-12-29 10:06:00.884
994834343354847232	trade	12	\N	\N	\N	2023-08-09 02:53:37.741
995752880298553344	free_agent	12	7002	\N	0	2023-08-11 15:41:36.158
995752932261785600	free_agent	12	5230	\N	0	2023-08-11 15:41:48.547
995754203811180544	free_agent	3	1837	\N	0	2023-08-11 15:46:51.708
995754745316798464	free_agent	4	5185	\N	0	2023-08-11 15:49:00.813
995754778493743104	free_agent	4	7670	\N	0	2023-08-11 15:49:08.723
995754806100652032	free_agent	4	5133	\N	0	2023-08-11 15:49:15.305
995769412839829504	free_agent	5	650	\N	0	2023-08-11 16:47:17.823
995770425005076480	free_agent	4	4195	\N	0	2023-08-11 16:51:19.142
995814283692773376	free_agent	9	1433	\N	0	2023-08-11 19:45:35.868
995814511732887552	free_agent	9	5857	\N	0	2023-08-11 19:46:30.237
995825766115872768	free_agent	10	3423	\N	0	2023-08-11 20:31:13.491
995833442434617344	free_agent	12	6130	\N	0	2023-08-11 21:01:43.668
995848828165165056	free_agent	7	3451	\N	0	2023-08-11 22:02:51.912
995848941839192064	free_agent	7	24	\N	0	2023-08-11 22:03:19.014
995850031825555456	free_agent	7	7757	\N	0	2023-08-11 22:07:38.887
995850344196345856	free_agent	7	503	\N	0	2023-08-11 22:08:53.362
996273470533140480	free_agent	12	6886	\N	0	2023-08-13 02:10:14.542
996487566494924800	free_agent	7	7561	\N	0	2023-08-13 16:20:58.997
996603589906792448	free_agent	1	8259	\N	0	2023-08-14 00:02:01.134
996996714001100800	free_agent	3	6996	\N	0	2023-08-15 02:04:09.222
997287679471419392	free_agent	3	8122	\N	0	2023-08-15 21:20:20.796
997994768632168448	free_agent	8	7565	\N	0	2023-08-17 20:10:03.989
999121432468660224	free_agent	4	8126	\N	0	2023-08-20 22:47:01.58
999172269630955520	free_agent	9	3969	\N	0	2023-08-21 02:09:02.104
999870146002857984	free_agent	8	8161	\N	0	2023-08-23 00:22:08.797
999870212075728896	free_agent	8	7607	\N	0	2023-08-23 00:22:24.55
999902209120710656	free_agent	7	2749	\N	0	2023-08-23 02:29:33.24
1000132559646273536	free_agent	1	5916	\N	0	2023-08-23 17:44:53.085
1000136053891575808	free_agent	3	2309	\N	0	2023-08-23 17:58:46.178
1000556135134322688	free_agent	12	7042	\N	0	2023-08-24 21:48:01.351
1000636720708116480	free_agent	1	7527	\N	0	2023-08-25 03:08:14.449
1000967521324818432	free_agent	8	5284	\N	0	2023-08-26 01:02:43.462
1000967843971653632	free_agent	8	8142	\N	0	2023-08-26 01:04:00.387
1001153399053672448	free_agent	3	7594	\N	0	2023-08-26 13:21:20.166
1001161794510970880	free_agent	7	4993	\N	0	2023-08-26 13:54:41.799
1001163576544911360	free_agent	7	1352	\N	0	2023-08-26 14:01:46.669
1001251089049509888	free_agent	11	5854	\N	0	2023-08-26 19:49:31.276
1001251244616245248	free_agent	11	4958	\N	0	2023-08-26 19:50:08.366
1001251298764709888	free_agent	11	1689	\N	0	2023-08-26 19:50:21.276
1001251375780519936	free_agent	11	8123	\N	0	2023-08-26 19:50:39.638
1001251433754189824	free_agent	11	947	\N	0	2023-08-26 19:50:53.46
1001251617452122112	free_agent	11	1992	\N	0	2023-08-26 19:51:37.257
1001291423196438528	free_agent	11	1476	\N	0	2023-08-26 22:29:47.686
1001358913884708864	free_agent	6	8153	\N	0	2023-08-27 02:57:58.72
1001358979508789248	free_agent	6	6955	\N	0	2023-08-27 02:58:14.366
1001359009397399552	free_agent	6	8150	\N	0	2023-08-27 02:58:21.492
1001359076627898368	free_agent	6	6694	\N	0	2023-08-27 02:58:37.521
1001359202368937984	free_agent	6	8225	\N	0	2023-08-27 02:59:07.5
1001359455709093888	free_agent	6	5038	\N	0	2023-08-27 03:00:07.901
1001361580166012928	free_agent	4	6151	\N	0	2023-08-27 03:08:34.411
1001362028054765568	free_agent	4	4033	\N	0	2023-08-27 03:10:21.196
1001363088374816768	free_agent	5	1535	\N	0	2023-08-27 03:14:33.996
1001582900359258112	free_agent	8	6853	\N	0	2023-08-27 17:48:01.257
1001582923142717440	free_agent	8	7066	\N	0	2023-08-27 17:48:06.689
1001639500948234240	free_agent	2	8159	\N	0	2023-08-27 21:32:55.889
1001639582531641344	free_agent	2	8143	\N	0	2023-08-27 21:33:15.34
1001639624319492096	free_agent	2	8408	\N	0	2023-08-27 21:33:25.303
1001639973067481088	free_agent	2	6943	\N	0	2023-08-27 21:34:48.451
1001640082136162304	free_agent	2	7567	\N	0	2023-08-27 21:35:14.455
1001640159521071104	free_agent	2	4111	\N	0	2023-08-27 21:35:32.905
1001640685470015488	free_agent	12	8148	\N	0	2023-08-27 21:37:38.301
1001640948004085760	free_agent	2	3199	\N	0	2023-08-27 21:38:40.894
1001644765365985280	free_agent	6	6820	\N	0	2023-08-27 21:53:51.024
1001644833250795520	free_agent	6	6790	\N	0	2023-08-27 21:54:07.209
1001662319648104448	free_agent	5	4973	\N	0	2023-08-27 23:03:36.291
1001706783699689472	free_agent	1	3286	\N	0	2023-08-28 02:00:17.347
1001727166788198400	free_agent	10	6011	\N	0	2023-08-28 03:21:17.054
\.


--
-- Data for Name: users; Type: TABLE DATA; Schema: public; Owner: postgres
--

COPY public.users (id, username, name, email, date_added, profile_pic, password_hash) FROM stdin;
1	jhouser	Joe Houser	josephghouser@gmail.com	2023-01-06 19:59:13.776617	\N	sha256$JeHFLOkXRhQ5jpXI$b5c63f5be1a9b9ad45f4316259001dc9961b1246e6edb4b214dd1674b4729616
\.


--
-- Name: cap_hold_id_seq; Type: SEQUENCE SET; Schema: public; Owner: postgres
--

SELECT pg_catalog.setval('public.cap_hold_id_seq', 1600, true);


--
-- Name: comments_id_seq; Type: SEQUENCE SET; Schema: public; Owner: postgres
--

SELECT pg_catalog.setval('public.comments_id_seq', 1, false);


--
-- Name: data_update_log_id_seq; Type: SEQUENCE SET; Schema: public; Owner: postgres
--

SELECT pg_catalog.setval('public.data_update_log_id_seq', 1, false);


--
-- Name: error_log_id_seq; Type: SEQUENCE SET; Schema: public; Owner: postgres
--

SELECT pg_catalog.setval('public.error_log_id_seq', 1, false);


--
-- Name: player_id_seq; Type: SEQUENCE SET; Schema: public; Owner: postgres
--

SELECT pg_catalog.setval('public.player_id_seq', 1, false);


--
-- Name: posts_id_seq; Type: SEQUENCE SET; Schema: public; Owner: postgres
--

SELECT pg_catalog.setval('public.posts_id_seq', 1, false);


--
-- Name: roster_player_id_seq; Type: SEQUENCE SET; Schema: public; Owner: postgres
--

SELECT pg_catalog.setval('public.roster_player_id_seq', 6858, true);


--
-- Name: team_id_seq; Type: SEQUENCE SET; Schema: public; Owner: postgres
--

SELECT pg_catalog.setval('public.team_id_seq', 1, false);


--
-- Name: trade_transaction_id_seq; Type: SEQUENCE SET; Schema: public; Owner: postgres
--

SELECT pg_catalog.setval('public.trade_transaction_id_seq', 515, true);


--
-- Name: transactions_id_seq; Type: SEQUENCE SET; Schema: public; Owner: postgres
--

SELECT pg_catalog.setval('public.transactions_id_seq', 1, false);


--
-- Name: users_id_seq; Type: SEQUENCE SET; Schema: public; Owner: postgres
--

SELECT pg_catalog.setval('public.users_id_seq', 1, true);


--
-- Name: alembic_version alembic_version_pkc; Type: CONSTRAINT; Schema: public; Owner: postgres
--

ALTER TABLE ONLY public.alembic_version
    ADD CONSTRAINT alembic_version_pkc PRIMARY KEY (version_num);


--
-- Name: cap_hold pk_cap_hold; Type: CONSTRAINT; Schema: public; Owner: postgres
--

ALTER TABLE ONLY public.cap_hold
    ADD CONSTRAINT pk_cap_hold PRIMARY KEY (id);


--
-- Name: comments pk_comments; Type: CONSTRAINT; Schema: public; Owner: postgres
--

ALTER TABLE ONLY public.comments
    ADD CONSTRAINT pk_comments PRIMARY KEY (id);


--
-- Name: data_update_log pk_data_update_log; Type: CONSTRAINT; Schema: public; Owner: postgres
--

ALTER TABLE ONLY public.data_update_log
    ADD CONSTRAINT pk_data_update_log PRIMARY KEY (id);


--
-- Name: error_log pk_error_log; Type: CONSTRAINT; Schema: public; Owner: postgres
--

ALTER TABLE ONLY public.error_log
    ADD CONSTRAINT pk_error_log PRIMARY KEY (id);


--
-- Name: owners pk_owners; Type: CONSTRAINT; Schema: public; Owner: postgres
--

ALTER TABLE ONLY public.owners
    ADD CONSTRAINT pk_owners PRIMARY KEY (id);


--
-- Name: player pk_player; Type: CONSTRAINT; Schema: public; Owner: postgres
--

ALTER TABLE ONLY public.player
    ADD CONSTRAINT pk_player PRIMARY KEY (id);


--
-- Name: posts pk_posts; Type: CONSTRAINT; Schema: public; Owner: postgres
--

ALTER TABLE ONLY public.posts
    ADD CONSTRAINT pk_posts PRIMARY KEY (id);


--
-- Name: roster_player pk_roster_player; Type: CONSTRAINT; Schema: public; Owner: postgres
--

ALTER TABLE ONLY public.roster_player
    ADD CONSTRAINT pk_roster_player PRIMARY KEY (id);


--
-- Name: team pk_team; Type: CONSTRAINT; Schema: public; Owner: postgres
--

ALTER TABLE ONLY public.team
    ADD CONSTRAINT pk_team PRIMARY KEY (id);


--
-- Name: trade_transaction pk_trade_transaction; Type: CONSTRAINT; Schema: public; Owner: postgres
--

ALTER TABLE ONLY public.trade_transaction
    ADD CONSTRAINT pk_trade_transaction PRIMARY KEY (id);


--
-- Name: transactions pk_transactions; Type: CONSTRAINT; Schema: public; Owner: postgres
--

ALTER TABLE ONLY public.transactions
    ADD CONSTRAINT pk_transactions PRIMARY KEY (id);


--
-- Name: users pk_users; Type: CONSTRAINT; Schema: public; Owner: postgres
--

ALTER TABLE ONLY public.users
    ADD CONSTRAINT pk_users PRIMARY KEY (id);


--
-- Name: users uq_users_email; Type: CONSTRAINT; Schema: public; Owner: postgres
--

ALTER TABLE ONLY public.users
    ADD CONSTRAINT uq_users_email UNIQUE (email);


--
-- Name: users uq_users_username; Type: CONSTRAINT; Schema: public; Owner: postgres
--

ALTER TABLE ONLY public.users
    ADD CONSTRAINT uq_users_username UNIQUE (username);


--
-- Name: cap_hold fk_cap_hold_associated_transaction_id_transactions; Type: FK CONSTRAINT; Schema: public; Owner: postgres
--

ALTER TABLE ONLY public.cap_hold
    ADD CONSTRAINT fk_cap_hold_associated_transaction_id_transactions FOREIGN KEY (associated_transaction_id) REFERENCES public.transactions(id);


--
-- Name: cap_hold fk_cap_hold_player_id_player; Type: FK CONSTRAINT; Schema: public; Owner: postgres
--

ALTER TABLE ONLY public.cap_hold
    ADD CONSTRAINT fk_cap_hold_player_id_player FOREIGN KEY (player_id) REFERENCES public.player(id);


--
-- Name: cap_hold fk_cap_hold_team_id_team; Type: FK CONSTRAINT; Schema: public; Owner: postgres
--

ALTER TABLE ONLY public.cap_hold
    ADD CONSTRAINT fk_cap_hold_team_id_team FOREIGN KEY (team_id) REFERENCES public.team(id);


--
-- Name: owners fk_owners_user_id_users; Type: FK CONSTRAINT; Schema: public; Owner: postgres
--

ALTER TABLE ONLY public.owners
    ADD CONSTRAINT fk_owners_user_id_users FOREIGN KEY (user_id) REFERENCES public.users(id);


--
-- Name: posts fk_posts_poster_id_users; Type: FK CONSTRAINT; Schema: public; Owner: postgres
--

ALTER TABLE ONLY public.posts
    ADD CONSTRAINT fk_posts_poster_id_users FOREIGN KEY (poster_id) REFERENCES public.users(id);


--
-- Name: roster_player fk_roster_player_close_transaction_id_transactions; Type: FK CONSTRAINT; Schema: public; Owner: postgres
--

ALTER TABLE ONLY public.roster_player
    ADD CONSTRAINT fk_roster_player_close_transaction_id_transactions FOREIGN KEY (close_transaction_id) REFERENCES public.transactions(id);


--
-- Name: roster_player fk_roster_player_open_transaction_id_transactions; Type: FK CONSTRAINT; Schema: public; Owner: postgres
--

ALTER TABLE ONLY public.roster_player
    ADD CONSTRAINT fk_roster_player_open_transaction_id_transactions FOREIGN KEY (open_transaction_id) REFERENCES public.transactions(id);


--
-- Name: roster_player fk_roster_player_player_id_player; Type: FK CONSTRAINT; Schema: public; Owner: postgres
--

ALTER TABLE ONLY public.roster_player
    ADD CONSTRAINT fk_roster_player_player_id_player FOREIGN KEY (player_id) REFERENCES public.player(id);


--
-- Name: roster_player fk_roster_player_team_id_team; Type: FK CONSTRAINT; Schema: public; Owner: postgres
--

ALTER TABLE ONLY public.roster_player
    ADD CONSTRAINT fk_roster_player_team_id_team FOREIGN KEY (team_id) REFERENCES public.team(id);


--
-- Name: team fk_team_owner_id_owners; Type: FK CONSTRAINT; Schema: public; Owner: postgres
--

ALTER TABLE ONLY public.team
    ADD CONSTRAINT fk_team_owner_id_owners FOREIGN KEY (owner_id) REFERENCES public.owners(id);


--
-- Name: trade_transaction fk_trade_transaction_transaction_id_transactions; Type: FK CONSTRAINT; Schema: public; Owner: postgres
--

ALTER TABLE ONLY public.trade_transaction
    ADD CONSTRAINT fk_trade_transaction_transaction_id_transactions FOREIGN KEY (transaction_id) REFERENCES public.transactions(id);


--
-- PostgreSQL database dump complete
--

